repeat,frame,read_ms,wall_ms,detection_ms,segmentation_ms,tracking_ms,anomaly_ms,decision_ms,visualization_ms,total_ms,zero_shot_ms,signal_ms,detections,tracks,anomalies,action,traffic_signal,road_mask_coverage,road_status,source_frame,torch_threads
0,0,1.4039240004422027,79.03213900044648,10.62,35.07,0.47,27.8,0.14,3.17,77.36,0.0,0.01,3,3,0,cruise,Unknown,0.1786064704322461,observed,20,2
0,1,1.31583500024135,82.31235800030845,9.75,36.04,0.5,30.33,0.13,3.95,80.87,0.0,0.06,3,3,0,cruise,Unknown,0.2751011005038451,observed,21,2
0,2,1.4614089996030089,83.19367300009617,10.64,36.3,0.55,30.16,0.16,3.68,81.6,0.0,0.01,3,3,0,cruise,Unknown,0.27858160965261203,observed,22,2
0,3,1.6318299994964036,85.7427529999768,10.61,37.7,0.51,31.17,0.15,3.76,83.98,0.0,0.01,3,3,1,slow_down,Unknown,0.33457968708565367,observed,23,2
0,4,1.663650999944366,82.03287500055012,10.52,34.45,0.54,30.69,0.16,3.76,80.23,0.0,0.01,3,3,1,slow_down,Unknown,0.3338305489260143,observed,24,2
0,5,1.3051119994997862,82.15555399965524,10.53,35.36,0.65,30.1,0.15,3.77,80.67,0.0,0.01,4,3,2,slow_down,Unknown,0.2972305091487669,observed,25,2
0,6,1.5086679995874874,85.49565499924938,10.62,36.19,0.65,32.23,0.15,3.9,83.86,0.0,0.01,4,3,2,slow_down,Unknown,0.2859818350570141,observed,26,2
0,7,1.5378050002254895,84.6104740003284,11.03,36.06,0.59,31.33,0.18,3.66,82.95,0.0,0.01,3,3,2,slow_down,Unknown,0.27968542826836384,observed,27,2
0,8,1.3956859993413673,98.20952900008706,10.52,49.38,0.61,32.07,0.19,3.8,96.67,0.0,0.01,3,3,2,slow_down,Unknown,0.2801909307875895,observed,28,2
0,9,1.5688499997850158,84.8260829998253,10.79,36.02,0.67,31.64,0.21,3.68,83.12,0.0,0.02,3,3,1,slow_down,Unknown,0.2610033810660302,observed,29,2
0,10,1.7087800006265752,86.32024400048977,11.04,36.92,0.72,31.55,0.18,3.94,84.47,0.0,0.01,3,3,1,slow_down,Unknown,0.2666103155661628,observed,30,2
0,11,1.5292839998437557,89.83073899980809,11.4,38.17,0.6,33.23,0.24,4.37,88.13,0.0,0.01,3,3,0,cruise,Unknown,0.2896628878281623,observed,31,2
0,12,1.6870210001798114,88.852460000453,11.85,38.38,0.7,31.79,0.21,3.93,86.98,0.0,0.01,3,3,0,cruise,Unknown,0.2909075841951737,observed,32,2
0,13,1.5180069995039958,82.9412829998546,10.76,35.74,0.61,30.57,0.16,3.3,81.24,0.0,0.01,3,3,0,cruise,Unknown,0.29285666931848314,observed,33,2
0,14,1.4540120000674506,84.3482110003606,10.47,35.3,0.6,32.44,0.17,3.66,82.76,0.0,0.01,3,3,0,cruise,Unknown,0.2908346592415805,observed,34,2
0,15,1.5329879997807438,82.48051200007467,11.03,34.86,0.52,30.32,0.19,3.78,80.8,0.0,0.01,3,3,0,cruise,Unknown,0.1891026915937417,observed,35,2
0,16,1.568339999721502,82.10529999996652,10.72,35.67,0.51,29.12,0.14,4.14,80.4,0.0,0.01,3,3,0,cruise,Unknown,0.18762927605409704,observed,36,2
0,17,1.3668659994436894,83.33013999981631,10.59,35.74,0.52,30.94,0.21,3.72,81.82,0.0,0.01,3,3,1,slow_down,Unknown,0.2820024529302572,observed,37,2
0,18,1.712041000246245,85.78548100012995,11.22,37.18,0.66,30.71,0.17,3.82,83.89,0.0,0.01,3,3,1,slow_down,Unknown,0.28273667462211616,observed,38,2
0,19,1.4896250004312606,83.22341599978245,11.1,35.54,0.54,30.4,0.16,3.75,81.6,0.0,0.03,3,3,1,slow_down,Unknown,0.2980956642800318,observed,39,2
0,20,1.4535460004481138,105.81146599997737,14.86,51.77,0.78,33.17,0.15,3.37,104.21,0.0,0.01,3,3,1,slow_down,Unknown,0.28137430389817025,observed,40,2
0,21,1.7247089999727905,84.30543599934026,10.16,35.35,0.48,32.75,0.17,3.44,82.46,0.0,0.03,3,3,1,slow_down,Unknown,0.2694792495359321,observed,41,2
0,22,1.5962369998305803,85.81761599998572,10.71,34.72,0.51,33.34,0.17,4.54,84.09,0.0,0.01,3,3,1,slow_down,Unknown,0.2764154070538319,observed,42,2
0,23,1.5042280001580366,86.44274000016594,13.54,36.29,0.84,30.08,0.18,3.76,84.79,0.0,0.01,3,3,1,slow_down,Unknown,0.3011071333863697,observed,43,2
0,24,1.552769000227272,85.85433200005355,10.21,36.69,0.62,32.23,0.17,4.11,84.16,0.0,0.01,3,3,1,slow_down,Unknown,0.3043506364359586,observed,44,2
0,25,1.6941550002229633,91.87665100034792,11.85,38.91,0.63,33.97,0.19,4.29,90.03,0.0,0.02,3,3,2,slow_down,Unknown,0.26968476531424024,observed,45,2
0,26,1.5956209999785642,92.58239700011472,11.89,41.79,0.62,32.05,0.18,4.19,90.83,0.0,0.01,3,3,1,slow_down,Unknown,0.2593774860779634,observed,46,2
0,27,1.698968999335193,85.36980799999583,10.98,36.08,0.52,31.57,0.19,4.03,83.5,0.0,0.01,3,3,1,slow_down,Unknown,0.23475039777247414,observed,47,2
0,28,1.666780000050494,90.06235899960302,11.31,38.38,0.66,33.41,0.19,4.18,88.25,0.0,0.01,3,3,1,slow_down,Unknown,0.22976664014850173,observed,48,2
0,29,1.582171999871207,89.85789100006514,11.54,37.75,0.7,33.71,0.2,4.1,88.11,0.0,0.01,3,3,1,slow_down,Unknown,0.2783678069477592,observed,49,2
0,30,1.6819150005176198,91.14195999973163,12.02,38.47,0.61,33.79,0.2,4.1,89.3,0.0,0.01,3,3,1,slow_down,Unknown,0.2799323786793954,observed,50,2
0,31,1.6945449997365358,99.4724550000683,12.35,39.37,0.8,38.34,0.28,6.23,97.57,0.0,0.01,4,4,1,slow_down,Unknown,0.1875812118801379,observed,51,2
0,32,1.5079000004334375,84.38893300080963,11.44,35.31,0.59,31.4,0.14,3.74,82.74,0.0,0.01,4,4,1,slow_down,Unknown,0.1933522275258552,observed,52,2
0,33,1.6977129998849705,82.51694400041742,10.37,35.68,0.59,29.88,0.17,3.89,80.69,0.0,0.01,4,4,1,slow_down,Unknown,0.2825725934765314,observed,53,2
0,34,1.4829219999228371,86.24959799999488,10.62,38.82,0.61,30.59,0.16,3.71,84.61,0.0,0.01,4,4,1,slow_down,Unknown,0.2765811455847255,observed,54,2
0,35,1.4281210005719913,82.79132799998479,10.77,34.62,0.61,31.29,0.16,3.67,81.22,0.0,0.01,3,3,0,cruise,Unknown,0.2776915937417131,observed,55,2
0,36,1.4767200000278535,82.71033199980593,10.33,35.53,0.44,30.96,0.14,3.59,81.09,0.0,0.01,3,3,0,cruise,Unknown,0.27371718377088305,observed,56,2
0,37,1.5534300000581425,84.54764199996134,10.25,35.61,0.53,31.91,0.17,4.26,82.85,0.0,0.01,3,3,0,cruise,Unknown,0.2416268894192522,observed,57,2
0,38,1.4652649997515255,83.01057399967249,10.84,35.25,0.55,30.66,0.19,3.79,81.37,0.0,0.01,3,3,0,cruise,Unknown,0.23991812516573854,observed,58,2
0,39,1.4785560006203013,83.85279000049195,11.34,35.57,0.63,30.84,0.17,3.59,82.24,0.0,0.01,3,3,0,cruise,Unknown,0.29139319809069214,observed,59,2
0,40,1.477840000006836,83.53975799946056,10.9,35.9,0.61,30.43,0.17,3.78,81.9,0.0,0.01,3,3,0,cruise,Unknown,0.2979415274463007,observed,60,2
0,41,1.4131489997453173,84.31650799957424,10.34,36.59,0.58,31.33,0.15,3.69,82.77,0.0,0.01,3,3,0,cruise,Unknown,0.2332454919119597,observed,61,2
0,42,1.582902999871294,89.5149850002781,11.02,35.56,0.52,34.98,0.25,5.32,87.77,0.0,0.01,3,3,0,cruise,Unknown,0.2297517236807213,observed,62,2
0,43,1.6614260002825176,97.12970900000073,13.07,37.24,0.62,37.26,0.32,6.56,95.25,0.0,0.01,3,3,0,cruise,Unknown,0.31324913815963934,observed,63,2
0,44,4.265034999662021,92.25708899975871,14.69,35.81,0.51,33.08,0.15,3.53,87.86,0.0,0.01,3,3,0,cruise,Unknown,0.3131496950411032,observed,64,2
0,45,1.5674139995098813,82.06054699985543,10.16,34.9,0.5,30.22,0.21,4.28,80.36,0.0,0.01,3,3,0,cruise,Unknown,0.33548793423495094,observed,65,2
0,46,2.53610799973103,90.13458600020385,12.41,37.03,0.53,33.13,0.19,4.06,87.45,0.0,0.01,3,3,0,cruise,Unknown,0.3358707902413153,observed,66,2
0,47,1.416410999809159,82.70538599936117,11.17,35.57,0.59,30.13,0.15,3.45,81.15,0.0,0.01,3,3,0,cruise,Unknown,0.24143960487934235,observed,67,2
0,48,1.6840100006447756,83.77828400080034,10.22,36.5,0.49,30.76,0.15,3.74,81.95,0.0,0.01,3,3,0,cruise,Unknown,0.25130601962344207,observed,68,2
0,49,1.5638050008419668,88.95997100080422,10.5,38.3,0.54,33.68,0.17,3.94,87.23,0.0,0.01,4,3,0,cruise,Unknown,0.23913252452930256,observed,69,2
0,50,1.5147069998420193,84.04609599983814,11.39,35.51,0.63,30.89,0.16,3.69,82.38,0.0,0.01,4,3,0,cruise,Unknown,0.23908280297003448,observed,70,2
0,51,1.558800000566407,83.98482100074034,11.24,35.8,0.71,30.52,0.26,3.64,82.28,0.0,0.01,4,4,1,slow_down,Unknown,0.31787987271280826,observed,71,2
0,52,1.5748409996376722,86.52078399973107,10.95,36.14,0.72,32.57,0.2,4.11,84.79,0.0,0.01,4,4,1,slow_down,Unknown,0.3198505038451339,observed,72,2
0,53,1.6675059996487107,86.6155619996789,11.6,36.47,0.7,31.49,0.21,4.21,84.79,0.0,0.01,4,4,1,slow_down,Unknown,0.3419069875364625,observed,73,2
0,54,1.5047599999888916,91.99557000010827,10.83,41.27,0.66,33.5,0.18,3.79,90.32,0.0,0.01,4,4,1,slow_down,Unknown,0.3418572659771944,observed,74,2
0,55,1.4920919993528514,96.54693999982555,10.95,35.73,0.55,42.93,0.31,4.21,94.85,0.0,0.02,4,4,1,slow_down,Unknown,0.3377718111906656,observed,75,2
0,56,1.5663599997424171,84.47797499957233,10.79,35.8,0.6,31.78,0.14,3.55,82.76,0.0,0.01,4,4,1,slow_down,Unknown,0.33892535136568547,observed,76,2
0,57,1.4604170000893646,84.72585900017293,10.1,35.64,0.6,32.54,0.17,3.93,83.14,0.0,0.01,4,4,1,slow_down,Unknown,0.3338686687881199,observed,77,2
0,58,1.5432420004799496,84.71611999993911,10.47,36.23,0.64,31.5,0.21,3.86,83.02,0.0,0.01,4,4,1,slow_down,Unknown,0.3347885176345797,observed,78,2
0,59,1.3226179999037413,84.53536499928305,11.04,35.62,0.63,31.27,0.18,4.23,83.06,0.0,0.01,4,4,2,slow_down,Unknown,0.3443648899496155,observed,79,2
0,60,1.58356899919454,84.37740799945459,10.18,34.91,0.72,30.71,0.18,5.8,82.6,0.0,0.03,4,4,2,slow_down,Unknown,0.3444311853619729,observed,80,2
0,61,1.471413999752258,83.52102899971214,10.84,36.11,0.56,30.35,0.15,3.82,81.92,0.0,0.01,4,4,2,slow_down,Unknown,0.3401634181914612,observed,81,2
0,62,1.5432930003953516,83.03032700041513,10.68,35.57,0.62,30.47,0.13,3.77,81.35,0.0,0.01,4,4,1,slow_down,Unknown,0.33955515778308143,observed,82,2
0,63,1.587282999935269,85.78929700070148,10.29,35.61,0.63,33.65,0.15,3.59,84.03,0.0,0.01,4,4,1,slow_down,Unknown,0.3457968708565367,observed,83,2
0,64,1.4863910000713076,87.22154699989915,10.73,36.97,0.72,33.0,0.18,3.86,85.58,0.0,0.01,4,4,1,slow_down,Unknown,0.3457305754441793,observed,84,2
0,65,1.5680209999118233,89.72136200009118,11.24,36.93,0.68,33.34,0.27,5.35,87.93,0.0,0.01,4,4,1,slow_down,Unknown,0.33301677273932645,observed,85,2
0,66,1.4793180007472984,89.12628699999914,12.33,37.1,0.59,32.99,0.18,4.18,87.5,0.0,0.01,4,4,1,slow_down,Unknown,0.3310958631662689,observed,86,2
0,67,1.5977269995346433,100.97799100003613,11.58,37.63,0.64,45.12,0.18,3.98,99.23,0.0,0.01,4,4,1,slow_down,Unknown,0.33651219835587376,observed,87,2
0,68,1.4457910001510754,85.32522299992706,10.9,36.27,0.63,31.88,0.21,3.75,83.73,0.0,0.01,4,4,1,slow_down,Unknown,0.3379126889419252,observed,88,2
0,69,1.6713119994165027,88.35765299954801,12.96,36.86,1.58,31.04,0.17,3.82,86.54,0.0,0.01,4,4,1,slow_down,Unknown,0.24147772474144788,observed,89,2
0,70,1.5145570005188347,86.70248799990077,11.35,38.71,0.63,30.38,0.18,3.64,85.02,0.0,0.01,4,4,1,slow_down,Unknown,0.24207769822328296,observed,90,2
0,71,1.3853749996997067,83.74700100011978,11.43,36.55,0.54,29.81,0.19,3.61,82.22,0.0,0.01,3,3,2,slow_down,Unknown,0.3216868867674357,observed,91,2
0,72,1.696551000350155,86.62639100020897,10.76,38.64,0.53,30.73,0.15,3.86,84.79,0.0,0.01,3,3,2,slow_down,Unknown,0.31985216123044286,observed,92,2
0,73,1.4961100005166372,82.2720570004094,10.41,35.47,0.49,30.56,0.19,3.42,80.63,0.0,0.01,3,3,1,slow_down,Unknown,0.31669815698753645,observed,93,2
0,74,1.3935169999967911,82.64091799992457,10.35,35.59,0.62,30.22,0.19,4.01,81.11,0.0,0.01,3,3,1,slow_down,Unknown,0.31442588172898434,observed,94,2
0,75,1.5501460002269596,83.83430499998212,11.44,35.36,0.55,30.91,0.16,3.61,82.14,0.0,0.01,3,3,1,slow_down,Unknown,0.3257391938477857,observed,95,2
0,76,1.4538049999828218,82.61367399973096,10.6,35.82,0.54,30.13,0.17,3.64,81.01,0.0,0.01,3,3,1,slow_down,Unknown,0.3248657517899761,observed,96,2
0,77,1.34673400043539,84.54273200004536,10.39,38.7,0.52,29.65,0.13,3.59,83.07,0.0,0.01,3,3,1,slow_down,Unknown,0.30708863696632194,observed,97,2
0,78,1.5210389992716955,80.70341399979952,9.78,35.03,0.54,29.78,0.13,3.63,79.01,0.0,0.01,3,3,1,slow_down,Unknown,0.30758750994431183,observed,98,2
0,79,1.5775459996802965,96.13627900034771,10.14,35.04,0.49,42.83,0.29,5.51,94.42,0.0,0.01,3,3,0,cruise,Unknown,0.3112055820737205,observed,99,2
0,80,1.4495329996861983,87.31915499993192,11.76,35.88,0.64,32.63,0.26,4.44,85.71,0.0,0.01,3,3,0,cruise,Unknown,0.31065533015115354,observed,100,2
0,81,1.7028519996529212,84.651078999741,11.24,35.91,0.62,31.16,0.17,3.6,82.79,0.0,0.01,3,3,1,slow_down,Unknown,0.3211266905330151,observed,101,2
0,82,1.6549179999856278,84.18100499966386,11.53,35.65,0.5,30.45,0.16,3.97,82.38,0.0,0.01,3,3,2,slow_down,Unknown,0.3246884115619199,observed,102,2
0,83,1.4779089997318806,85.11994800028333,11.53,36.57,0.56,30.87,0.15,3.71,83.49,0.0,0.01,2,2,1,slow_down,Unknown,0.3099923760275789,observed,103,2
0,84,1.7103459995269077,89.11134399932052,11.04,38.94,0.48,32.87,0.21,3.6,87.27,0.0,0.01,2,2,1,slow_down,Unknown,0.3102360116679926,observed,104,2
0,85,1.706293000097503,91.92838000035408,12.85,38.75,0.62,33.62,0.18,3.94,90.06,0.0,0.01,3,3,1,slow_down,Unknown,0.28144557146645455,observed,105,2
0,86,1.5565390003757784,89.24795200073277,11.43,37.87,0.58,33.24,0.2,4.07,87.5,0.0,0.01,3,3,1,slow_down,Unknown,0.2801677273932644,observed,106,2
0,87,1.6997980001178803,87.0966149996093,11.56,36.52,0.63,32.1,0.18,4.09,85.22,0.0,0.01,3,3,1,slow_down,Unknown,0.2582057146645452,observed,107,2
0,88,1.566253999953915,87.82192400030908,11.06,36.44,0.62,32.79,0.19,4.85,86.08,0.0,0.01,3,3,1,slow_down,Unknown,0.253583267037921,observed,108,2
0,89,1.4040550004210672,84.89576700048929,10.98,36.18,0.48,31.93,0.14,3.54,83.35,0.0,0.01,3,3,1,slow_down,Unknown,0.2082090294351631,observed,109,2
0,90,1.675810999586247,83.82828799949493,10.89,35.03,0.59,31.6,0.19,3.62,82.02,0.0,0.01,3,3,1,slow_down,Unknown,0.21146413418191462,observed,110,2
0,91,1.4953640002204338,93.07302000070194,10.89,36.54,0.42,39.6,0.21,3.67,91.45,0.0,0.02,2,2,1,slow_down,Unknown,0.279864425881729,observed,111,2
0,92,1.497535999988031,84.5239340005719,10.54,37.51,0.44,30.35,0.16,3.77,82.88,0.0,0.01,2,2,1,slow_down,Unknown,0.28411727658446034,observed,112,2
0,93,1.4771180003663176,80.84619300007034,9.97,34.94,0.5,29.78,0.15,3.77,79.23,0.0,0.01,2,2,0,cruise,Unknown,0.285537655794219,observed,113,2
0,94,1.4382489998752135,81.86572399972647,10.37,35.49,0.42,30.11,0.17,3.62,80.3,0.0,0.01,2,2,0,cruise,Unknown,0.2860564173959162,observed,114,2
0,95,1.4130500003375346,87.7578090003226,11.07,36.6,0.48,33.76,0.18,4.01,86.2,0.0,0.01,2,2,0,cruise,Unknown,0.26252154600901617,observed,115,2
0,96,1.6763450003054459,85.6788270002653,10.94,35.75,0.49,32.55,0.18,3.84,83.86,0.0,0.01,2,2,0,cruise,Unknown,0.267102559002917,observed,116,2
0,97,1.7452490001232945,86.95180500035349,10.87,37.58,0.5,31.87,0.17,3.97,85.07,0.0,0.01,2,2,0,cruise,Unknown,0.27302771148236543,observed,117,2
0,98,1.3902370001233066,87.71629100010614,11.0,36.45,0.57,33.68,0.23,4.16,86.18,0.0,0.01,2,2,0,cruise,Unknown,0.27086648103951205,observed,118,2
0,99,1.6391350000048988,86.13556600084848,11.08,35.99,0.47,32.92,0.17,3.64,84.36,0.0,0.01,2,2,0,cruise,Unknown,0.274058605144524,observed,119,2
0,100,1.553570999931253,85.76425699993706,11.09,37.1,0.48,31.34,0.24,3.71,84.07,0.0,0.01,2,2,0,cruise,Unknown,0.276778374436489,observed,120,2
0,101,1.3814499998261454,83.86280600007012,11.08,36.33,0.4,30.49,0.16,3.79,82.35,0.0,0.01,1,1,0,cruise,Unknown,0.28576306019623443,observed,121,2
0,102,1.4472000002569985,84.02456900057587,11.29,35.88,0.39,30.65,0.17,3.96,82.44,0.0,0.01,1,1,0,cruise,Unknown,0.282478122513922,observed,122,2
0,103,1.4179300005707773,108.08968699984689,11.11,41.08,0.4,49.68,0.21,3.89,106.52,0.0,0.02,1,1,0,cruise,Unknown,0.19913981702466188,observed,123,2
0,104,1.5100159998837626,92.43172700007563,11.58,38.62,0.43,36.07,0.17,3.8,90.79,0.0,0.01,1,1,0,cruise,Unknown,0.20076736939803766,observed,124,2
0,105,1.424131000021589,99.99428999981319,10.62,36.17,0.6,43.99,0.34,6.54,98.38,0.0,0.01,4,3,0,cruise,Unknown,0.2854663882259348,observed,125,2
0,106,1.4570860003004782,140.4643780006154,16.33,60.31,1.45,53.29,0.29,6.99,138.83,0.0,0.02,4,3,0,cruise,Unknown,0.2826206576504906,observed,126,2
0,107,1.4482680007859017,126.08594900029857,15.96,51.29,1.12,48.72,0.32,6.91,124.45,0.0,0.01,5,4,0,cruise,Unknown,0.29486542031291435,observed,127,2
0,108,3.9403439996021916,135.3188479997698,13.88,59.0,1.1,50.24,0.3,6.54,131.21,0.0,0.02,4,3,0,cruise,Unknown,0.2993668788119862,observed,128,2
0,109,3.6887010001009912,136.71902599980967,15.3,56.78,0.82,52.83,0.25,6.71,132.86,0.0,0.02,2,2,0,cruise,Unknown,0.2542594802439671,observed,129,2
0,110,3.707704000589729,126.22674600061146,14.37,54.12,0.88,46.24,0.25,6.35,122.36,0.0,0.01,3,2,0,cruise,Unknown,0.25584062582869266,observed,130,2
0,111,3.612706999774673,126.51319699943997,15.41,52.01,0.6,45.96,0.21,8.43,122.75,0.0,0.01,1,1,0,cruise,Unknown,0.20462410501193318,observed,131,2
0,112,4.10157500027708,128.89919400004146,16.66,55.1,0.57,45.84,0.27,6.07,124.64,0.0,0.02,1,1,0,cruise,Unknown,0.2001176743569345,observed,132,2
0,113,3.167996999764,127.3327099997914,13.49,57.39,0.66,46.54,0.24,5.55,124.01,0.0,0.01,2,1,0,cruise,Unknown,0.17562814903208698,observed,133,2
0,114,3.5377650001464644,125.45218200011732,14.48,56.3,0.63,43.95,0.24,6.01,121.74,0.0,0.01,2,2,0,cruise,Unknown,0.17391607000795545,observed,134,2
0,115,1.4284639992183656,123.2637919993067,18.08,52.23,0.68,45.14,0.24,5.19,121.69,0.0,0.01,2,2,0,cruise,Unknown,0.11022440997083002,observed,135,2
0,116,2.9914560000179335,129.6807569997327,13.37,56.0,0.58,50.67,0.3,5.46,126.51,0.0,0.01,2,2,0,cruise,Unknown,0.10856868204720234,observed,136,2
0,117,3.2291210000039428,137.0754390000002,14.22,54.33,0.8,58.84,0.25,5.11,133.7,0.0,0.01,2,2,0,cruise,Unknown,0.1215062317687616,observed,137,2
0,118,3.188872000464471,132.58379099988815,15.46,52.13,0.74,55.62,0.21,4.96,129.25,0.0,0.01,2,2,0,cruise,Unknown,0.11912954123574648,observed,138,2
0,119,3.339025999594014,137.17394200011768,15.54,61.19,0.78,49.59,0.24,6.16,133.64,0.0,0.02,4,4,0,cruise,Unknown,0.11258784142137364,observed,139,2
0,120,2.7224449995628675,150.7079689999955,14.81,63.13,0.88,62.77,0.28,5.76,147.77,0.0,0.01,4,4,0,cruise,Unknown,0.11049290639087775,observed,140,2
0,121,3.464512999926228,129.80372800029727,19.08,53.32,0.99,44.57,0.24,7.8,126.17,0.0,0.01,3,3,0,cruise,Unknown,0.12994729514717582,observed,141,2
0,122,1.2973140001122374,126.62912099949608,18.49,54.37,0.66,45.12,0.22,6.18,125.18,0.0,0.01,2,2,0,cruise,Unknown,0.1318615751789976,observed,142,2
0,123,1.271156999791856,100.94424199996865,17.63,54.46,0.89,22.49,0.25,3.66,99.53,0.0,0.01,3,3,0,cruise,Unknown,0.06408280297003448,observed,143,2
0,124,3.1498579992330633,105.58333099925221,14.34,55.79,0.94,26.85,0.26,3.92,102.26,0.0,0.02,3,3,0,cruise,Unknown,0.06395021214531954,observed,144,2
0,125,2.6584420002109255,107.65904500021861,19.37,59.78,1.09,21.38,0.25,2.82,104.82,0.0,0.02,4,4,0,cruise,Unknown,0.027877220896313976,observed,145,2
0,126,2.989981000609987,104.72902700075792,16.6,56.78,0.89,23.7,0.22,3.23,101.56,0.0,0.01,3,3,0,cruise,Unknown,0.02749602227525855,observed,146,2
0,127,5.175379999855068,85.46273999945697,16.95,56.76,0.85,2.47,0.24,2.68,80.12,0.0,0.02,3,3,0,slow_down,Unknown,0.015244630071599045,unknown,147,2
0,128,1.3694629997189622,62.3522559999401,16.36,40.08,0.83,1.52,0.15,1.79,60.85,0.0,0.01,3,3,0,slow_down,Unknown,0.014891607000795545,unknown,148,2
0,129,1.4325059992188471,53.12791999949695,12.21,34.98,0.63,1.75,0.18,1.71,51.56,0.0,0.01,4,3,0,slow_down,Unknown,0.00526882789710952,unknown,149,2
0,130,1.428124999620195,55.47974199998862,11.37,37.73,0.72,1.85,0.17,1.96,53.91,0.0,0.01,4,3,0,slow_down,Unknown,0.005459427207637231,unknown,150,2
0,131,1.589182999850891,74.46881599935296,19.37,47.8,1.39,1.87,0.18,1.96,72.72,0.0,0.01,5,5,0,slow_down,Unknown,0.014439140811455847,unknown,151,2
0,132,1.5204350002022693,56.68082200008939,11.24,39.28,0.79,1.72,0.17,1.71,55.01,0.0,0.01,5,5,0,slow_down,Unknown,0.010658644921771413,unknown,152,2
0,133,1.4274570003180997,73.93150299958506,10.6,54.29,0.81,3.71,0.33,2.52,72.37,0.0,0.01,5,5,0,slow_down,Unknown,0.0,unknown,153,2
0,134,1.5044540004964801,54.879774000255566,11.35,36.94,0.84,1.87,0.17,1.95,53.23,0.0,0.01,5,5,0,slow_down,Unknown,0.0,unknown,154,2
0,135,1.7028430002028472,53.36853100016015,12.06,34.97,0.57,1.86,0.2,1.75,51.52,0.0,0.01,2,2,0,slow_down,Unknown,0.0009844868735083532,unknown,155,2
0,136,1.420605000021169,51.09899099988979,10.3,34.74,0.58,1.85,0.17,1.8,49.54,0.0,0.01,2,2,0,slow_down,Unknown,0.002645186953062848,unknown,156,2
0,137,1.6255999998975312,53.715596000074584,11.82,35.95,0.62,1.77,0.16,1.49,51.93,0.0,0.02,2,2,0,slow_down,Unknown,0.007547732696897375,unknown,157,2
0,138,1.4496100002361345,54.66978500044206,11.94,36.44,0.59,1.91,0.18,1.92,53.09,0.0,0.01,2,2,0,slow_down,Unknown,0.007350503845133916,unknown,158,2
0,139,1.6887649999262067,72.70503800009465,12.33,36.53,0.7,18.61,0.2,2.37,70.85,0.0,0.01,3,3,0,cruise,Unknown,0.037132060461416073,observed,159,2
0,140,1.644613999815192,73.22161600041,10.82,41.32,0.56,16.27,0.16,2.2,71.44,0.0,0.01,3,3,0,cruise,Unknown,0.025376226465128614,observed,160,2
0,141,1.7154419992948533,67.42484400001558,11.2,33.92,0.79,17.06,0.15,2.34,65.57,0.0,0.01,5,4,0,cruise,Unknown,0.05840791567223548,observed,161,2
0,142,1.7476639995948062,68.51213199934136,10.76,35.45,0.75,17.01,0.2,2.32,66.63,0.0,0.01,5,4,0,cruise,Unknown,0.05655661628215328,observed,162,2
0,143,1.6047199997046846,68.20725400029914,11.35,34.91,0.77,16.76,0.17,2.39,66.46,0.0,0.01,5,5,0,cruise,Unknown,0.06280661628215327,observed,163,2
0,144,1.466022999920824,73.21549200059962,10.24,35.76,0.77,22.29,0.15,2.27,71.61,0.0,0.02,5,5,0,cruise,Unknown,0.06126027578891541,observed,164,2
0,145,1.7922869992617052,70.16315099917847,12.28,35.24,0.81,17.54,0.2,2.03,68.22,0.0,0.01,5,5,0,cruise,Unknown,0.03064671174754707,observed,165,2
0,146,1.593615999809117,68.82737900014035,11.4,35.34,0.76,17.06,0.15,2.23,67.05,0.0,0.01,5,5,0,cruise,Unknown,0.03169583664810395,observed,166,2
0,147,1.4819869993516477,81.04804599952331,13.87,46.24,1.4,15.59,0.21,1.98,79.42,0.0,0.01,6,6,0,cruise,Unknown,0.029088769557146645,observed,167,2
0,148,1.374762000523333,65.13605500003905,10.55,34.42,0.88,15.13,0.17,2.33,63.6,0.0,0.01,6,6,0,cruise,Unknown,0.03176378944577035,observed,168,2
0,149,1.5159510003286414,70.26098200003617,10.33,36.57,0.78,18.21,0.2,2.41,68.61,0.0,0.01,5,5,0,cruise,Unknown,0.054706974277380006,observed,169,2
0,150,1.422460999492614,67.70468400009122,11.16,33.49,0.78,18.22,0.22,2.19,66.15,0.0,0.01,5,5,0,cruise,Unknown,0.05953659506762132,observed,170,2
0,151,1.4916430000084802,69.70025400005397,10.58,33.36,0.77,21.16,0.17,1.91,68.06,0.0,0.01,5,5,0,cruise,Unknown,0.02796837708830549,observed,171,2
0,152,1.4295789997049724,64.0155049995883,9.58,33.51,0.76,16.38,0.2,1.92,62.45,0.0,0.01,5,5,0,cruise,Unknown,0.028344603553434104,observed,172,2
0,153,1.3811569997415063,68.1909490003818,9.74,33.33,0.66,20.21,0.14,2.49,66.66,0.0,0.01,5,5,0,cruise,Unknown,0.04146778042959427,observed,173,2
0,154,1.4330249996419298,74.6849220004151,10.52,37.04,0.67,21.87,0.23,2.64,73.08,0.0,0.01,5,5,0,cruise,Unknown,0.03842647838769557,observed,174,2
0,155,1.610453000466805,73.26227700013987,11.68,36.33,0.81,19.53,0.18,2.86,71.49,0.0,0.01,5,5,0,cruise,Unknown,0.07582537788385044,observed,175,2
0,156,1.562886000101571,68.9707229994383,10.5,33.86,0.79,19.17,0.18,2.63,67.26,0.0,0.01,5,5,0,cruise,Unknown,0.069691394855476,observed,176,2
0,157,1.4711659996464732,62.64057099997444,10.98,34.1,0.88,12.8,0.15,2.02,61.03,0.0,0.01,6,6,0,cruise,Unknown,0.02592813577300451,observed,177,2
0,158,1.5509710001424537,63.70497600073577,10.51,34.73,0.78,13.61,0.17,2.12,62.01,0.0,0.01,6,6,0,cruise,Unknown,0.027381662688941925,observed,178,2
0,159,1.4840010007901583,50.69648500011681,10.6,34.41,0.59,1.55,0.15,1.69,49.09,0.0,0.01,4,4,0,slow_down,Unknown,0.012352492707504641,unknown,179,2
0,160,1.339358000223001,51.77805499988608,10.11,35.55,0.66,1.78,0.2,1.87,50.3,0.0,0.01,5,4,0,slow_down,Unknown,0.013452996552638558,unknown,180,2
0,161,1.598736999767425,65.99109200033126,11.13,33.67,0.59,16.54,0.19,2.03,64.26,0.0,0.01,2,2,0,cruise,Unknown,0.044754375497215594,observed,181,2
0,162,1.371295999888389,79.88782099982927,10.98,36.03,0.87,26.83,0.21,3.33,78.39,0.0,0.02,3,3,0,cruise,Unknown,0.04387098912755237,observed,182,2
0,163,1.4256139993449324,63.328809999802615,11.02,34.49,0.59,13.66,0.14,1.77,61.77,0.0,0.01,3,3,0,cruise,Unknown,0.021635507822858658,observed,183,2
0,164,1.2776450003002537,67.53736500013474,10.17,35.86,0.56,17.2,0.15,2.09,66.13,0.0,0.01,3,3,0,cruise,Unknown,0.028642932909042695,observed,184,2
0,165,1.5427660000568721,70.75008599986177,9.96,34.34,0.86,21.24,0.16,2.42,69.08,0.0,0.01,4,3,0,cruise,Unknown,0.0607846062052506,observed,185,2
0,166,1.5602299999954994,71.70467400010239,10.76,33.31,0.6,22.39,0.15,2.69,70.01,0.0,0.01,4,4,0,cruise,Unknown,0.0629342349509414,observed,186,2
0,167,1.3967980003144476,69.89303900081723,10.2,33.9,0.47,20.89,0.16,2.66,68.36,0.0,0.01,2,2,0,cruise,Unknown,0.07510773004508088,observed,187,2
0,168,1.3481420000971411,72.56880000022647,10.07,34.1,0.59,23.49,0.14,2.6,71.08,0.0,0.01,2,2,0,cruise,Unknown,0.07237138690002652,observed,188,2
0,169,1.3579609994849307,84.89851699960127,10.44,36.35,0.6,32.15,0.17,3.6,83.42,0.0,0.01,2,2,0,cruise,Unknown,0.29091587112171835,observed,189,2
0,170,1.2580639995576348,79.0700179995838,10.59,33.33,0.47,29.29,0.13,3.76,77.68,0.0,0.01,2,2,0,cruise,Unknown,0.2894225669583665,observed,190,2
0,171,1.38793399946735,76.8342629999097,10.84,32.48,0.5,27.99,0.13,3.29,75.33,0.0,0.01,2,2,0,cruise,Unknown,0.23762430389817024,observed,191,2
0,172,1.4595179991374607,76.17063499947108,10.09,33.41,0.54,27.05,0.15,3.2,74.57,0.0,0.01,2,2,0,cruise,Unknown,0.23880436223813312,observed,192,2
0,173,1.4395329999388196,79.71808700040128,10.13,34.87,0.62,28.87,0.17,3.39,78.15,0.0,0.01,3,3,0,cruise,Unknown,0.2652313709891276,observed,193,2
0,174,1.4747740005986998,78.92670599994744,10.78,34.1,0.55,27.95,0.21,3.63,77.32,0.0,0.01,3,3,0,cruise,Unknown,0.27052008750994433,observed,194,2
0,175,1.418057999217126,77.80983999964519,10.22,33.93,0.58,27.47,0.13,3.81,76.25,0.0,0.01,3,3,0,cruise,Unknown,0.20329156722354813,observed,195,2
0,176,1.5204649998850073,89.04824199998984,10.49,40.77,0.58,31.65,0.18,3.6,87.38,0.0,0.02,3,3,0,cruise,Unknown,0.21953560063643596,observed,196,2
0,177,1.364226000077906,78.45740799984924,10.49,34.22,0.6,27.95,0.14,3.43,76.94,0.0,0.01,3,3,0,cruise,Unknown,0.21638491116414743,observed,197,2
0,178,1.5230119997795555,78.83638899966172,10.99,34.47,0.67,27.5,0.14,3.31,77.17,0.0,0.01,3,3,0,cruise,Unknown,0.22378016441262263,observed,198,2
0,179,1.4787720001550042,78.75366900043446,10.9,33.45,0.68,28.71,0.13,3.18,77.15,0.0,0.01,2,2,0,cruise,Unknown,0.29139982763192784,observed,199,2
0,180,1.2244889994690311,78.05645099961112,9.53,34.51,0.55,28.4,0.15,3.48,76.71,0.0,0.01,2,2,0,cruise,Unknown,0.29709791832405197,observed,200,2
0,181,1.3619689998449758,75.25672399970063,10.07,32.82,0.65,26.39,0.16,3.55,73.75,0.0,0.01,4,4,0,cruise,Unknown,0.17119464333068152,observed,201,2
0,182,1.5233240001180093,81.96395899994968,14.4,35.57,1.08,25.48,0.15,3.51,80.29,0.0,0.01,4,4,0,cruise,Unknown,0.14390745160434898,observed,202,2
0,183,1.52212899956794,81.53344999936962,11.03,34.7,0.61,29.54,0.16,3.75,79.88,0.0,0.01,3,3,0,cruise,Unknown,0.1620110713338637,observed,203,2
0,184,1.3616140004160115,84.2379109999456,10.59,35.39,0.61,29.64,0.22,6.14,82.7,0.0,0.01,3,3,0,cruise,Unknown,0.16438113232564305,observed,204,2
0,185,1.5383629997813841,80.00426000035077,10.99,34.0,0.73,29.25,0.13,3.12,78.34,0.0,0.01,3,3,0,cruise,Unknown,0.15991613630336782,observed,205,2
0,186,1.313194999966072,85.84495300056005,10.58,35.06,0.67,34.41,0.16,3.37,84.37,0.0,0.01,3,3,0,cruise,Unknown,0.15890844603553433,observed,206,2
0,187,1.4635990000897436,82.4101990001509,10.5,34.9,0.71,30.69,0.14,3.77,80.81,0.0,0.01,5,4,0,cruise,Unknown,0.2432842747281888,observed,207,2
0,188,1.438172000234772,89.44630899986805,11.0,35.77,0.85,35.15,0.17,4.76,87.83,0.0,0.01,5,4,0,cruise,Unknown,0.253059533280297,observed,208,2
0,189,1.5835350004635984,96.63059000013163,16.94,43.82,1.04,28.6,0.25,4.12,94.87,0.0,0.01,4,4,2,slow_down,Unknown,0.18966454521347123,observed,209,2
0,190,1.3682910002899007,80.07838199955586,12.0,36.02,0.73,25.87,0.17,3.67,78.55,0.0,0.01,4,4,2,slow_down,Unknown,0.18316096526120393,observed,210,2
0,191,1.5358439995907247,85.73316799993336,10.83,36.1,0.62,32.32,0.18,3.91,84.06,0.0,0.01,3,3,1,slow_down,Unknown,0.2606089233625033,observed,211,2
0,192,1.407689999723516,85.47931199973391,11.0,37.04,0.72,31.1,0.17,3.8,83.93,0.0,0.01,3,3,0,cruise,Unknown,0.22155926809864757,observed,212,2
0,193,1.5060270006870269,83.50136800072505,10.76,35.41,0.58,31.06,0.16,3.78,81.86,0.0,0.01,3,3,0,cruise,Unknown,0.2962377353487139,observed,213,2
0,194,1.446972999474383,82.95281499977136,11.54,34.87,0.68,30.2,0.16,3.8,81.36,0.0,0.01,3,3,0,cruise,Unknown,0.29377486077963405,observed,214,2
0,195,1.6252259993052576,85.49436799967225,11.45,35.68,0.49,31.96,0.15,3.88,83.72,0.0,0.01,2,2,1,slow_down,Unknown,0.31012496685229385,observed,215,2
0,196,1.4805350001552142,87.48056700005691,10.47,37.81,0.53,32.56,0.14,4.25,85.86,0.0,0.01,2,2,1,slow_down,Unknown,0.3093691991514187,observed,216,2
0,197,1.5715509998699417,83.22529799988843,10.47,35.7,0.49,30.7,0.14,3.91,81.52,0.0,0.01,3,3,0,cruise,Unknown,0.25178500397772474,observed,217,2
0,198,1.4958080000724294,80.0528090003354,10.89,35.31,0.56,28.19,0.14,3.2,78.4,0.0,0.01,3,3,0,cruise,Unknown,0.21192654468310793,observed,218,2
0,199,1.475453000239213,82.47289999962959,10.93,34.65,0.61,30.59,0.15,3.83,80.87,0.0,0.01,3,3,0,cruise,Unknown,0.2629077167859984,observed,219,2
0,200,1.4674490003017127,79.28363399969385,10.54,35.08,0.56,27.86,0.14,3.41,77.67,0.0,0.01,3,3,0,cruise,Unknown,0.20993105277114824,observed,220,2
0,201,1.5241179999065935,97.67953899972781,10.36,46.74,0.69,33.86,0.21,3.97,95.97,0.0,0.01,4,3,0,cruise,Unknown,0.30036462476796605,observed,221,2
0,202,1.4201909998519113,86.32819499962352,12.01,36.08,0.77,31.38,0.2,4.2,84.75,0.0,0.01,4,3,0,cruise,Unknown,0.2986061389551843,observed,222,2
0,203,1.7323629999737022,89.71037100036483,11.9,39.21,0.69,31.37,0.17,4.38,87.83,0.0,0.01,4,4,0,cruise,Unknown,0.2934334394059931,observed,223,2
0,204,1.3750689995504217,84.23038499950053,11.75,36.67,0.61,29.78,0.15,3.65,82.72,0.0,0.01,4,4,0,cruise,Unknown,0.2914959559798462,observed,224,2
0,205,1.4253789995564148,88.77911299987318,10.69,36.78,0.69,34.39,0.23,4.28,87.21,0.0,0.01,3,3,1,slow_down,Unknown,0.2698140413683373,observed,225,2
0,206,1.4411689999178634,84.50247600012517,11.76,35.86,0.62,30.74,0.17,3.64,82.9,0.0,0.01,3,3,1,slow_down,Unknown,0.23347918324051975,observed,226,2
0,207,1.6575529998590355,84.61480900041352,11.11,35.48,0.64,31.42,0.18,3.88,82.8,0.0,0.01,4,4,0,cruise,Unknown,0.3150341421373641,observed,227,2
0,208,1.4965790005589952,83.48941700023715,11.26,35.48,0.68,30.54,0.14,3.64,81.84,0.0,0.01,4,4,0,cruise,Unknown,0.3047517236807213,observed,228,2
0,209,1.5143210002861451,82.08520599964686,10.46,34.58,0.73,30.65,0.14,3.75,80.43,0.0,0.02,4,4,0,cruise,Unknown,0.3436837045876425,observed,229,2
0,210,1.5089190001162933,79.72469700052898,10.91,34.98,0.65,27.51,0.13,3.79,78.08,0.0,0.01,4,4,0,cruise,Unknown,0.3420478652877221,observed,230,2
0,211,1.6493019993504276,82.53874299953168,10.72,35.83,0.55,29.04,0.14,4.33,80.72,0.0,0.01,3,3,1,slow_down,Unknown,0.3556268231238398,observed,231,2
0,212,1.3280539997140295,82.4367089999214,10.27,35.5,0.49,30.77,0.17,3.67,80.98,0.0,0.01,3,3,2,slow_down,Unknown,0.3537838106603023,observed,232,2
0,213,1.4436329993259278,94.34273099941493,10.85,42.27,0.67,34.99,0.17,3.68,92.76,0.0,0.02,3,3,2,slow_down,Unknown,0.3540605940068947,observed,233,2
0,214,1.6815870003483724,86.27397100008238,11.44,36.16,0.54,32.16,0.18,3.88,84.45,0.0,0.01,3,3,3,slow_down,Unknown,0.3521894059931053,observed,234,2
0,215,1.601752000169654,86.35689899983845,11.57,37.87,0.62,30.3,0.13,4.02,84.61,0.0,0.01,3,3,1,slow_down,Unknown,0.34245392468841157,observed,235,2
0,216,1.612364000720845,86.47725599985279,11.95,37.17,0.64,31.18,0.15,3.54,84.73,0.0,0.02,3,3,1,slow_down,Unknown,0.34001922566958365,observed,236,2
0,217,1.5406250004161848,87.98646000013832,10.18,40.7,0.63,30.62,0.19,3.84,86.29,0.0,0.01,3,3,0,cruise,Unknown,0.2731569875364625,observed,237,2
0,218,1.2720830000034766,84.37794400015264,12.18,36.53,0.66,29.62,0.17,3.7,82.96,0.0,0.01,3,3,0,cruise,Unknown,0.2549804428533545,observed,238,2
0,219,1.8629199994393275,84.85786199980794,11.08,35.58,0.53,31.68,0.2,3.68,82.85,0.0,0.01,3,3,0,cruise,Unknown,0.3106669318483161,observed,239,2
0,220,1.5672719991925987,87.70245599953341,10.81,37.12,0.59,32.51,0.2,4.61,85.95,0.0,0.01,3,3,0,cruise,Unknown,0.3144325112702201,observed,240,2
0,221,1.7499530003988184,88.92574899982719,11.25,41.58,0.65,29.12,0.22,4.09,87.01,0.0,0.01,3,3,2,slow_down,Unknown,0.283838835852559,observed,241,2
0,222,1.5872040003159782,82.52786600041873,11.81,36.32,0.56,28.12,0.17,3.68,80.78,0.0,0.01,3,3,2,slow_down,Unknown,0.28843973747016705,observed,242,2
0,223,1.6832379997140379,81.07690199994977,11.48,35.55,0.57,27.88,0.14,3.52,79.26,0.0,0.01,4,4,0,cruise,Unknown,0.23092680986475736,observed,243,2
0,224,1.4446949999182834,80.73650000005728,10.35,35.89,0.55,28.59,0.26,3.43,79.16,0.0,0.01,3,3,0,cruise,Unknown,0.25875762397242114,observed,244,2
0,225,1.471739000407979,96.43377400061581,10.65,44.51,0.65,34.79,0.2,3.9,94.82,0.0,0.01,4,3,1,slow_down,Unknown,0.28215824714929727,observed,245,2
0,226,1.9016940004803473,86.27622200037877,11.21,36.19,0.61,32.41,0.16,3.49,84.19,0.0,0.01,4,3,1,slow_down,Unknown,0.27456245027844073,observed,246,2
0,227,1.754899999468762,85.63022699945577,11.37,36.59,0.56,31.4,0.17,3.53,83.74,0.0,0.01,3,3,0,cruise,Unknown,0.27096095200212145,observed,247,2
0,228,1.4183679995767307,89.27973400022893,10.66,39.64,0.54,31.42,0.24,5.06,87.69,0.0,0.01,3,3,0,cruise,Unknown,0.27039909838239196,observed,248,2
0,229,1.5443680003954796,89.3320949999179,14.22,36.63,0.78,31.55,0.17,4.17,87.63,0.0,0.01,4,4,0,cruise,Unknown,0.26768595863166267,observed,249,2
0,230,1.5446440002051531,86.49490700008755,10.97,36.83,0.54,32.29,0.19,3.88,84.79,0.0,0.01,3,3,0,cruise,Unknown,0.25674058605144523,observed,250,2
0,231,1.657278000493534,85.28693800053588,11.13,37.29,0.66,30.55,0.17,3.53,83.44,0.0,0.01,4,4,0,cruise,Unknown,0.27644192521877486,observed,251,2
0,232,1.5921419999358477,86.54968200062285,10.83,36.92,0.62,31.75,0.24,4.31,84.8,0.0,0.01,4,4,0,cruise,Unknown,0.27033943251127024,observed,252,2
0,233,1.5591649998896173,83.68138500009081,11.07,36.66,0.66,29.9,0.19,3.4,81.98,0.0,0.01,4,4,0,cruise,Unknown,0.21491978255104746,observed,253,2
0,234,1.5889770002104342,84.69057300044369,10.68,36.96,0.64,30.43,0.23,3.91,82.96,0.0,0.01,4,4,0,cruise,Unknown,0.231798594537258,observed,254,2
0,235,1.2379750005493406,84.34522100014874,10.85,37.38,0.63,29.88,0.19,3.92,82.96,0.0,0.01,3,3,0,cruise,Unknown,0.23301843012463538,observed,255,2
0,236,2.1615010000459733,88.97158400031913,11.15,35.97,0.55,34.32,0.23,4.3,86.62,0.0,0.01,3,3,0,cruise,Unknown,0.23802704852824186,observed,256,2
0,237,1.6624840000076802,101.39159299978928,11.84,52.31,0.61,30.55,0.24,3.9,99.57,0.0,0.01,3,3,0,cruise,Unknown,0.3052605409705648,observed,257,2
0,238,1.2084729996786336,85.303742999713,11.33,37.07,0.62,31.0,0.15,3.68,83.95,0.0,0.01,3,3,0,cruise,Unknown,0.2890015910898966,observed,258,2
0,239,2.4332670000148937,83.28811299998051,10.59,36.38,0.57,29.17,0.19,3.7,80.71,0.0,0.01,3,3,0,cruise,Unknown,0.2157998541500928,observed,259,2
0,240,1.5348670003731968,85.2646299999833,10.91,38.73,0.54,29.61,0.15,3.54,83.59,0.0,0.01,3,3,0,cruise,Unknown,0.23538186157517899,observed,260,2
0,241,1.6603770000074292,81.57657699939591,11.18,35.44,0.59,28.64,0.16,3.64,79.75,0.0,0.01,4,3,0,cruise,Unknown,0.30300318217979316,observed,261,2
0,242,1.652887000091141,78.8790530004917,10.25,34.36,0.56,28.33,0.15,3.36,77.11,0.0,0.01,3,2,0,cruise,Unknown,0.30544616812516573,observed,262,2
0,243,1.6934969999056193,80.17846900020231,10.41,35.25,0.62,28.17,0.18,3.6,78.33,0.0,0.01,3,3,0,cruise,Unknown,0.3045213471227791,observed,263,2
0,244,1.7372560005242121,82.89343599972199,10.94,35.29,0.59,30.03,0.16,3.88,81.0,0.0,0.01,3,3,0,cruise,Unknown,0.3030230708035004,observed,264,2
0,245,1.5823449994059047,85.27490099913848,11.86,37.11,0.63,30.21,0.15,3.48,83.54,0.0,0.01,3,3,0,cruise,Unknown,0.33568682047202336,observed,265,2
0,246,1.5635760000805021,83.02801199988608,10.31,35.21,0.63,30.61,0.18,4.24,81.31,0.0,0.01,3,3,0,cruise,Unknown,0.3359801776717051,observed,266,2
0,247,1.5086809999047546,80.41587499974412,10.63,35.37,0.57,28.22,0.13,3.75,78.77,0.0,0.01,3,3,0,cruise,Unknown,0.34005568814638026,observed,267,2
0,248,1.5388890005851863,83.58345099986764,11.03,36.06,0.5,30.71,0.14,3.37,81.92,0.0,0.01,3,3,1,slow_down,Unknown,0.3381165473349244,observed,268,2
0,249,1.3826630001858575,91.52136100055941,10.83,36.49,0.71,38.04,0.2,3.63,90.01,0.0,0.02,4,4,2,slow_down,Unknown,0.34367044550517106,observed,269,2
0,250,1.4939069997126353,83.1961069998215,10.87,35.5,0.77,29.82,0.21,4.23,81.52,0.0,0.01,4,4,2,slow_down,Unknown,0.342364425881729,observed,270,2
0,251,1.6803779999463586,83.8431740003216,11.27,35.93,0.63,29.77,0.22,4.08,82.0,0.0,0.01,4,4,0,cruise,Unknown,0.3365138557411827,observed,271,2
0,252,1.4887689994793618,87.73644099983358,11.33,39.62,0.68,29.6,0.24,4.5,86.07,0.0,0.01,4,4,0,cruise,Unknown,0.3360464730840626,observed,272,2
0,253,1.6948570000749896,85.47931199973391,11.87,36.62,0.58,30.25,0.21,3.94,83.59,0.0,0.01,3,3,0,cruise,Unknown,0.3347586846990188,observed,273,2
0,254,1.6317919998982688,79.62299399969197,10.54,35.11,0.58,27.89,0.17,3.46,77.85,0.0,0.01,3,3,0,cruise,Unknown,0.3336482365420313,observed,274,2
0,255,1.4606939994337154,90.99223399971379,10.17,35.85,0.73,34.68,0.4,7.37,89.34,0.0,0.01,5,5,0,cruise,Unknown,0.3057063776186688,observed,275,2
0,256,1.603099000021757,135.26628100044036,17.22,63.86,1.09,44.25,0.25,6.62,133.46,0.0,0.02,5,5,0,cruise,Unknown,0.30183638292230175,observed,276,2
0,257,2.8106509998906404,124.65361500017025,16.77,52.6,0.77,44.53,0.3,6.57,121.7,0.0,0.01,2,2,0,cruise,Unknown,0.31823786793953857,observed,277,2
0,258,3.856044999338337,131.3598959995943,13.86,57.0,0.66,49.16,0.24,6.27,127.34,0.0,0.01,2,2,0,cruise,Unknown,0.3220382524529303,observed,278,2
0,259,3.3434739998483565,136.54667700029677,15.04,56.41,1.05,52.63,0.35,7.36,133.0,0.0,0.02,4,4,0,cruise,Unknown,0.27068085388491114,observed,279,2
0,260,3.108040000370238,143.624300000738,21.47,62.54,0.94,47.84,0.32,7.04,140.3,0.0,0.02,4,4,0,cruise,Unknown,0.27266971625563513,observed,280,2
0,261,1.702457000646973,135.76876300066942,20.22,61.05,1.07,44.54,0.24,6.59,133.85,0.0,0.02,4,4,0,cruise,Unknown,0.2824549191195969,observed,281,2
0,262,3.1269239998437115,127.85069900019153,14.55,56.03,0.89,46.15,0.25,6.49,124.54,0.0,0.02,4,4,0,cruise,Unknown,0.2838056881463803,observed,282,2
0,263,3.2455969994771294,123.34667899995111,15.02,54.54,0.91,42.13,0.32,6.83,119.88,0.0,0.02,5,5,0,cruise,Unknown,0.21268396976929196,observed,283,2
0,264,3.5664309998537647,130.21575899983873,15.88,60.3,0.8,42.83,0.29,6.18,126.42,0.0,0.02,4,4,0,cruise,Unknown,0.21386900026518166,observed,284,2
0,265,1.2896710004497436,129.9924020004255,14.64,57.8,1.01,47.88,0.37,6.64,128.5,0.0,0.02,4,4,0,cruise,Unknown,0.11862569610182976,observed,285,2
0,266,4.9611129998083925,139.03050299995812,18.75,66.57,1.06,42.3,0.34,4.69,133.86,0.0,0.01,4,4,0,cruise,Unknown,0.13397639883320075,observed,286,2
0,267,1.205431000016688,126.78355299976829,13.78,55.23,1.05,46.92,0.32,7.92,125.36,0.0,0.01,4,4,0,cruise,Unknown,0.27414313179527977,observed,287,2
0,268,1.2949720003234688,139.35772199965868,15.53,62.68,1.14,50.82,0.29,7.17,137.79,0.0,0.01,4,4,0,cruise,Unknown,0.26904004242906393,observed,288,2
0,269,3.8950489997660043,134.0402300002097,15.66,56.54,1.1,50.13,0.24,6.1,129.92,0.0,0.02,4,4,0,cruise,Unknown,0.25799854150092816,observed,289,2
0,270,1.4988650000304915,118.07715899976756,13.0,52.88,0.95,42.82,0.2,6.41,116.39,0.0,0.01,4,4,0,cruise,Unknown,0.2755336780694776,observed,290,2
0,271,3.0489760001728428,127.86340700040455,18.74,56.22,1.14,40.84,0.25,7.23,124.59,0.0,0.02,6,5,0,cruise,Unknown,0.25370922832140014,observed,291,2
0,272,3.337576999911107,125.06126599964773,18.71,57.89,1.29,37.28,0.29,5.89,121.51,0.0,0.02,5,4,0,cruise,Unknown,0.2487287854680456,observed,292,2
0,273,2.752542999587604,121.42165600016597,14.77,53.04,0.89,43.55,0.23,5.81,118.43,0.0,0.02,5,5,0,cruise,Unknown,0.24970167064439142,observed,293,2
0,274,1.1275559991190676,119.32092799997918,17.33,55.06,0.98,39.32,0.22,4.98,118.01,0.0,0.01,5,5,0,cruise,Unknown,0.23921870856536728,observed,294,2
0,275,5.511090000254626,129.65749600061827,12.0,58.68,0.95,46.67,0.32,5.25,124.01,0.0,0.02,4,4,1,slow_down,Unknown,0.2514684433837178,observed,295,2
0,276,1.145055999586475,133.91334599964466,14.23,58.47,1.02,52.09,0.3,6.3,132.57,0.0,0.02,4,4,1,slow_down,Unknown,0.2529402015380536,observed,296,2
0,277,2.8685030001724954,129.52027299979818,18.8,58.61,1.02,41.14,0.25,6.43,126.4,0.0,0.02,5,5,1,slow_down,Unknown,0.26059234950941396,observed,297,2
0,278,1.6709069996068138,127.11080299959576,17.09,55.77,0.92,44.21,0.32,6.7,125.22,0.0,0.01,4,4,1,slow_down,Unknown,0.265219769291965,observed,298,2
0,279,3.245519999836688,98.32242599986785,18.78,44.31,1.26,26.33,0.2,3.9,94.91,0.0,0.01,5,4,0,cruise,Unknown,0.25188776186687883,observed,299,2
0,280,1.607676999810792,83.11547799985419,11.85,37.44,0.86,27.48,0.15,3.48,81.36,0.0,0.01,5,4,0,cruise,Unknown,0.2539777247414479,observed,300,2
0,281,1.7214330000570044,85.18017899950792,10.69,36.3,0.81,31.31,0.2,3.87,83.29,0.0,0.01,4,4,0,cruise,Unknown,0.29051975603288255,observed,301,2
0,282,1.6326570003002416,85.43296700008796,11.45,37.04,0.63,30.53,0.15,3.76,83.66,0.0,0.01,4,4,0,cruise,Unknown,0.2889038053566693,observed,302,2
0,283,1.6601070001343032,86.67283300019335,11.72,37.03,0.72,31.22,0.18,3.87,84.85,0.0,0.01,4,4,0,cruise,Unknown,0.29111309997348184,observed,303,2
0,284,1.4008749994900427,86.50276899970777,10.4,35.81,0.67,33.73,0.23,4.03,84.97,0.0,0.01,4,4,0,cruise,Unknown,0.29117276584460355,observed,304,2
0,285,1.9815140003629494,84.49944800031517,10.89,36.23,0.69,30.52,0.16,3.78,82.36,0.0,0.01,4,4,0,cruise,Unknown,0.283683041633519,observed,305,2
0,286,1.5679750003982917,85.67381400007434,11.6,37.11,0.72,30.37,0.16,3.91,83.97,0.0,0.01,4,4,0,cruise,Unknown,0.27771313975072925,observed,306,2
0,287,1.575620999574312,96.25685999981215,13.44,40.84,0.73,35.31,0.2,3.87,94.54,0.0,0.02,3,3,0,cruise,Unknown,0.2781042826836383,observed,307,2
0,288,1.7337330000373186,86.20398699986254,11.43,35.96,0.57,32.09,0.2,3.95,84.31,0.0,0.01,3,3,0,cruise,Unknown,0.276673959162026,observed,308,2
0,289,1.622781000151008,84.67838300020958,10.75,36.06,0.66,31.16,0.2,3.96,82.89,0.0,0.01,3,3,0,cruise,Unknown,0.2930920180323522,observed,309,2
0,290,1.5902119994279929,83.6962859993946,10.78,36.02,0.64,30.42,0.16,3.84,81.97,0.0,0.01,4,4,0,cruise,Unknown,0.30270816759480246,observed,310,2
0,291,1.5617160006513586,84.2988479998894,10.8,36.86,0.68,30.5,0.15,3.52,82.61,0.0,0.01,4,4,0,cruise,Unknown,0.2746469769291965,observed,311,2
0,292,1.6109510006572236,86.83731900055136,10.96,37.44,0.73,31.7,0.16,3.93,85.07,0.0,0.02,4,4,0,cruise,Unknown,0.2719868735083532,observed,312,2
0,293,1.4823189994785935,84.00761599932594,10.66,35.55,0.55,31.56,0.19,3.74,82.38,0.0,0.01,4,4,0,cruise,Unknown,0.29034904534606204,observed,313,2
0,294,1.653626000006625,82.88293299938232,11.06,35.25,0.64,29.79,0.16,4.07,81.08,0.0,0.01,4,4,0,cruise,Unknown,0.2932842747281888,observed,314,2
0,295,1.7017720001604175,86.56770899960975,10.63,37.92,0.62,31.39,0.18,3.85,84.71,0.0,0.03,4,4,0,cruise,Unknown,0.3162738663484487,observed,315,2
0,296,1.616761999684968,83.76924199910718,11.08,35.45,0.67,30.4,0.17,4.13,82.0,0.0,0.01,4,4,0,cruise,Unknown,0.31386071333863697,observed,316,2
0,297,1.5162740000960184,85.28403799937223,10.67,35.82,0.58,32.62,0.16,3.7,83.63,0.0,0.01,4,4,0,cruise,Unknown,0.30067952797666403,observed,317,2
0,298,1.5798869999343879,87.4134679997951,10.62,35.11,0.76,34.87,0.19,3.97,85.64,0.0,0.01,4,4,0,cruise,Unknown,0.30333300185627154,observed,318,2
0,299,1.4837960006843787,94.30556500046805,11.13,36.28,0.61,40.41,0.17,3.93,92.65,0.0,0.01,3,3,1,slow_down,Unknown,0.31524960222752585,observed,319,2
0,300,1.7300650006291107,84.45020300041506,11.01,35.78,0.53,30.99,0.17,4.0,82.58,0.0,0.01,3,3,1,slow_down,Unknown,0.31330383187483424,observed,320,2
0,301,1.5468060000785044,84.37839699945471,11.18,35.22,0.65,31.61,0.18,3.77,82.69,0.0,0.01,4,4,1,slow_down,Unknown,0.2616249005568815,observed,321,2
0,302,1.5598869995301357,84.05852199939545,11.52,35.19,0.69,29.57,0.19,5.08,82.35,0.0,0.01,4,4,1,slow_down,Unknown,0.26072991249005567,observed,322,2
0,303,1.4891099999658763,85.45678400059842,10.34,36.1,0.54,32.37,0.18,4.2,83.83,0.0,0.01,3,3,0,cruise,Unknown,0.2546837708830549,observed,323,2
0,304,1.5830349993848358,85.51692699984415,11.43,36.79,0.63,30.68,0.15,4.01,83.79,0.0,0.01,3,3,0,cruise,Unknown,0.2659158711217184,observed,324,2
0,305,1.427671000783448,86.6501620002964,11.33,37.7,0.58,31.2,0.15,4.0,85.07,0.0,0.01,3,3,0,cruise,Unknown,0.2824184566428003,observed,325,2
0,306,1.667909000389045,83.50376700036577,10.63,35.41,0.61,31.02,0.16,3.78,81.71,0.0,0.01,3,3,0,cruise,Unknown,0.2854498143728454,observed,326,2
0,307,1.4466470001934795,86.88747199994395,12.74,35.82,0.66,31.58,0.18,4.18,85.28,0.0,0.01,3,3,0,cruise,Unknown,0.2884347653142403,observed,327,2
0,308,1.6503369997735717,160.18127000006643,11.8,57.48,0.62,81.17,0.29,6.8,158.3,0.0,0.01,3,3,0,cruise,Unknown,0.2879541235746486,observed,328,2
0,309,1.445337999939511,212.39051799966546,20.91,77.67,0.8,101.69,0.36,9.13,210.71,0.0,0.01,3,3,1,slow_down,Unknown,0.2605708035003978,observed,329,2
0,310,1.4761129996259115,209.76614499977586,52.49,90.09,0.85,49.65,0.36,14.5,208.1,0.0,0.01,3,3,1,slow_down,Unknown,0.26393363829223015,observed,330,2
0,311,3.4875399996963097,226.8690559994866,37.55,138.78,1.89,40.53,0.19,4.15,223.21,0.0,0.02,3,3,0,cruise,Unknown,0.27635076902678335,observed,331,2
0,312,1.731057000142755,89.09921899976325,11.42,35.42,0.56,35.1,0.24,4.36,87.21,0.0,0.01,3,3,0,cruise,Unknown,0.2840294351630867,observed,332,2
0,313,1.6572750000705128,93.54629700010264,11.58,38.87,0.55,34.6,0.26,5.71,91.72,0.0,0.01,3,3,0,cruise,Unknown,0.3052373375762397,observed,333,2
0,314,1.4831690004939446,92.8661980005927,14.77,37.71,0.74,33.4,0.16,4.32,91.22,0.0,0.01,3,3,0,cruise,Unknown,0.30516109785202866,observed,334,2
0,315,1.6336789994966239,88.39986599923577,10.82,36.1,0.56,34.42,0.19,4.44,86.63,0.0,0.01,3,3,0,cruise,Unknown,0.33043953858393,observed,335,2
0,316,1.5120979996936512,84.55448800032173,11.16,35.62,0.48,31.81,0.14,3.58,82.89,0.0,0.01,3,3,0,cruise,Unknown,0.33161462476796605,observed,336,2
0,317,1.6072560001703096,86.69383000051312,11.77,35.5,0.62,33.31,0.16,3.44,84.91,0.0,0.01,3,3,0,cruise,Unknown,0.2843227923627685,observed,337,2
0,318,1.5303640002457541,100.10181300003751,11.26,48.46,1.06,33.42,0.18,3.93,98.44,0.0,0.01,3,3,0,cruise,Unknown,0.2784573057544418,observed,338,2
0,319,1.4594509993912652,85.56405299987091,10.78,35.25,0.52,33.22,0.16,3.93,83.95,0.0,0.01,3,3,1,slow_down,Unknown,0.32444974807743304,observed,339,2
0,320,1.5533240002696402,86.90565500000957,11.74,37.0,0.54,31.5,0.17,4.16,85.21,0.0,0.01,3,3,1,slow_down,Unknown,0.3243337311058075,observed,340,2
0,321,1.6023549997044029,88.10097600053268,11.61,36.48,0.61,33.23,0.19,4.07,86.31,0.0,0.01,3,3,3,slow_down,Unknown,0.34081477061787324,observed,341,2
0,322,1.7212909997397219,83.68352099932963,10.58,36.47,0.58,29.72,0.18,4.19,81.81,0.0,0.01,3,3,3,slow_down,Unknown,0.34153076107133384,observed,342,2
0,323,1.7205600006491295,83.62579800086678,10.53,35.31,0.63,30.86,0.2,4.12,81.76,0.0,0.01,3,3,1,slow_down,Unknown,0.33065499867409176,observed,343,2
0,324,1.4583840002160287,85.81379699990066,10.96,35.47,0.59,32.79,0.2,4.07,84.18,0.0,0.01,3,3,1,slow_down,Unknown,0.33057544417926277,observed,344,2
0,325,1.6694870000719675,82.52373199957219,11.42,34.85,0.49,29.88,0.14,3.8,80.69,0.0,0.01,3,3,1,slow_down,Unknown,0.329786528772209,observed,345,2
0,326,1.4502120002362062,85.7647779994295,10.43,37.6,0.52,31.24,0.19,4.11,84.18,0.0,0.01,3,3,1,slow_down,Unknown,0.3316643463272342,observed,346,2
0,327,1.5487949995076633,87.28599200003373,10.8,35.79,0.62,32.65,0.29,5.31,85.57,0.0,0.01,3,3,0,cruise,Unknown,0.302719769291965,observed,347,2
0,328,1.598061000549933,82.39715000036085,11.43,35.47,0.59,29.17,0.17,3.74,80.66,0.0,0.01,3,3,0,cruise,Unknown,0.2996668655529037,observed,348,2
0,329,1.3985369996589725,82.45425299992348,10.28,36.15,0.56,29.76,0.15,3.92,80.92,0.0,0.01,3,3,0,cruise,Unknown,0.2742624635375232,observed,349,2
0,330,1.7104729995480739,94.67803400002595,12.24,46.09,0.77,29.53,0.21,3.88,92.83,0.0,0.01,3,3,0,cruise,Unknown,0.2742392601431981,observed,350,2
0,331,1.5054129999043653,83.60033100052533,11.05,35.82,0.49,30.45,0.18,3.86,81.94,0.0,0.01,3,3,1,slow_down,Unknown,0.27818383717846723,observed,351,2
0,332,1.6313709993482917,83.86491299916088,11.36,36.86,0.55,29.11,0.16,3.94,82.07,0.0,0.01,3,3,1,slow_down,Unknown,0.27641043489790507,observed,352,2
0,333,1.5154409993556328,83.90450499973667,11.06,35.5,0.46,31.41,0.28,3.45,82.26,0.0,0.01,3,3,1,slow_down,Unknown,0.22312715460090163,observed,353,2
0,334,1.5016930001365836,82.17157099988981,10.15,36.68,0.47,29.31,0.16,3.66,80.54,0.0,0.01,3,3,1,slow_down,Unknown,0.22816063378414214,observed,354,2
0,335,1.4968100003898144,83.85082700078783,10.81,35.16,0.57,31.04,0.21,4.32,82.21,0.0,0.01,3,3,1,slow_down,Unknown,0.30397109520021215,observed,355,2
0,336,1.5446690003955155,85.33970000007685,12.22,36.26,0.61,30.48,0.19,3.79,83.65,0.0,0.01,3,3,1,slow_down,Unknown,0.31227625298329353,observed,356,2
0,337,1.560257000164711,86.95168200029002,11.98,36.07,0.61,32.57,0.19,3.72,85.23,0.0,0.01,3,3,0,cruise,Unknown,0.27390612569610184,observed,357,2
0,338,1.600512000550225,94.00160600034724,11.87,36.59,0.53,39.33,0.16,3.69,92.26,0.0,0.01,3,3,0,cruise,Unknown,0.2779435163086714,observed,358,2
0,339,1.5687020004406804,84.99086699976033,10.36,35.66,0.48,32.15,0.22,4.29,83.28,0.0,0.01,2,2,0,cruise,Unknown,0.32583532219570405,observed,359,2
0,340,1.5543360004812712,82.88985100080026,11.11,35.56,0.44,30.16,0.16,3.67,81.2,0.0,0.01,2,2,0,cruise,Unknown,0.31266076637496687,observed,360,2
0,341,1.4899879997756216,85.03228699919418,10.7,37.46,0.48,30.33,0.19,4.13,83.4,0.0,0.01,3,3,0,cruise,Unknown,0.3069212410501193,observed,361,2
0,342,1.5291729996533832,98.96678899986,12.62,48.18,0.71,31.15,0.23,4.24,97.26,0.0,0.01,3,3,0,cruise,Unknown,0.31127684964200475,observed,362,2
0,343,1.6785950001576566,83.25826899999811,10.81,35.33,0.45,30.81,0.15,3.78,81.44,0.0,0.01,2,2,0,cruise,Unknown,0.3109934367541766,observed,363,2
0,344,1.3841199997841613,88.05790299993532,10.98,36.67,0.53,34.29,0.16,3.81,86.54,0.0,0.01,2,2,0,cruise,Unknown,0.2969255502519226,observed,364,2
0,345,1.6468339999846648,88.9251990001867,11.17,37.43,0.42,33.27,0.19,4.52,87.1,0.0,0.01,2,2,0,cruise,Unknown,0.3527562317687616,observed,365,2
0,346,1.696989000265603,83.38878300037322,10.8,35.32,0.46,30.76,0.19,3.89,81.52,0.0,0.01,2,2,0,cruise,Unknown,0.3516242376027579,observed,366,2
0,347,1.5037050006867503,84.74589900015417,10.97,36.66,0.5,30.23,0.19,4.41,83.06,0.0,0.01,2,2,0,cruise,Unknown,0.2969504110315566,observed,367,2
0,348,1.6050800004450139,85.01176300069346,12.14,35.26,0.41,31.15,0.19,4.01,83.26,0.0,0.01,2,2,0,cruise,Unknown,0.3163782816229117,observed,368,2
0,349,1.4966429998821695,84.30431799934013,10.48,36.52,0.52,31.31,0.16,3.58,82.66,0.0,0.01,3,2,0,cruise,Unknown,0.3243619066560594,observed,369,2
0,350,1.496335999945586,84.69953299936606,10.96,36.29,0.62,30.88,0.19,4.01,83.08,0.0,0.01,3,2,0,cruise,Unknown,0.3113099973481835,observed,370,2
0,351,1.4968609993957216,79.43077399977483,13.96,36.19,0.6,23.36,0.19,3.42,77.81,0.0,0.01,2,1,0,cruise,Unknown,0.16493138424821002,observed,371,2
0,352,1.5470389998881728,75.29163699928176,10.93,35.85,0.6,23.03,0.16,2.94,73.61,0.0,0.01,2,1,0,cruise,Unknown,0.16968145054362238,observed,372,2
0,353,1.470788999540673,79.67326400012098,10.92,35.83,0.57,27.25,0.15,3.24,78.06,0.0,0.01,2,2,0,cruise,Unknown,0.1997729382126757,observed,373,2
0,354,1.4116520005700295,88.79227200031892,10.69,45.4,0.49,27.05,0.15,3.36,87.25,0.0,0.01,2,2,0,cruise,Unknown,0.18958333333333333,observed,374,2
0,355,1.5477670003747335,82.35330800016527,10.71,35.23,0.4,30.6,0.15,3.47,80.66,0.0,0.01,1,1,0,cruise,Unknown,0.2612917661097852,observed,375,2
0,356,1.5249989992298651,80.86745099990367,10.82,34.14,0.48,29.81,0.17,3.64,79.2,0.0,0.01,1,1,0,cruise,Unknown,0.2645866481039512,observed,376,2
0,357,1.6598590000285185,82.22890800061577,10.72,35.21,0.41,30.28,0.13,3.6,80.43,0.0,0.01,1,1,0,cruise,Unknown,0.34950444179262796,observed,377,2
0,358,1.3593100002253777,83.82902600078523,10.44,36.94,0.41,30.73,0.17,3.56,82.36,0.0,0.01,1,1,0,cruise,Unknown,0.3477658446035534,observed,378,2
0,359,1.3828090004608384,83.52968899998814,10.06,35.65,0.41,31.53,0.2,4.06,82.02,0.0,0.01,1,1,0,cruise,Unknown,0.2528457305754442,observed,379,2
0,360,1.733990000502672,89.98434800014365,11.48,38.31,0.41,33.62,0.18,3.98,88.1,0.0,0.01,1,1,0,cruise,Unknown,0.2510474675152479,observed,380,2
0,361,1.750102999722003,89.27342100014357,11.85,36.76,0.42,33.84,0.2,4.2,87.38,0.0,0.01,1,1,0,cruise,Unknown,0.28973249801113765,observed,381,2
0,362,1.6640679996271501,87.68719500039879,10.93,36.79,0.45,33.44,0.2,3.94,85.88,0.0,0.01,1,1,0,cruise,Unknown,0.2877535799522673,observed,382,2
0,363,1.5007530000730185,74.58934599981148,13.94,36.5,0.5,19.48,0.15,2.28,72.96,0.0,0.01,1,1,0,cruise,Unknown,0.05699582338902148,observed,383,2
0,364,1.594866999766964,69.93992200023058,10.29,36.03,0.37,18.84,0.16,2.45,68.22,0.0,0.01,1,1,0,cruise,Unknown,0.05608426146910634,observed,384,2
0,365,1.6550870004721219,62.85176700021111,10.32,35.51,0.36,12.39,0.19,2.19,61.06,0.0,0.01,1,1,1,slow_down,Unknown,0.03198587907716786,observed,385,2
0,366,1.4388620002137031,63.11045300026308,10.38,35.5,0.36,13.01,0.15,2.05,61.56,0.0,0.01,1,1,1,slow_down,Unknown,0.041406457173163616,observed,386,2
0,367,1.3785899991489714,82.19140999972296,10.39,48.7,0.37,18.23,0.14,2.77,80.7,0.0,0.01,1,1,0,cruise,Unknown,0.09277877220896313,observed,387,2
0,368,1.5126110001801862,73.35016799970617,10.47,36.11,0.48,21.33,0.16,3.06,71.7,0.0,0.01,1,1,0,cruise,Unknown,0.09407816229116946,observed,388,2
0,369,1.4224610004021088,67.63435500033665,10.52,33.65,0.35,18.64,0.18,2.65,66.08,0.0,0.01,1,1,0,cruise,Unknown,0.07934234950941395,observed,389,2
0,370,1.7220839999936288,66.98644300013257,10.71,33.83,0.35,17.58,0.14,2.43,65.14,0.0,0.01,1,1,0,cruise,Unknown,0.07481934500132591,observed,390,2
0,371,1.4108229997873423,64.45785899995826,9.66,34.89,0.37,15.26,0.17,2.43,62.89,0.0,0.02,1,1,0,cruise,Unknown,0.038350238663484484,observed,391,2
0,372,1.6768860004958697,65.7866470000954,10.95,33.94,0.42,16.43,0.14,2.02,63.99,0.0,0.01,1,1,0,cruise,Unknown,0.0386402810925484,observed,392,2
0,373,1.5143410000746371,63.25411299985717,10.14,34.43,0.45,12.95,0.16,3.33,61.58,0.0,0.01,1,1,0,cruise,Unknown,0.03938776186687881,observed,393,2
0,374,1.625273999707133,66.90457500008051,11.44,37.55,0.35,13.72,0.13,1.87,65.16,0.0,0.01,1,1,0,cruise,Unknown,0.04534937682312384,observed,394,2
0,375,1.0397010000815499,71.43421199998556,10.57,35.69,0.47,20.71,0.15,2.61,70.28,0.0,0.01,1,1,0,cruise,Unknown,0.10036793953858393,observed,395,2
0,376,1.2500269995143753,73.42327700007445,10.39,34.5,0.41,23.47,0.22,2.89,72.03,0.0,0.01,1,1,0,cruise,Unknown,0.09776087244762663,observed,396,2
0,377,1.9631459999800427,79.12896299967542,10.52,40.86,0.42,21.86,0.24,2.93,76.98,0.0,0.01,1,1,0,cruise,Unknown,0.07741315300981172,observed,397,2
0,378,1.9134210006086505,75.5132650001542,11.27,36.42,0.42,22.8,0.16,2.29,73.47,0.0,0.01,1,1,0,cruise,Unknown,0.0905545611243702,observed,398,2
0,379,1.4121860003797337,73.73628599998483,9.51,34.07,0.38,24.76,0.15,3.23,72.21,0.0,0.01,1,1,0,cruise,Unknown,0.15744000265181649,observed,399,2
0,380,1.3064320000921725,76.85718800075847,10.63,33.72,0.32,27.75,0.14,2.77,75.43,0.0,0.01,1,1,0,cruise,Unknown,0.1609287987271281,observed,400,2
0,381,3.8439700001617894,79.27098100026342,8.78,33.7,0.42,28.4,0.21,3.69,75.3,0.0,0.01,1,1,0,cruise,Unknown,0.05678533545478653,observed,401,2
0,382,1.362599000458431,71.72333600010461,10.33,34.05,0.33,23.13,0.14,2.16,70.24,0.0,0.01,1,1,0,cruise,Unknown,0.059273070803500395,observed,402,2
0,383,1.4973870001995238,67.89626299996598,10.29,34.65,0.4,18.49,0.2,2.1,66.24,0.0,0.01,1,1,0,cruise,Unknown,0.028848448687350835,observed,403,2
0,384,1.5873699994699564,65.13290399925609,11.44,35.4,0.49,13.78,0.14,2.03,63.39,0.0,0.01,1,1,0,cruise,Unknown,0.02833631662688942,observed,404,2
0,385,1.4318189996629371,67.93460700009746,9.82,35.92,0.39,17.86,0.15,2.13,66.36,0.0,0.01,1,1,0,cruise,Unknown,0.04650125961283479,observed,405,2
0,386,1.6493329994773376,64.23273099971993,10.63,33.44,0.3,15.82,0.15,2.01,62.45,0.0,0.01,1,1,0,cruise,Unknown,0.047558671439936355,observed,406,2
0,387,1.4994570001363172,81.01743899987923,10.7,36.49,0.3,28.6,0.14,3.08,79.4,0.0,0.01,1,1,0,cruise,Unknown,0.1343178202068417,observed,407,2
0,388,1.4377580000655144,77.63088400042761,9.66,34.46,0.32,28.2,0.16,3.2,76.08,0.0,0.01,1,1,0,cruise,Unknown,0.12403705913550782,observed,408,2
0,389,1.386191999699804,80.50883799933217,10.2,34.61,0.27,30.07,0.16,3.58,79.01,0.0,0.01,1,1,0,cruise,Unknown,0.28053566693184834,observed,409,2
0,390,1.5234390002660803,79.99195699994743,10.89,33.99,0.27,29.08,0.22,3.79,78.35,0.0,0.01,1,1,0,cruise,Unknown,0.2780462741978255,observed,410,2
0,391,1.4015429997016327,84.54369199989742,13.31,36.95,0.07,29.35,0.14,3.11,83.03,0.0,0.01,0,0,0,cruise,Unknown,0.2860729912490056,observed,411,2
0,392,1.4049909996174392,79.26459699956467,9.23,36.43,0.08,28.74,0.14,3.03,77.74,0.0,0.01,0,0,0,cruise,Unknown,0.28888557411827104,observed,412,2
0,393,1.456603999940853,80.55371199952788,9.43,35.18,0.1,30.6,0.16,3.4,78.99,0.0,0.01,0,0,1,slow_down,Unknown,0.28865685494563775,observed,413,2
0,394,1.5205099998638616,81.29969400033588,9.37,36.34,0.1,30.3,0.15,3.31,79.67,0.0,0.01,0,0,1,slow_down,Unknown,0.28791766109785205,observed,414,2
0,395,1.5030810000098427,134.7868530001506,10.75,68.1,0.1,47.7,0.31,6.01,133.11,0.0,0.01,0,0,1,slow_down,Unknown,0.23774032086979582,observed,415,2
0,396,3.0749580000701826,128.31429500056402,17.78,58.37,0.12,42.42,0.25,6.04,125.09,0.0,0.01,0,0,1,slow_down,Unknown,0.23979713603818617,observed,416,2
0,397,1.0082329999931972,121.62170300052821,17.33,54.47,0.46,43.32,0.24,4.5,120.47,0.0,0.01,1,1,0,cruise,Unknown,0.24855973216653407,observed,417,2
0,398,1.5256680007951218,116.60584000037488,13.73,54.47,0.46,41.04,0.21,4.81,114.86,0.0,0.01,1,1,0,cruise,Unknown,0.25211979581012994,observed,418,2
0,399,3.24620799983677,125.69886999972368,18.57,55.29,0.38,42.24,0.34,5.36,122.32,0.0,0.01,1,1,2,slow_down,Unknown,0.25274131530098115,observed,419,2
0,400,1.4525169999615173,118.53570199946262,12.23,55.47,0.45,42.55,0.21,5.9,116.94,0.0,0.01,1,1,2,slow_down,Unknown,0.2497066428003182,observed,420,2
0,401,3.4511989997554338,124.11586300004274,13.55,54.74,0.09,45.14,0.21,6.66,120.52,0.0,0.01,0,0,1,slow_down,Unknown,0.3109122248740387,observed,421,2
0,402,1.7124529995271587,124.1831050001565,12.81,55.14,0.1,47.75,0.22,6.18,122.33,0.0,0.01,0,0,1,slow_down,Unknown,0.3104647308406258,observed,422,2
0,403,3.5927879998780554,132.97239799976523,14.32,54.42,0.46,51.62,0.22,8.06,129.24,0.0,0.01,1,1,0,cruise,Unknown,0.3074632060461416,observed,423,2
0,404,1.6399850001107552,127.36952200066298,15.18,54.71,0.55,47.93,0.35,6.71,125.57,0.0,0.02,1,1,0,cruise,Unknown,0.30718808008485815,observed,424,2
0,405,3.2968490004350315,136.6136220003682,16.01,61.92,0.5,48.75,0.26,5.57,133.16,0.0,0.02,1,1,0,cruise,Unknown,0.25748972421108457,observed,425,2
0,406,1.675644999522774,123.66746599946055,12.53,57.24,0.35,45.36,0.22,6.04,121.86,0.0,0.01,1,1,0,cruise,Unknown,0.26145418987006097,observed,426,2
0,407,2.9916929997853003,125.36696699953609,15.15,54.62,0.36,45.97,0.23,5.78,122.23,0.0,0.01,1,1,0,cruise,Unknown,0.3095515115354017,observed,427,2
0,408,1.4991190000728238,122.05374399945867,11.74,58.3,0.09,44.27,0.19,5.66,120.4,0.0,0.02,0,0,0,cruise,Unknown,0.31214034738796076,observed,428,2
0,409,3.349583000272105,121.8873200004964,11.54,53.41,0.1,45.12,0.28,7.8,118.4,0.0,0.01,0,0,0,cruise,Unknown,0.28085388491116414,observed,429,2
0,410,3.119730999969761,130.35318999936862,16.71,55.73,0.1,47.53,0.23,6.6,127.06,0.0,0.02,0,0,0,cruise,Unknown,0.284518363829223,observed,430,2
0,411,3.1175820004136767,127.3351449999609,15.82,56.11,0.13,45.74,0.19,5.94,124.08,0.0,0.01,0,0,0,cruise,Unknown,0.28424323786793954,observed,431,2
0,412,1.6217940001297393,135.255098000016,11.55,69.8,0.12,45.62,0.2,6.02,133.46,0.0,0.01,0,0,0,cruise,Unknown,0.29072858658180856,observed,432,2
0,413,3.4403530007693917,122.85744800010434,12.37,55.33,0.11,45.93,0.19,5.23,119.28,0.0,0.01,0,0,0,cruise,Unknown,0.28468410236011665,observed,433,2
0,414,1.5076879999469384,127.24233599965373,11.56,56.68,0.1,50.96,0.38,5.75,125.58,0.0,0.02,0,0,0,cruise,Unknown,0.28888557411827104,observed,434,2
0,415,3.5329450001881924,130.57940999988205,15.35,53.92,0.12,50.34,0.25,6.77,126.89,0.0,0.01,0,0,0,cruise,Unknown,0.2499055290373906,observed,435,2
0,416,1.5357510001194896,126.9090360001428,14.05,56.89,0.1,47.58,0.22,6.24,125.22,0.0,0.01,0,0,0,cruise,Unknown,0.24692555025192256,observed,436,2
0,417,3.666264000457886,119.77233100060403,15.98,60.33,0.1,35.45,0.16,3.84,115.98,0.0,0.01,0,0,0,cruise,Unknown,0.3524164677804296,observed,437,2
0,418,1.1690219998854445,83.6737979998361,11.51,35.99,0.1,30.98,0.14,3.57,82.38,0.0,0.01,0,0,0,cruise,Unknown,0.3514303235216123,observed,438,2
0,419,1.794562000213773,82.50038100050006,11.74,34.74,0.1,30.37,0.13,3.4,80.58,0.0,0.01,0,0,0,cruise,Unknown,0.34066560594006895,observed,439,2
0,420,1.5637289998267079,79.75025199993979,10.94,34.05,0.08,29.62,0.13,3.16,78.07,0.0,0.01,0,0,0,cruise,Unknown,0.34076504905860516,observed,440,2
0,421,1.4603839999836055,81.31692999995721,10.34,34.97,0.3,29.98,0.14,3.84,79.68,0.0,0.01,1,1,1,slow_down,Unknown,0.3414329753381066,observed,441,2
0,422,1.597999000296113,94.18164700036868,13.88,44.34,0.44,30.04,0.19,3.44,92.44,0.0,0.01,1,1,1,slow_down,Unknown,0.34159374171307344,observed,442,2
0,423,1.4775939998799004,81.63733600031264,10.68,34.88,0.07,30.66,0.18,3.48,80.05,0.0,0.01,0,0,1,slow_down,Unknown,0.3432627287191726,observed,443,2
0,424,1.4783360002184054,89.39258400005201,10.65,36.73,0.11,36.66,0.15,3.39,87.8,0.0,0.01,0,0,1,slow_down,Unknown,0.34387430389817025,observed,444,2
0,425,1.3608789995487314,82.37274899965996,10.61,35.96,0.07,30.6,0.13,3.42,80.9,0.0,0.01,0,0,0,cruise,Unknown,0.3451173428798727,observed,445,2
0,426,1.3990860006742878,80.71643499988568,10.45,34.56,0.1,30.48,0.13,3.37,79.18,0.0,0.01,0,0,0,cruise,Unknown,0.3450759082471493,observed,446,2
0,427,1.5070849995026947,87.7069179996397,14.02,36.91,0.09,31.65,0.13,3.18,86.07,0.0,0.01,0,0,0,cruise,Unknown,0.3394789180588703,observed,447,2
0,428,1.0552710000411025,80.71313999971608,10.17,34.69,0.07,31.23,0.14,3.18,79.56,0.0,0.01,0,0,0,cruise,Unknown,0.33688179527976664,observed,448,2
0,429,2.287078000335896,86.27138199972251,9.53,36.18,0.08,33.87,0.17,3.93,83.85,0.0,0.01,0,0,0,cruise,Unknown,0.3136734287987271,observed,449,2
0,430,1.5079410004545934,87.00890700038144,11.28,37.81,0.09,32.43,0.13,3.53,85.36,0.0,0.01,0,0,0,cruise,Unknown,0.31551644126226464,observed,450,2
0,431,1.483422000092105,85.87696500035236,10.6,36.05,0.07,33.99,0.15,3.34,84.29,0.0,0.01,0,0,0,cruise,Unknown,0.33449350304958897,observed,451,2
0,432,1.4039269999557291,82.1896489997016,9.86,34.79,0.08,32.08,0.14,3.64,80.68,0.0,0.01,0,0,0,cruise,Unknown,0.3360531026252983,observed,452,2
0,433,1.4432939997277572,85.80807199996343,10.29,36.42,0.37,33.05,0.18,3.82,84.22,0.0,0.01,1,1,0,cruise,Unknown,0.3273087377353487,observed,453,2
0,434,1.5387539997391286,102.87874999994528,10.92,54.6,0.4,31.36,0.18,3.66,101.22,0.0,0.01,1,1,0,cruise,Unknown,0.3280263855741183,observed,454,2
0,435,1.4946740002415027,86.7621240004155,11.41,36.65,0.31,33.04,0.18,3.44,85.13,0.0,0.01,1,0,0,cruise,Unknown,0.31288285600636434,observed,455,2
0,436,1.369661000353517,87.59498300059931,10.22,38.44,0.29,32.99,0.17,3.89,86.1,0.0,0.01,1,0,0,cruise,Unknown,0.3114608194112967,observed,456,2
0,437,1.4963510002417024,87.83546300037415,11.29,35.83,0.34,34.84,0.16,3.62,86.18,0.0,0.01,1,1,0,cruise,Unknown,0.3114127552373376,observed,457,2
0,438,1.7521780000606668,93.39270100008434,10.55,39.63,0.32,36.71,0.22,3.97,91.52,0.0,0.01,1,1,0,cruise,Unknown,0.31086913285600637,observed,458,2
0,439,1.4771659998586983,85.3129719998833,11.18,35.21,0.35,33.19,0.16,3.51,83.68,0.0,0.01,1,1,0,cruise,Unknown,0.32394756032882527,observed,459,2
0,440,1.6270850001092185,88.2568060005724,10.24,36.25,0.4,35.35,0.17,3.98,86.5,0.0,0.01,1,1,0,cruise,Unknown,0.3278324714929727,observed,460,2
0,441,1.5370740002254024,88.52590500009683,11.13,36.42,0.48,34.82,0.16,3.76,86.87,0.0,0.01,2,1,0,cruise,Unknown,0.3054262795014585,observed,461,2
0,442,1.5085579998412868,87.76922499964712,11.3,38.0,0.4,32.31,0.16,3.83,86.11,0.0,0.01,2,1,0,cruise,Unknown,0.30716321930522406,observed,462,2
0,443,1.490992999606533,83.10364499993739,10.77,37.37,0.44,28.49,0.18,4.12,81.47,0.0,0.01,2,2,0,slow_down,Unknown,0.2843824582338902,observed,463,2
0,444,1.7064089997802512,84.06315100000938,11.24,37.47,0.55,28.83,0.18,3.86,82.23,0.0,0.01,2,2,0,slow_down,Unknown,0.28117044550517106,observed,464,2
0,445,1.7158799992103013,97.05312000005506,11.6,36.36,0.37,40.62,0.3,5.8,95.17,0.0,0.01,1,1,0,cruise,Unknown,0.2718857730045081,observed,465,2
0,446,1.4660610004284536,88.72006300043722,15.02,35.83,0.33,32.24,0.14,3.46,87.12,0.0,0.01,1,1,0,cruise,Unknown,0.2717664412622646,observed,466,2
0,447,1.4209999999366119,85.91363100003946,10.31,35.36,0.36,34.4,0.14,3.7,84.38,0.0,0.01,1,1,0,cruise,Unknown,0.27540108724476264,observed,467,2
0,448,1.3995290000821115,83.06803999948897,10.29,35.5,0.35,31.9,0.16,3.27,81.56,0.0,0.01,1,1,0,cruise,Unknown,0.28068648899496157,observed,468,2
0,449,1.3429420005195425,88.19069299988769,10.75,37.44,0.41,33.06,0.17,4.78,86.72,0.0,0.01,1,1,0,cruise,Unknown,0.283028374436489,observed,469,2
0,450,1.4822370003457763,88.66439100074786,13.1,36.96,0.35,32.23,0.16,4.17,87.07,0.0,0.01,1,1,0,cruise,Unknown,0.28177539114293293,observed,470,2
0,451,1.4914940002199728,82.98101800028235,10.61,35.13,0.31,31.53,0.17,3.53,81.37,0.0,0.01,1,1,0,cruise,Unknown,0.2874685096791302,observed,471,2
0,452,1.4892260005581193,84.4499069999074,10.08,35.39,0.34,33.01,0.19,3.73,82.84,0.0,0.01,1,1,0,cruise,Unknown,0.28905959957570937,observed,472,2
0,453,1.6734090004320024,84.32833999995637,10.63,35.46,0.36,31.95,0.17,3.86,82.52,0.0,0.01,1,1,0,cruise,Unknown,0.2852741315300981,observed,473,2
0,454,1.4807539992034435,85.64642700002878,10.74,35.58,0.36,33.52,0.18,3.57,84.04,0.0,0.01,1,1,0,cruise,Unknown,0.28288915407053833,observed,474,2
0,455,1.7071560005206265,87.96539600007236,10.24,38.28,0.39,33.11,0.16,3.83,86.11,0.0,0.01,1,1,1,slow_down,Unknown,0.30474675152479447,observed,475,2
0,456,1.602532999640971,84.33844299997872,10.81,35.09,0.42,32.04,0.18,3.95,82.6,0.0,0.01,1,1,1,slow_down,Unknown,0.3026203261734288,observed,476,2
0,457,1.5186539994829218,103.88306899949384,11.34,40.77,0.38,43.09,0.26,6.22,102.17,0.0,0.01,1,1,1,slow_down,Unknown,0.3273352559002917,observed,477,2
0,458,1.591590999851178,90.74853799938865,10.81,39.1,0.37,34.32,0.15,4.14,89.0,0.0,0.01,1,1,1,slow_down,Unknown,0.3275573455316892,observed,478,2
0,459,1.4764159996047965,87.73728300002404,12.65,35.85,0.41,33.14,0.19,3.79,86.12,0.0,0.01,1,1,0,cruise,Unknown,0.30549588968443386,observed,479,2
0,460,1.458379000723653,84.77590800066537,10.75,35.13,0.39,33.14,0.15,3.53,83.17,0.0,0.01,1,1,0,cruise,Unknown,0.30643231238398305,observed,480,2
0,461,1.5891650000412483,106.33478999989165,10.62,53.96,0.13,35.93,0.16,3.69,104.62,0.0,0.01,0,0,0,cruise,Unknown,0.28891374966852296,observed,481,2
0,462,1.5073249996930826,82.64498299922707,10.26,35.65,0.11,31.22,0.14,3.54,81.01,0.0,0.01,0,0,0,cruise,Unknown,0.28940433571996815,observed,482,2
0,463,1.4308820000223932,89.25851599997259,9.95,38.72,0.48,34.49,0.17,3.8,87.7,0.0,0.01,1,1,0,cruise,Unknown,0.2965609254839565,observed,483,2
0,464,1.6105320000860956,95.34543799964013,11.78,39.13,0.43,37.87,0.17,4.09,93.59,0.0,0.01,1,1,0,cruise,Unknown,0.2962244762662424,observed,484,2
0,465,1.559852000355022,88.97956600048929,11.21,37.15,0.38,34.29,0.15,3.96,87.27,0.0,0.01,1,1,0,cruise,Unknown,0.32518728453990986,observed,485,2
0,466,1.50804200075072,88.14964100020006,10.38,37.26,0.34,34.67,0.16,3.61,86.52,0.0,0.01,1,1,0,cruise,Unknown,0.3235779634049324,observed,486,2
0,467,1.687328999651072,84.36772899949574,10.66,34.88,0.32,32.62,0.19,3.77,82.54,0.0,0.01,1,1,0,cruise,Unknown,0.32102393264386103,observed,487,2
0,468,1.4095099995756755,90.74785099983274,12.04,39.71,0.45,32.43,0.22,4.25,89.21,0.0,0.01,1,1,0,cruise,Unknown,0.32205648369132855,observed,488,2
0,469,1.2755620000461931,101.8593429998873,14.23,50.16,0.5,31.21,0.21,4.02,100.45,0.0,0.01,1,1,0,cruise,Unknown,0.31375464067886505,observed,489,2
0,470,2.243705999717349,88.75249700031418,13.26,35.48,0.47,32.77,0.17,4.12,86.38,0.0,0.01,1,1,0,cruise,Unknown,0.3150507159904535,observed,490,2
0,471,2.016251999521046,89.69235399945319,11.11,38.09,0.36,33.46,0.19,4.22,87.53,0.0,0.01,1,1,0,cruise,Unknown,0.3137844736144259,observed,491,2
0,472,1.6216160001931712,88.05981899968174,11.09,36.63,0.33,32.5,0.2,5.42,86.28,0.0,0.01,1,1,0,cruise,Unknown,0.31484685759745423,observed,492,2
0,473,2.462995999849227,84.22835600049439,10.94,35.97,0.36,30.67,0.15,3.46,81.64,0.0,0.01,2,1,0,cruise,Unknown,0.3271214531954389,observed,493,2
0,474,1.5524869995715562,82.81618599994545,10.63,35.59,0.48,30.58,0.14,3.62,81.14,0.0,0.01,2,1,0,cruise,Unknown,0.3268015778308141,observed,494,2
0,475,1.656493999689701,83.58947899978375,10.37,35.15,0.43,31.73,0.16,3.88,81.81,0.0,0.01,2,2,1,slow_down,Unknown,0.31854448422169185,observed,495,2
0,476,1.4940139999453095,83.14575300028082,10.68,35.14,0.45,31.31,0.19,3.66,81.51,0.0,0.01,2,2,1,slow_down,Unknown,0.31651750198886236,observed,496,2
0,477,1.5451700000994606,85.97027299947513,11.57,36.74,0.48,31.14,0.18,4.06,84.29,0.0,0.01,2,2,1,slow_down,Unknown,0.32199184566428,observed,497,2
0,478,1.4507440000670613,89.3320949999179,11.2,36.88,0.47,34.96,0.19,3.89,87.76,0.0,0.01,2,2,1,slow_down,Unknown,0.32030462741978255,observed,498,2
0,479,1.4858899994578678,84.92951599964726,11.77,35.7,0.44,31.2,0.19,3.88,83.28,0.0,0.01,2,2,1,slow_down,Unknown,0.30049555820737206,observed,499,2
0,480,1.5680559999964316,85.99538499947812,10.93,36.22,0.53,30.82,0.15,5.49,84.24,0.0,0.01,2,2,0,cruise,Unknown,0.2958051577830814,observed,500,2
0,481,1.3436200006253785,95.46158200009813,15.83,41.31,0.49,32.53,0.15,3.57,93.99,0.0,0.01,1,1,0,cruise,Unknown,0.30298992309732165,observed,501,2
0,482,1.5225890001602238,83.36542999950325,10.74,35.43,0.34,30.94,0.16,4.0,81.7,0.0,0.01,1,1,0,cruise,Unknown,0.2995110713338637,observed,502,2
0,483,1.4568149999831803,87.47538199986593,11.19,35.3,0.43,34.22,0.19,4.44,85.87,0.0,0.01,2,2,0,cruise,Unknown,0.33411727658446033,observed,503,2
0,484,1.2695880004685023,93.0056990000594,11.66,40.03,0.45,35.25,0.18,3.92,91.6,0.0,0.01,2,2,0,cruise,Unknown,0.33227592150623175,observed,504,2
0,485,2.5696209995658137,84.21512899985828,9.7,36.92,0.41,30.61,0.15,3.63,81.53,0.0,0.01,2,2,1,slow_down,Unknown,0.32119795810129936,observed,505,2
0,486,1.527680999970471,82.05717700002424,10.81,35.44,0.41,30.22,0.13,3.32,80.41,0.0,0.01,2,2,1,slow_down,Unknown,0.3217034606205251,observed,506,2
0,487,1.5714370001660427,82.98167300017667,10.95,35.44,0.46,30.38,0.15,3.8,81.28,0.0,0.01,2,2,2,slow_down,Unknown,0.3237354150092814,observed,507,2
0,488,1.3854100006938097,83.4656860006362,10.35,35.88,0.46,31.38,0.18,3.56,81.97,0.0,0.02,2,2,1,slow_down,Unknown,0.32331941129673825,observed,508,2
0,489,1.361761999760347,82.07543600019562,10.16,34.97,0.44,31.22,0.13,3.57,80.59,0.0,0.01,2,2,1,slow_down,Unknown,0.3244215725271811,observed,509,2
0,490,1.4956200002416153,85.08019000055356,11.12,37.48,0.46,30.34,0.15,3.76,83.43,0.0,0.01,2,2,1,slow_down,Unknown,0.324216056748873,observed,510,2
0,491,1.3553580001826049,82.33395200022642,10.63,35.64,0.45,30.16,0.21,3.67,80.86,0.0,0.01,2,2,1,slow_down,Unknown,0.32581046141607,observed,511,2
0,492,1.5080860002854024,82.47734399992623,10.4,35.58,0.44,30.82,0.14,3.39,80.85,0.0,0.01,2,2,1,slow_down,Unknown,0.32556351100503844,observed,512,2
0,493,1.5163869993557455,98.18765899944992,12.04,49.17,0.56,30.57,0.15,3.89,96.54,0.0,0.01,2,2,1,slow_down,Unknown,0.30230542296473084,observed,513,2
0,494,1.5739479995318106,82.64612699986174,11.19,35.51,0.38,30.11,0.13,3.51,80.93,0.0,0.01,2,2,1,slow_down,Unknown,0.3026269557146645,observed,514,2
0,495,1.4647709995188052,85.62403299947619,10.59,34.5,0.45,34.48,0.19,3.71,84.03,0.0,0.01,2,2,1,slow_down,Unknown,0.3219089763988332,observed,515,2
0,496,1.4583110005332856,83.08296600080212,10.46,35.77,0.5,31.14,0.14,3.4,81.51,0.0,0.01,2,2,1,slow_down,Unknown,0.32353155661628213,observed,516,2
0,497,1.4033629995537922,81.33168699987436,9.91,35.13,0.41,30.44,0.13,3.69,79.81,0.0,0.01,2,2,1,slow_down,Unknown,0.3209808406258287,observed,517,2
0,498,1.4227290002963855,81.21477100030461,11.0,34.19,0.5,30.14,0.13,3.62,79.67,0.0,0.01,2,2,1,slow_down,Unknown,0.32061953062848053,observed,518,2
0,499,1.6466939996462315,83.21289600007731,11.0,35.56,0.45,30.37,0.15,3.81,81.45,0.0,0.01,2,2,0,cruise,Unknown,0.31775225404402013,observed,519,2
0,500,1.5470449998247204,88.6284930002148,10.5,36.04,0.43,35.26,0.2,4.38,86.93,0.0,0.01,2,2,0,cruise,Unknown,0.3176992177141342,observed,520,2
0,501,1.7169050006486941,92.66945000035776,11.95,38.83,0.48,34.89,0.2,4.34,90.8,0.0,0.01,2,2,0,cruise,Unknown,0.32261667992574916,observed,521,2
0,502,1.7230800003744662,93.33427700039465,12.33,39.45,0.47,34.88,0.19,4.04,91.47,0.0,0.01,2,2,0,cruise,Unknown,0.3206924555820737,observed,522,2
0,503,1.4783310007260297,84.87904400044499,11.23,35.52,0.5,31.52,0.21,4.17,83.25,0.0,0.01,2,2,0,cruise,Unknown,0.3251988862370724,observed,523,2
0,504,1.494768999691587,83.21950099980313,10.65,36.08,0.48,30.47,0.14,3.67,81.6,0.0,0.01,2,2,0,cruise,Unknown,0.3247961416070008,observed,524,2
0,505,1.4493239996227203,100.74257899941585,16.98,44.97,0.57,33.08,0.15,3.32,99.17,0.0,0.01,2,2,0,cruise,Unknown,0.3161727658446036,observed,525,2
0,506,1.6511059993717936,86.34691199949884,10.79,35.66,0.42,33.43,0.14,4.01,84.55,0.0,0.01,2,2,0,cruise,Unknown,0.31771413418191463,observed,526,2
0,507,1.7046589991878136,93.02250199925766,13.77,38.39,0.56,34.35,0.16,3.85,91.2,0.0,0.01,2,2,0,cruise,Unknown,0.3146330548926014,observed,527,2
0,508,1.5155199998844182,87.90436399976898,10.73,38.06,0.44,33.07,0.18,3.68,86.27,0.0,0.01,2,2,0,cruise,Unknown,0.31313146380270485,observed,528,2
0,509,1.4472920001935563,84.86923899999965,10.47,35.85,0.45,32.54,0.15,3.75,83.3,0.0,0.01,2,2,0,cruise,Unknown,0.30924986740917526,observed,529,2
0,510,1.5565920002700295,87.97848099948169,10.91,35.85,0.4,35.07,0.16,3.8,86.29,0.0,0.01,2,2,0,cruise,Unknown,0.3101017634579687,observed,530,2
0,511,1.5410300002258737,87.52412299963908,11.35,35.88,0.48,33.9,0.27,3.78,85.84,0.0,0.03,2,2,0,cruise,Unknown,0.3100072924953593,observed,531,2
0,512,1.5072579999468871,83.20090799952595,10.67,35.25,0.37,31.58,0.14,3.47,81.57,0.0,0.01,2,2,0,cruise,Unknown,0.3097354813046937,observed,532,2
0,513,1.4580360002582893,85.74505199976556,10.54,35.94,0.41,33.25,0.15,3.78,84.17,0.0,0.01,2,2,0,cruise,Unknown,0.3139767303102625,observed,533,2
0,514,1.5071360003275913,88.29868999964674,11.48,37.84,0.46,32.77,0.17,3.86,86.67,0.0,0.01,2,2,0,cruise,Unknown,0.3129375497215593,observed,534,2
0,515,1.4490019993900205,86.16342099958274,11.44,35.8,0.43,32.99,0.14,3.67,84.59,0.0,0.01,2,2,0,cruise,Unknown,0.31221161495624505,observed,535,2
0,516,1.473239999540965,98.86778199961554,10.2,36.95,0.42,42.82,0.28,6.43,97.24,0.0,0.02,2,2,0,cruise,Unknown,0.31543854415274464,observed,536,2
0,517,1.454829000067548,86.59196099961264,10.79,37.46,0.49,32.3,0.14,3.72,84.99,0.0,0.01,2,2,0,cruise,Unknown,0.32119795810129936,observed,537,2
0,518,1.558945000397216,86.0245349995239,11.03,37.76,0.42,31.09,0.16,3.63,84.26,0.0,0.08,2,2,1,slow_down,Unknown,0.3225735879077168,observed,538,2
0,519,1.5346399995905813,82.29324399962934,11.08,34.99,0.4,30.1,0.15,3.82,80.63,0.0,0.01,2,2,1,slow_down,Unknown,0.323927671705118,observed,539,2
0,520,1.380966999931843,81.7125470002793,9.78,34.6,0.4,31.24,0.2,3.86,80.21,0.0,0.01,2,2,1,slow_down,Unknown,0.32265479978785466,observed,540,2
0,521,1.4379280000866856,84.93093500055693,10.61,35.1,0.37,32.09,0.27,4.74,83.31,0.0,0.01,2,2,1,slow_down,Unknown,0.3252038583929992,observed,541,2
0,522,1.4324699995995616,85.24747699993895,12.43,35.94,0.51,30.67,0.16,3.89,83.69,0.0,0.01,2,2,1,slow_down,Unknown,0.32573587907716783,observed,542,2
0,523,1.4984649997131783,82.2311889996854,10.95,35.95,0.41,29.6,0.15,3.41,80.61,0.0,0.01,2,2,1,slow_down,Unknown,0.3195455449482896,observed,543,2
0,524,1.4092640003582346,86.6027470001427,10.57,36.16,0.47,33.54,0.18,4.05,85.06,0.0,0.01,2,2,1,slow_down,Unknown,0.320239989392734,observed,544,2
0,525,1.5193700000963872,85.32424900022306,10.57,36.74,0.42,32.05,0.17,3.62,83.68,0.0,0.01,2,2,0,cruise,Unknown,0.3110597321665341,observed,545,2
0,526,1.5671589999328717,83.17485499992472,11.06,35.12,0.46,30.66,0.19,3.88,81.47,0.0,0.01,2,2,0,cruise,Unknown,0.3108210686820472,observed,546,2
0,527,1.6695730000719777,85.12709600017843,11.02,35.64,0.45,31.87,0.17,4.05,83.3,0.0,0.01,2,2,0,cruise,Unknown,0.30540639087775123,observed,547,2
0,528,1.7327489995295764,94.57659999952739,11.94,37.81,0.51,35.59,0.22,6.46,92.66,0.0,0.02,2,2,0,cruise,Unknown,0.30452631927870594,observed,548,2
0,529,1.6439210003227345,85.42756400038343,14.31,35.36,0.44,29.84,0.14,3.48,83.67,0.0,0.01,2,2,0,cruise,Unknown,0.3204438477857332,observed,549,2
0,530,1.4058619999559596,81.10267400024895,10.98,35.47,0.41,29.23,0.13,3.24,79.57,0.0,0.01,2,2,0,cruise,Unknown,0.3179627419782551,observed,550,2
0,531,1.4060399998925277,82.1987959998296,10.77,35.78,0.4,29.64,0.15,3.82,80.67,0.0,0.01,2,2,1,slow_down,Unknown,0.3108575311588438,observed,551,2
0,532,1.5778779998072423,100.46653799963678,10.43,35.25,0.4,46.13,0.28,6.1,98.7,0.0,0.01,2,2,0,cruise,Unknown,0.312291169451074,observed,552,2
0,533,1.768004000041401,132.35030699979689,16.16,57.58,0.65,47.44,0.22,8.22,130.41,0.0,0.02,2,2,0,cruise,Unknown,0.3124569079819676,observed,553,2
0,534,3.134595000119589,129.7542849997626,15.66,55.94,0.57,47.31,0.21,6.62,126.46,0.0,0.01,2,2,0,cruise,Unknown,0.3094487536462477,observed,554,2
0,535,3.280172999438946,123.85636899944075,13.68,54.52,0.49,45.34,0.22,6.03,120.43,0.0,0.01,2,2,0,cruise,Unknown,0.28450013259082474,observed,555,2
0,536,3.4325280003031367,125.44371500007401,13.18,53.75,0.59,47.88,0.28,6.03,121.84,0.0,0.01,2,2,0,cruise,Unknown,0.2862503314770618,observed,556,2
0,537,2.987226000186638,130.13874999978725,13.7,57.51,0.51,48.3,0.26,6.59,127.01,0.0,0.02,2,2,0,cruise,Unknown,0.3008320074250862,observed,557,2
0,538,2.981794000334048,132.40553099967656,15.03,56.49,0.63,49.67,0.31,6.98,129.27,0.0,0.01,2,2,0,cruise,Unknown,0.3040672235481305,observed,558,2
0,539,4.077655999935814,128.98269900051673,15.81,53.78,0.49,47.42,0.29,6.83,124.75,0.0,0.01,2,2,0,cruise,Unknown,0.31537224874038716,observed,559,2
0,540,3.4407650000503054,122.5616120000268,13.15,53.55,0.56,45.61,0.2,5.79,118.99,0.0,0.01,2,2,0,cruise,Unknown,0.31384082471492974,observed,560,2
0,541,3.9356400002361625,123.36946899995382,12.17,52.81,0.54,47.58,0.21,5.86,119.29,0.0,0.01,2,2,0,cruise,Unknown,0.3028009811721029,observed,561,2
0,542,1.588723999702779,127.88319599985698,16.83,54.72,0.56,47.71,0.23,5.95,126.15,0.0,0.01,2,2,0,cruise,Unknown,0.29826968973747015,observed,562,2
0,543,3.653900000244903,126.72062700039533,13.93,55.97,0.45,46.09,0.22,6.11,122.91,0.0,0.02,2,2,0,cruise,Unknown,0.29005071599045346,observed,563,2
0,544,3.7589869998555514,125.11352199999237,12.82,53.1,0.58,48.16,0.24,6.15,121.2,0.0,0.01,2,2,0,cruise,Unknown,0.29226664014850173,observed,564,2
0,545,3.656237000541296,128.0217800003811,13.07,58.12,0.54,46.27,0.23,5.86,124.23,0.0,0.01,3,2,0,cruise,Unknown,0.2838603818615752,observed,565,2
0,546,3.783266000027652,145.41563599959773,14.37,52.59,0.59,62.58,1.55,9.51,141.35,0.0,0.01,2,2,0,cruise,Unknown,0.2826836382922302,observed,566,2
0,547,4.246493000209739,136.63030200041248,19.21,58.14,0.81,46.09,0.33,7.15,131.9,0.0,0.01,3,2,0,cruise,Unknown,0.284127220896314,observed,567,2
0,548,1.6324219996022293,126.94387000010465,18.45,53.06,0.62,46.45,0.24,6.2,125.16,0.0,0.01,2,2,0,cruise,Unknown,0.2839548528241846,observed,568,2
0,549,3.6821140001848107,130.00066299991886,13.17,57.15,0.61,46.93,0.21,6.21,124.41,0.0,0.02,2,2,0,cruise,Unknown,0.2929627419782551,observed,569,2
0,550,3.6725910003951867,128.98563599992485,15.54,55.72,0.63,46.7,0.25,6.17,125.16,0.0,0.01,2,2,0,cruise,Unknown,0.29565267833465925,observed,570,2
0,551,1.35322999994969,135.26867800010223,18.97,61.08,0.51,46.32,0.25,6.44,133.73,0.0,0.01,2,2,0,cruise,Unknown,0.30412523203394326,observed,571,2
0,552,3.562912000234064,133.95591500011506,18.27,57.18,0.67,47.34,0.23,6.37,130.22,0.0,0.02,2,2,0,cruise,Unknown,0.30430257226199947,observed,572,2
0,553,3.2126360001711873,136.37907399970572,18.3,60.79,0.6,46.62,0.26,6.3,133.01,0.0,0.01,2,2,0,cruise,Unknown,0.3136651418721824,observed,573,2
0,554,1.1746549998861155,102.60345900042012,12.94,39.99,0.58,40.62,0.24,6.76,101.25,0.0,0.01,2,2,0,cruise,Unknown,0.30960952002121456,observed,574,2
0,555,3.191779999724531,85.26239499951771,11.19,35.01,0.48,31.49,0.16,3.52,81.94,0.0,0.01,2,2,0,cruise,Unknown,0.3098150357995227,observed,575,2
0,556,1.1942299997826922,81.81060399965645,10.54,34.64,0.54,30.99,0.13,3.54,80.47,0.0,0.01,2,2,0,cruise,Unknown,0.31342647838769555,observed,576,2
0,557,1.7452410002078977,82.7658779999183,9.74,34.85,0.5,31.54,0.15,3.99,80.9,0.0,0.01,2,2,0,cruise,Unknown,0.3091868867674357,observed,577,2
0,558,1.5101799999683863,83.75266500024736,10.75,36.52,0.5,30.39,0.18,3.67,82.12,0.0,0.01,2,2,0,cruise,Unknown,0.30987304428533546,observed,578,2
0,559,1.5217100008158013,86.33467800063954,11.3,36.81,0.53,31.78,0.19,3.94,84.66,0.0,0.01,2,2,0,cruise,Unknown,0.31728487138690004,observed,579,2
0,560,1.6091420002339873,87.1259129999089,10.81,37.4,0.5,32.54,0.15,3.88,85.38,0.0,0.01,2,2,0,cruise,Unknown,0.31280993105277116,observed,580,2
0,561,1.68427199969301,82.39707600023394,10.27,35.55,0.48,30.02,0.16,3.99,80.58,0.0,0.01,2,2,0,cruise,Unknown,0.2963603818615752,observed,581,2
0,562,1.5768980001666932,87.08898599979875,11.14,36.07,0.45,33.34,0.24,4.04,85.38,0.0,0.01,2,2,0,cruise,Unknown,0.2970564836913286,observed,582,2
0,563,1.6478289999213303,84.07903499937674,11.15,35.56,0.5,30.87,0.17,3.94,82.28,0.0,0.01,2,2,0,cruise,Unknown,0.2831957703526916,observed,583,2
0,564,1.4690959997096797,84.21355500013306,10.65,37.41,0.38,30.28,0.15,3.63,82.6,0.0,0.01,2,2,0,cruise,Unknown,0.2878430787589499,observed,584,2
0,565,1.608032000149251,84.42350999939663,10.39,34.76,0.49,32.15,0.28,4.51,82.69,0.0,0.01,2,2,0,cruise,Unknown,0.25984486873508356,observed,585,2
0,566,1.3652040006491006,85.7820740002353,10.21,34.7,0.45,32.33,0.25,6.2,84.26,0.0,0.01,2,2,0,cruise,Unknown,0.26321267568284273,observed,586,2
0,567,1.4741929999217973,89.4662309992782,15.71,38.32,0.62,29.46,0.15,3.46,87.83,0.0,0.01,2,2,0,cruise,Unknown,0.2644905197560329,observed,587,2
0,568,1.6675610004313057,79.95402400047169,10.17,34.35,0.46,29.56,0.17,3.36,78.16,0.0,0.01,2,2,0,cruise,Unknown,0.2663931980906921,observed,588,2
0,569,1.496242000030179,80.71611499963183,10.22,35.39,0.46,29.45,0.15,3.35,79.1,0.0,0.01,2,2,0,cruise,Unknown,0.2839101034208433,observed,589,2
0,570,1.5632909999112599,82.05144200019276,10.36,35.28,0.52,30.13,0.17,3.79,80.34,0.0,0.01,2,2,0,cruise,Unknown,0.2841918589233625,observed,590,2
0,571,1.6048669995143428,98.80361599971366,10.91,36.94,0.41,44.72,0.2,3.76,97.06,0.0,0.02,2,2,0,cruise,Unknown,0.2868917395916203,observed,591,2
0,572,1.6771659993537469,83.22670399957133,10.85,36.41,0.46,29.6,0.17,3.79,81.4,0.0,0.01,2,2,0,cruise,Unknown,0.2821632193052241,observed,592,2
0,573,1.6189139996640733,84.88820799993846,10.17,36.01,0.47,32.01,0.17,4.2,83.13,0.0,0.01,2,2,0,cruise,Unknown,0.2718211349774596,observed,593,2
0,574,1.7106629993577371,83.59214499978407,11.35,35.26,0.53,30.29,0.19,4.0,81.74,0.0,0.01,2,2,0,cruise,Unknown,0.27419616812516573,observed,594,2
0,575,1.6846519993123366,93.76996799983317,15.58,38.96,0.69,30.15,0.17,6.17,91.87,0.0,0.01,2,2,0,cruise,Unknown,0.23081410766374966,observed,595,2
0,576,1.619403000404418,88.39959099987027,11.65,37.98,0.47,31.99,0.21,4.21,86.63,0.0,0.02,2,2,0,cruise,Unknown,0.23696797931583136,observed,596,2
0,577,1.7226879999725497,83.80296999985148,11.18,36.53,0.42,29.67,0.16,3.87,81.94,0.0,0.01,2,2,0,cruise,Unknown,0.24931881463802705,observed,597,2
0,578,1.4601900002162438,84.40238399998634,10.54,35.21,0.43,29.99,0.23,6.24,82.76,0.0,0.01,2,2,0,cruise,Unknown,0.2501856271546009,observed,598,2
0,579,1.5101950002645026,96.15396700064593,16.39,44.39,0.64,29.27,0.16,3.54,94.51,0.0,0.01,2,2,0,cruise,Unknown,0.263860713338637,observed,599,2
0,580,1.5156580002440023,85.98928900028113,10.51,39.48,0.4,29.94,0.18,3.71,84.33,0.0,0.01,2,2,0,cruise,Unknown,0.2638723150357995,observed,600,2
0,581,1.476913000260538,82.11435399971379,10.25,35.47,0.44,30.62,0.15,3.48,80.51,0.0,0.01,2,2,0,cruise,Unknown,0.27780429594272077,observed,601,2
0,582,1.458085000194842,83.70531400032633,10.82,35.7,0.42,31.36,0.16,3.56,82.13,0.0,0.01,2,2,0,cruise,Unknown,0.27769988066825774,observed,602,2
0,583,1.571850000800623,85.35814000060782,11.26,35.6,0.46,32.3,0.18,3.74,83.65,0.0,0.01,2,2,1,slow_down,Unknown,0.26265910898965794,observed,603,2
0,584,1.4961379993110313,81.59857499958889,10.46,35.42,0.4,29.41,0.17,4.02,79.97,0.0,0.01,2,2,1,slow_down,Unknown,0.27339565102094937,observed,604,2
0,585,1.5364150003733812,83.59480200033431,10.33,36.88,0.49,30.08,0.18,3.87,81.93,0.0,0.01,2,2,1,slow_down,Unknown,0.27737006099177935,observed,605,2
0,586,1.7501399997854605,82.96299199992063,10.8,36.38,0.41,29.18,0.16,4.06,81.08,0.0,0.01,2,2,1,slow_down,Unknown,0.2783711217183771,observed,606,2
0,587,1.5131399995880201,103.9833129998442,10.68,37.95,0.45,46.97,0.31,5.78,102.29,0.0,0.01,2,2,1,slow_down,Unknown,0.26398998939273405,observed,607,2
0,588,1.489547000346647,93.62665400021797,14.72,35.91,0.52,34.83,0.27,5.52,91.89,0.0,0.01,2,2,1,slow_down,Unknown,0.2667047865287722,observed,608,2
0,589,1.6646040003251983,90.497473999676,13.01,38.23,0.52,30.54,0.17,6.08,88.66,0.0,0.01,2,2,1,slow_down,Unknown,0.27922136038186157,observed,609,2
0,590,1.5108819998204126,96.15220200066688,11.28,36.28,0.45,40.09,0.27,5.97,94.48,0.0,0.02,2,2,1,slow_down,Unknown,0.27909871386900026,observed,610,2
0,591,1.3889279998693382,82.34058000016375,10.34,35.69,0.55,30.37,0.14,3.65,80.83,0.0,0.01,3,2,1,slow_down,Unknown,0.3183290241315301,observed,611,2
0,592,1.1846759998661582,85.83908499986137,14.45,36.77,0.72,29.05,0.13,3.3,84.51,0.0,0.01,3,2,1,slow_down,Unknown,0.3125596658711217,observed,612,2
0,593,1.1337819996697363,80.67697099977522,10.04,35.44,0.49,29.66,0.15,3.53,79.41,0.0,0.01,2,2,1,slow_down,Unknown,0.29122248740387163,observed,613,2
1,0,1.4261840005929116,78.03265100028511,10.28,35.75,0.52,26.33,0.14,3.35,76.48,0.0,0.01,3,3,0,cruise,Unknown,0.1786064704322461,observed,20,2
1,1,1.559118999466591,97.26815999965766,16.19,44.52,0.79,30.42,0.13,3.41,95.58,0.0,0.01,3,3,0,cruise,Unknown,0.2751011005038451,observed,21,2
1,2,1.5098180001587025,82.10388099996635,10.46,35.21,0.57,30.02,0.2,3.91,80.47,0.0,0.01,3,3,0,cruise,Unknown,0.27858160965261203,observed,22,2
1,3,1.6042719998949906,86.00637300060043,10.71,35.91,0.66,32.8,0.19,3.88,84.27,0.0,0.01,3,3,1,slow_down,Unknown,0.33457968708565367,observed,23,2
1,4,1.6016720001061913,84.06651000041165,10.33,35.45,0.56,31.95,0.17,3.77,82.33,0.0,0.01,3,3,1,slow_down,Unknown,0.3338305489260143,observed,24,2
1,5,1.568150999446516,85.51076599997032,10.86,36.07,0.72,31.34,0.27,4.36,83.71,0.0,0.01,4,3,2,slow_down,Unknown,0.2972305091487669,observed,25,2
1,6,1.5974079997249646,86.78622299976269,11.69,37.08,0.73,31.16,0.19,4.06,85.0,0.0,0.01,4,3,2,slow_down,Unknown,0.2859818350570141,observed,26,2
1,7,1.661096000134421,84.75339300002815,10.84,35.65,0.53,31.76,0.17,3.91,82.95,0.0,0.01,3,3,2,slow_down,Unknown,0.27968542826836384,observed,27,2
1,8,1.4950499999031308,86.59802599959221,10.96,36.78,0.69,32.38,0.15,3.86,84.92,0.0,0.01,3,3,2,slow_down,Unknown,0.2801909307875895,observed,28,2
1,9,1.5002919999460573,86.74340800007485,10.81,35.83,0.58,32.44,0.32,4.96,85.09,0.0,0.01,3,3,1,slow_down,Unknown,0.2610033810660302,observed,29,2
1,10,1.6188950003197533,86.28302899978735,12.0,35.79,0.74,31.54,0.22,4.07,84.48,0.0,0.01,3,3,1,slow_down,Unknown,0.2666103155661628,observed,30,2
1,11,1.4552620004906203,84.52912099983223,10.85,36.54,0.54,30.74,0.17,4.0,82.93,0.0,0.01,3,3,0,cruise,Unknown,0.2896628878281623,observed,31,2
1,12,1.722994000374456,82.03297900035977,10.92,35.3,0.53,29.5,0.14,3.68,80.18,0.0,0.01,3,3,0,cruise,Unknown,0.2909075841951737,observed,32,2
1,13,1.4691790001961635,95.55411000019376,15.01,44.2,0.84,29.99,0.15,3.63,93.95,0.0,0.01,3,3,0,cruise,Unknown,0.29285666931848314,observed,33,2
1,14,1.5330699998230557,82.89198900001793,10.91,34.91,0.68,30.88,0.18,3.54,81.19,0.0,0.01,3,3,0,cruise,Unknown,0.2908346592415805,observed,34,2
1,15,1.6338220002580783,85.09485200011113,10.85,36.99,0.56,30.81,0.19,3.81,83.32,0.0,0.01,3,3,0,cruise,Unknown,0.1891026915937417,observed,35,2
1,16,1.5407400005642558,82.51498700064985,10.95,35.78,0.63,29.51,0.15,3.71,80.84,0.0,0.01,3,3,0,cruise,Unknown,0.18762927605409704,observed,36,2
1,17,1.6519209993930417,85.9047889998692,10.7,36.98,0.61,31.52,0.19,4.0,84.11,0.0,0.01,3,3,1,slow_down,Unknown,0.2820024529302572,observed,37,2
1,18,1.747169999362086,84.56294000006892,11.16,35.6,0.58,30.95,0.22,4.02,82.62,0.0,0.01,3,3,1,slow_down,Unknown,0.28273667462211616,observed,38,2
1,19,1.6761489996497403,87.92514499964454,12.31,37.93,0.61,31.01,0.22,3.88,86.07,0.0,0.01,3,3,1,slow_down,Unknown,0.2980956642800318,observed,39,2
1,20,1.5511040001001675,85.67558200047642,11.24,37.9,0.58,29.84,0.18,4.11,83.98,0.0,0.02,3,3,1,slow_down,Unknown,0.28137430389817025,observed,40,2
1,21,1.5813919999345671,88.23023200056923,10.59,36.42,0.53,34.23,0.17,4.44,86.48,0.0,0.01,3,3,1,slow_down,Unknown,0.2694792495359321,observed,41,2
1,22,1.651291000598576,87.7667120003025,11.81,39.54,0.75,29.99,0.16,3.62,85.97,0.0,0.01,3,3,1,slow_down,Unknown,0.2764154070538319,observed,42,2
1,23,1.5755550002722885,83.91408100033004,10.92,35.44,0.67,30.93,0.16,3.97,82.2,0.0,0.01,3,3,1,slow_down,Unknown,0.3011071333863697,observed,43,2
1,24,1.5429790000780486,82.1907210001882,10.22,35.6,0.55,30.04,0.18,3.8,80.51,0.0,0.01,3,3,1,slow_down,Unknown,0.3043506364359586,observed,44,2
1,25,1.595140000063111,97.89396899941494,15.44,44.92,0.84,30.67,0.15,4.01,96.17,0.0,0.01,3,3,2,slow_down,Unknown,0.26968476531424024,observed,45,2
1,26,1.4759380001123645,84.55911300006846,11.09,35.77,0.57,31.64,0.15,3.62,82.95,0.0,0.01,3,3,1,slow_down,Unknown,0.2593774860779634,observed,46,2
1,27,1.5456390001418185,84.62735900047846,11.21,37.49,0.61,29.51,0.15,3.83,82.92,0.0,0.01,3,3,1,slow_down,Unknown,0.23475039777247414,observed,47,2
1,28,1.4445999995587044,82.2326380002778,10.26,35.36,0.49,30.31,0.15,4.0,80.66,0.0,0.01,3,3,1,slow_down,Unknown,0.22976664014850173,observed,48,2
1,29,1.4227900001060334,84.05300899994472,10.74,36.16,0.56,31.16,0.17,3.58,82.48,0.0,0.01,3,3,1,slow_down,Unknown,0.2783678069477592,observed,49,2
1,30,1.570112999615958,82.90914999997767,10.76,35.18,0.6,30.49,0.15,3.9,81.18,0.0,0.01,3,3,1,slow_down,Unknown,0.2799323786793954,observed,50,2
1,31,1.6020430002754438,83.87211500030389,10.71,35.86,0.54,30.4,0.19,4.26,82.06,0.0,0.01,4,4,1,slow_down,Unknown,0.1875812118801379,observed,51,2
1,32,2.9190400000516092,89.96908999961306,11.6,37.08,0.64,32.77,0.19,4.5,86.88,0.0,0.01,4,4,1,slow_down,Unknown,0.1933522275258552,observed,52,2
1,33,1.6892230005396414,96.03282999978546,13.66,41.03,0.92,34.19,0.19,4.04,94.16,0.0,0.01,4,4,1,slow_down,Unknown,0.2825725934765314,observed,53,2
1,34,1.7080100005841814,85.8368099998188,11.38,37.25,0.81,30.51,0.16,3.75,83.97,0.0,0.01,4,4,1,slow_down,Unknown,0.2765811455847255,observed,54,2
1,35,1.5316850003728177,85.07755899972835,11.24,35.8,0.57,31.5,0.18,4.01,83.41,0.0,0.01,3,3,0,cruise,Unknown,0.2776915937417131,observed,55,2
1,36,1.455349999559985,86.74516299925017,10.76,36.14,0.56,31.54,0.19,5.8,85.12,0.0,0.01,3,3,0,cruise,Unknown,0.27371718377088305,observed,56,2
1,37,3.370039000401448,97.18072200030292,17.49,40.05,0.99,30.78,0.19,4.04,93.66,0.0,0.01,3,3,0,cruise,Unknown,0.2416268894192522,observed,57,2
1,38,1.7267389994231053,88.2125759999326,11.61,38.44,0.64,31.55,0.16,3.83,86.33,0.0,0.01,3,3,0,cruise,Unknown,0.23991812516573854,observed,58,2
1,39,1.6429309998784447,89.3505969997932,11.76,37.79,0.59,32.85,0.2,4.26,87.56,0.0,0.01,3,3,0,cruise,Unknown,0.29139319809069214,observed,59,2
1,40,1.6122130000439938,88.34209900032874,12.24,36.99,0.62,32.31,0.23,4.08,86.57,0.0,0.01,3,3,0,cruise,Unknown,0.2979415274463007,observed,60,2
1,41,1.5432789996339125,87.63482500035025,11.2,36.3,0.57,33.35,0.19,4.18,85.91,0.0,0.02,3,3,0,cruise,Unknown,0.2332454919119597,observed,61,2
1,42,1.67754700032674,91.76201900027081,11.98,38.84,0.62,34.36,0.16,3.85,89.93,0.0,0.01,3,3,0,cruise,Unknown,0.2297517236807213,observed,62,2
1,43,1.5451879999091034,85.5564069997854,10.89,37.54,0.59,31.06,0.15,3.56,83.88,0.0,0.01,3,3,0,cruise,Unknown,0.31324913815963934,observed,63,2
1,44,1.520671999969636,88.11364600023808,10.66,40.51,0.62,30.31,0.2,4.04,86.44,0.0,0.01,3,3,0,cruise,Unknown,0.3131496950411032,observed,64,2
1,45,1.5352649998021661,84.76312399943708,11.09,36.8,0.53,30.61,0.19,3.76,83.07,0.0,0.01,3,3,0,cruise,Unknown,0.33548793423495094,observed,65,2
1,46,1.5259100000548642,84.1752340002131,11.15,35.52,0.51,31.07,0.18,3.93,82.47,0.0,0.01,3,3,0,cruise,Unknown,0.3358707902413153,observed,66,2
1,47,1.5694630001235055,84.21478400032356,11.45,35.77,0.54,30.66,0.19,3.75,82.47,0.0,0.01,3,3,0,cruise,Unknown,0.24143960487934235,observed,67,2
1,48,1.6833820000101696,95.57226700053434,10.49,35.23,0.6,41.99,0.35,4.96,93.74,0.0,0.01,3,3,0,cruise,Unknown,0.25130601962344207,observed,68,2
1,49,1.4645990004282794,85.87409200026741,10.92,36.04,0.62,32.48,0.18,3.91,84.25,0.0,0.01,4,3,0,cruise,Unknown,0.23913252452930256,observed,69,2
1,50,1.5712459999122075,83.73649799978011,11.25,35.83,0.66,30.09,0.19,3.88,82.01,0.0,0.01,4,3,0,cruise,Unknown,0.23908280297003448,observed,70,2
1,51,1.4910429999872576,81.69429999998101,10.57,35.9,0.63,29.35,0.16,3.35,80.07,0.0,0.01,4,4,1,slow_down,Unknown,0.31787987271280826,observed,71,2
1,52,1.4592119996450492,81.7148369997085,10.16,35.47,0.63,29.82,0.15,3.77,80.1,0.0,0.01,4,4,1,slow_down,Unknown,0.3198505038451339,observed,72,2
1,53,1.599302000613534,82.58863700029906,10.25,35.83,0.68,30.23,0.14,3.59,80.83,0.0,0.01,4,4,1,slow_down,Unknown,0.3419069875364625,observed,73,2
1,54,1.4310759997897549,82.22969300004479,10.29,35.17,0.71,30.53,0.15,3.7,80.65,0.0,0.01,4,4,1,slow_down,Unknown,0.3418572659771944,observed,74,2
1,55,1.4942709995011683,83.38979299969651,12.77,35.2,0.69,29.34,0.19,3.48,81.78,0.0,0.01,4,4,1,slow_down,Unknown,0.3377718111906656,observed,75,2
1,56,1.4450559992837952,133.11793699995178,11.14,60.26,0.99,51.82,0.35,6.76,131.48,0.0,0.01,4,4,1,slow_down,Unknown,0.33892535136568547,observed,76,2
1,57,3.750316000150633,130.89031300023635,17.29,53.93,0.82,47.6,0.34,6.75,126.9,0.0,0.02,4,4,1,slow_down,Unknown,0.3338686687881199,observed,77,2
1,58,3.8661009994029882,138.39921599992522,14.86,57.18,1.09,54.16,0.33,6.47,134.29,0.0,0.04,4,4,1,slow_down,Unknown,0.3347885176345797,observed,78,2
1,59,3.3807890004027286,142.8896759998679,18.85,57.52,2.2,53.39,0.36,6.8,139.28,0.0,0.02,4,4,2,slow_down,Unknown,0.3443648899496155,observed,79,2
1,60,4.14709300002869,129.63007899998047,12.91,55.7,0.89,48.67,0.25,6.56,125.14,0.0,0.01,4,4,2,slow_down,Unknown,0.3444311853619729,observed,80,2
1,61,3.327120999529143,134.8162959993715,14.62,59.62,0.82,48.82,0.3,6.95,131.3,0.0,0.02,4,4,2,slow_down,Unknown,0.3401634181914612,observed,81,2
1,62,2.3266590005732724,130.64929299980577,15.87,53.67,0.89,50.81,0.27,6.47,128.12,0.0,0.01,4,4,1,slow_down,Unknown,0.33955515778308143,observed,82,2
1,63,1.1022660000890028,130.50125100016885,17.81,54.3,0.82,49.89,0.29,5.98,129.23,0.0,0.01,4,4,1,slow_down,Unknown,0.3457968708565367,observed,83,2
1,64,4.796748999979172,125.83126200024708,12.34,53.51,0.83,47.4,0.29,6.34,120.85,0.0,0.02,4,4,1,slow_down,Unknown,0.3457305754441793,observed,84,2
1,65,1.5165490003710147,126.05706100021052,12.68,56.45,0.75,47.84,0.24,6.27,124.37,0.0,0.01,4,4,1,slow_down,Unknown,0.33301677273932645,observed,85,2
1,66,1.5937090001898468,125.7978980002008,13.05,54.89,0.82,47.5,0.32,7.28,124.0,0.0,0.01,4,4,1,slow_down,Unknown,0.3310958631662689,observed,86,2
1,67,1.6937789996518404,145.97830200000317,14.72,64.53,0.95,57.41,0.27,6.02,144.06,0.0,0.02,4,4,1,slow_down,Unknown,0.33651219835587376,observed,87,2
1,68,1.6440750005131122,125.71845300044515,14.43,52.66,0.75,49.08,0.23,6.6,123.89,0.0,0.01,4,4,1,slow_down,Unknown,0.3379126889419252,observed,88,2
1,69,1.5017140003692475,131.9806060000701,13.59,56.87,0.91,51.95,0.29,6.53,130.3,0.0,0.02,4,4,1,slow_down,Unknown,0.24147772474144788,observed,89,2
1,70,1.5470710004592547,140.39030700041621,15.67,59.89,0.96,54.54,0.41,6.96,138.6,0.0,0.02,4,4,1,slow_down,Unknown,0.24207769822328296,observed,90,2
1,71,1.6734519995225128,136.90544299970497,17.21,60.8,1.0,48.95,0.3,6.59,135.02,0.0,0.02,3,3,2,slow_down,Unknown,0.3216868867674357,observed,91,2
1,72,4.209630000332254,137.24169299985078,12.75,57.57,0.75,54.06,0.24,7.31,132.85,0.0,0.02,3,3,2,slow_down,Unknown,0.31985216123044286,observed,92,2
1,73,1.713723000648315,128.55100800061336,19.48,52.09,0.9,47.3,0.21,6.49,126.61,0.0,0.01,3,3,1,slow_down,Unknown,0.31669815698753645,observed,93,2
1,74,3.979494999839517,131.63014099973225,13.82,53.94,0.79,51.5,0.44,6.81,127.48,0.0,0.01,3,3,1,slow_down,Unknown,0.31442588172898434,observed,94,2
1,75,1.5279350000128034,150.0090330000603,15.1,60.07,0.87,65.02,0.33,6.69,148.25,0.0,0.02,3,3,1,slow_down,Unknown,0.3257391938477857,observed,95,2
1,76,3.366283000104886,137.47914299983677,18.24,59.04,0.88,48.84,0.31,6.43,133.91,0.0,0.02,3,3,1,slow_down,Unknown,0.3248657517899761,observed,96,2
1,77,1.6127939998114016,138.50580300004367,17.38,58.32,0.91,51.56,0.26,7.97,136.64,0.0,0.02,3,3,1,slow_down,Unknown,0.30708863696632194,observed,97,2
1,78,2.3703470005784766,100.24803700071061,14.9,37.74,0.67,39.82,0.23,4.21,97.72,0.0,0.02,3,3,1,slow_down,Unknown,0.30758750994431183,observed,98,2
1,79,1.493394000135595,87.72220299943001,12.07,37.24,0.61,32.34,0.15,3.57,86.08,0.0,0.01,3,3,0,cruise,Unknown,0.3112055820737205,observed,99,2
1,80,1.4944289996492444,83.5911499998474,10.18,35.43,0.52,31.85,0.17,3.72,81.95,0.0,0.01,3,3,0,cruise,Unknown,0.31065533015115354,observed,100,2
1,81,1.5642500002286397,83.74990500033164,9.8,35.27,0.56,32.25,0.15,3.94,82.06,0.0,0.01,3,3,1,slow_down,Unknown,0.3211266905330151,observed,101,2
1,82,1.650822000556218,82.04164800008584,10.05,34.41,0.45,31.53,0.17,3.56,80.26,0.0,0.01,3,3,2,slow_down,Unknown,0.3246884115619199,observed,102,2
1,83,1.4096180002525216,83.34315299998707,10.71,34.9,0.55,31.94,0.16,3.43,81.79,0.0,0.01,2,2,1,slow_down,Unknown,0.3099923760275789,observed,103,2
1,84,1.3793030002489104,90.99819699986256,10.16,40.72,0.52,33.99,0.14,3.78,89.45,0.0,0.01,2,2,1,slow_down,Unknown,0.3102360116679926,observed,104,2
1,85,1.6177160005099722,89.83349800018914,10.29,38.1,0.51,34.56,0.21,4.27,88.06,0.0,0.01,3,3,1,slow_down,Unknown,0.28144557146645455,observed,105,2
1,86,1.7232930003956426,104.87304000071163,17.0,48.17,0.78,32.88,0.16,3.88,102.99,0.0,0.01,3,3,1,slow_down,Unknown,0.2801677273932644,observed,106,2
1,87,1.5053050001370138,88.52430099977937,10.9,37.4,0.54,33.72,0.19,3.99,86.85,0.0,0.01,3,3,1,slow_down,Unknown,0.2582057146645452,observed,107,2
1,88,1.5593759999319445,86.734004000391,10.9,36.98,0.58,32.58,0.15,3.72,85.03,0.0,0.01,3,3,1,slow_down,Unknown,0.253583267037921,observed,108,2
1,89,1.6622570001345593,91.64921999945363,10.5,37.1,0.46,36.81,0.28,4.57,89.82,0.0,0.01,3,3,1,slow_down,Unknown,0.2082090294351631,observed,109,2
1,90,1.469091000217304,85.77923700067913,10.5,35.83,0.53,33.59,0.18,3.44,84.18,0.0,0.01,3,3,1,slow_down,Unknown,0.21146413418191462,observed,110,2
1,91,1.3815109996357933,85.45743800004857,10.33,35.86,0.52,32.89,0.18,4.04,83.91,0.0,0.01,2,2,1,slow_down,Unknown,0.279864425881729,observed,111,2
1,92,1.5723199994681636,84.54749299926334,10.62,34.99,0.41,32.89,0.14,3.67,82.83,0.0,0.01,2,2,1,slow_down,Unknown,0.28411727658446034,observed,112,2
1,93,1.6039459997045924,82.48636999996961,10.48,35.33,0.46,30.5,0.17,3.7,80.74,0.0,0.01,2,2,0,cruise,Unknown,0.285537655794219,observed,113,2
1,94,1.7052869998224196,83.49028799966618,10.73,35.24,0.48,31.11,0.15,3.84,81.65,0.0,0.01,2,2,0,cruise,Unknown,0.2860564173959162,observed,114,2
1,95,1.5247020000970224,84.54279799934739,10.65,35.27,0.53,32.54,0.16,3.64,82.89,0.0,0.01,2,2,0,cruise,Unknown,0.26252154600901617,observed,115,2
1,96,1.5668450005250634,82.794532000662,10.47,36.19,0.51,30.25,0.16,3.42,81.1,0.0,0.01,2,2,0,cruise,Unknown,0.267102559002917,observed,116,2
1,97,1.5355329996964429,81.64899100029288,10.02,35.82,0.42,29.48,0.16,3.94,79.95,0.0,0.01,2,2,0,cruise,Unknown,0.27302771148236543,observed,117,2
1,98,1.5203079992716084,95.09516599973722,15.51,43.54,0.76,29.62,0.14,3.74,93.45,0.0,0.01,2,2,0,cruise,Unknown,0.27086648103951205,observed,118,2
1,99,1.46513599975151,82.11034199939604,10.91,35.17,0.5,30.2,0.2,3.46,80.53,0.0,0.01,2,2,0,cruise,Unknown,0.274058605144524,observed,119,2
1,100,1.5526719998888439,82.10191600028338,10.67,35.01,0.43,29.61,0.18,4.35,80.36,0.0,0.01,2,2,0,cruise,Unknown,0.276778374436489,observed,120,2
1,101,1.3384149997364148,85.5682479996176,11.4,34.4,0.37,33.85,0.18,3.8,84.11,0.0,0.01,1,1,0,cruise,Unknown,0.28576306019623443,observed,121,2
1,102,1.644424999540206,82.51770599963493,11.21,35.22,0.42,30.08,0.15,3.56,80.74,0.0,0.01,1,1,0,cruise,Unknown,0.282478122513922,observed,122,2
1,103,1.633075999961875,84.31976500014571,10.72,34.62,0.37,32.84,0.2,3.72,82.56,0.0,0.01,1,1,0,cruise,Unknown,0.19913981702466188,observed,123,2
1,104,1.5231899997161236,86.27287499984959,10.66,36.15,0.42,33.65,0.16,3.47,84.6,0.0,0.01,1,1,0,cruise,Unknown,0.20076736939803766,observed,124,2
1,105,1.6685669997968944,81.60991099975945,10.24,35.85,0.56,29.33,0.14,3.61,79.82,0.0,0.01,4,3,0,cruise,Unknown,0.2854663882259348,observed,125,2
1,106,1.4481259995591245,87.60619599979691,11.01,37.99,0.59,32.03,0.19,4.09,86.0,0.0,0.01,4,3,0,cruise,Unknown,0.2826206576504906,observed,126,2
1,107,1.6103200005090912,86.12342099968373,11.2,36.03,0.7,32.11,0.22,3.97,84.33,0.0,0.01,5,4,0,cruise,Unknown,0.29486542031291435,observed,127,2
1,108,1.59925000025396,85.91458200044144,10.8,36.76,0.75,31.51,0.2,4.03,84.18,0.0,0.01,4,3,0,cruise,Unknown,0.2993668788119862,observed,128,2
1,109,1.488092999352375,81.12548299959599,10.16,34.74,0.51,30.13,0.14,3.73,79.51,0.0,0.01,2,2,0,cruise,Unknown,0.2542594802439671,observed,129,2
1,110,1.478488000429934,96.53220700056409,10.82,49.71,0.61,29.82,0.19,3.67,94.91,0.0,0.01,3,2,0,cruise,Unknown,0.25584062582869266,observed,130,2
1,111,1.560132000122394,81.14602600016951,11.36,34.57,0.42,29.36,0.16,3.48,79.44,0.0,0.01,1,1,0,cruise,Unknown,0.20462410501193318,observed,131,2
1,112,1.5847249997023027,81.5123410002343,9.83,35.59,0.4,30.09,0.14,3.66,79.81,0.0,0.01,1,1,0,cruise,Unknown,0.2001176743569345,observed,132,2
1,113,1.499254999544064,82.8439779998007,9.86,38.21,0.5,28.95,0.18,3.42,81.23,0.0,0.01,2,1,0,cruise,Unknown,0.17562814903208698,observed,133,2
1,114,1.468305999878794,80.76618300037808,10.88,34.9,0.53,29.21,0.15,3.38,79.15,0.0,0.01,2,2,0,cruise,Unknown,0.17391607000795545,observed,134,2
1,115,1.4178579995132168,79.24881899998582,10.69,34.46,0.37,28.68,0.18,3.23,77.71,0.0,0.01,2,2,0,cruise,Unknown,0.11022440997083002,observed,135,2
1,116,1.6139620001922594,83.24630700008129,9.88,34.82,0.46,32.75,0.15,3.34,81.49,0.0,0.01,2,2,0,cruise,Unknown,0.10856868204720234,observed,136,2
1,117,1.5231500001391396,86.89262900043104,10.56,35.0,0.62,35.77,0.14,3.05,85.24,0.0,0.01,2,2,0,cruise,Unknown,0.1215062317687616,observed,137,2
1,118,1.425521000783192,87.81141600047704,10.63,35.17,0.58,36.31,0.16,3.32,86.27,0.0,0.01,2,2,0,cruise,Unknown,0.11912954123574648,observed,138,2
1,119,1.4678449997518328,85.43381199979194,10.77,37.26,0.62,31.1,0.3,3.63,83.8,0.0,0.01,4,4,0,cruise,Unknown,0.11258784142137364,observed,139,2
1,120,1.5391259994430584,90.67832099935913,11.12,35.4,0.71,38.2,0.16,3.3,88.99,0.0,0.01,4,4,0,cruise,Unknown,0.11049290639087775,observed,140,2
1,121,1.5902329996606568,81.32319899959839,10.01,35.3,0.63,29.66,0.19,3.68,79.57,0.0,0.01,3,3,0,cruise,Unknown,0.12994729514717582,observed,141,2
1,122,1.6427919999841833,94.44918000008329,11.08,40.79,0.51,35.99,0.21,3.98,92.67,0.0,0.01,2,2,0,cruise,Unknown,0.1318615751789976,observed,142,2
1,123,1.548971000374877,65.7720019999033,11.77,35.33,0.68,13.54,0.15,2.51,64.07,0.0,0.01,3,3,0,cruise,Unknown,0.06408280297003448,observed,143,2
1,124,1.5932980004436104,65.47575100012182,10.17,34.58,0.43,16.05,0.14,2.29,63.76,0.0,0.01,3,3,0,cruise,Unknown,0.06395021214531954,observed,144,2
1,125,1.4814149999438087,66.64624399945751,12.02,34.88,0.79,15.13,0.17,1.93,65.03,0.0,0.01,4,4,0,cruise,Unknown,0.027877220896313976,observed,145,2
1,126,1.419709000401781,64.50486500034458,10.83,35.01,0.5,14.62,0.17,1.74,62.97,0.0,0.01,3,3,0,cruise,Unknown,0.02749602227525855,observed,146,2
1,127,1.438809000319452,50.56924100063043,11.1,33.99,0.62,1.43,0.14,1.63,49.01,0.0,0.01,3,3,0,slow_down,Unknown,0.015244630071599045,unknown,147,2
1,128,1.6353150003851624,48.47086100016895,9.22,33.53,0.49,1.71,0.14,1.49,46.7,0.0,0.01,3,3,0,slow_down,Unknown,0.014891607000795545,unknown,148,2
1,129,1.5765960006319801,50.06513700027426,10.09,34.3,0.7,1.52,0.14,1.5,48.35,0.0,0.01,4,3,0,slow_down,Unknown,0.00526882789710952,unknown,149,2
1,130,1.5399639996758197,49.575779999941005,10.45,33.63,0.55,1.5,0.15,1.54,47.91,0.0,0.01,4,3,0,slow_down,Unknown,0.005459427207637231,unknown,150,2
1,131,1.3920520004830905,51.807589000418375,10.77,35.46,0.73,1.49,0.14,1.61,50.29,0.0,0.01,5,5,0,slow_down,Unknown,0.014439140811455847,unknown,151,2
1,132,1.477904000239505,47.27585399996315,9.19,32.7,0.63,1.46,0.13,1.47,45.67,0.0,0.01,5,5,0,slow_down,Unknown,0.010658644921771413,unknown,152,2
1,133,1.4279729994086665,47.49056699984067,9.39,32.53,0.7,1.6,0.16,1.46,45.94,0.0,0.01,5,5,0,slow_down,Unknown,0.0,unknown,153,2
1,134,1.261342999896442,48.6755189995165,10.66,32.49,0.68,1.56,0.13,1.68,47.3,0.0,0.01,5,5,0,slow_down,Unknown,0.0,unknown,154,2
1,135,1.3284899996506283,50.618338999811385,10.92,34.49,0.46,1.44,0.18,1.59,49.18,0.0,0.01,2,2,0,slow_down,Unknown,0.0009844868735083532,unknown,155,2
1,136,1.4305129998319899,48.25458499999513,10.23,32.66,0.51,1.67,0.13,1.38,46.7,0.0,0.01,2,2,0,slow_down,Unknown,0.002645186953062848,unknown,156,2
1,137,1.5543630006504827,47.15790800037212,9.91,31.73,0.58,1.49,0.14,1.55,45.48,0.0,0.01,2,2,0,slow_down,Unknown,0.007547732696897375,unknown,157,2
1,138,1.396476999616425,47.46034999971016,10.59,31.69,0.47,1.49,0.19,1.42,45.95,0.0,0.01,2,2,0,slow_down,Unknown,0.007350503845133916,unknown,158,2
1,139,1.4224850001482992,63.5767969997687,10.43,32.9,0.62,15.67,0.15,2.15,62.02,0.0,0.01,3,3,0,cruise,Unknown,0.037132060461416073,observed,159,2
1,140,1.4812330000495422,64.03958699957002,9.7,32.07,0.64,16.63,0.21,2.99,62.36,0.0,0.01,3,3,0,cruise,Unknown,0.025376226465128614,observed,160,2
1,141,1.3660720005645999,72.91968099980295,14.46,37.49,1.09,15.94,0.17,2.18,71.43,0.0,0.01,5,4,0,cruise,Unknown,0.05840791567223548,observed,161,2
1,142,1.5057740001793718,64.32896900059859,11.26,32.94,0.66,15.42,0.16,2.16,62.69,0.0,0.01,5,4,0,cruise,Unknown,0.05655661628215328,observed,162,2
1,143,1.6439390001323773,67.2271310004362,10.55,35.14,0.7,15.93,0.26,2.72,65.42,0.0,0.01,5,5,0,cruise,Unknown,0.06280661628215327,observed,163,2
1,144,1.4439890001085587,73.72990099975141,13.67,32.62,0.78,22.39,0.2,2.38,72.15,0.0,0.01,5,5,0,cruise,Unknown,0.06126027578891541,observed,164,2
1,145,1.5284979999705683,62.5988129995676,10.42,32.24,0.7,15.64,0.14,1.72,60.94,0.0,0.01,5,5,0,cruise,Unknown,0.03064671174754707,observed,165,2
1,146,1.3229109999883804,62.73406699983752,10.14,31.69,0.77,16.5,0.14,1.94,61.27,0.0,0.01,5,5,0,cruise,Unknown,0.03169583664810395,observed,166,2
1,147,1.4192680000633118,63.228710000657884,10.89,32.47,0.77,15.4,0.16,1.9,61.68,0.0,0.01,6,6,0,cruise,Unknown,0.029088769557146645,observed,167,2
1,148,1.4951279999877443,62.27870700058702,9.51,32.55,0.89,15.19,0.19,2.18,60.64,0.0,0.01,6,6,0,cruise,Unknown,0.03176378944577035,observed,168,2
1,149,1.6290169996864279,72.0568339993406,11.11,35.33,0.83,20.12,0.17,2.61,70.28,0.0,0.01,5,5,0,cruise,Unknown,0.054706974277380006,observed,169,2
1,150,1.6805590003059478,72.57875000050262,11.87,34.93,0.81,20.28,0.17,2.57,70.75,0.0,0.01,5,5,0,cruise,Unknown,0.05953659506762132,observed,170,2
1,151,1.5956540000843233,72.87145200007217,11.73,36.89,0.95,19.01,0.16,2.27,71.12,0.0,0.01,5,5,0,cruise,Unknown,0.02796837708830549,observed,171,2
1,152,1.6225559993472416,67.71512199975405,10.69,34.03,0.76,17.94,0.16,2.26,65.95,0.0,0.01,5,5,0,cruise,Unknown,0.028344603553434104,observed,172,2
1,153,1.6355010002371273,69.6438989998569,10.34,33.15,0.75,20.98,0.17,2.39,67.87,0.0,0.01,5,5,0,cruise,Unknown,0.04146778042959427,observed,173,2
1,154,1.656057000218425,67.07270900005824,11.23,33.75,0.78,17.02,0.15,2.24,65.28,0.0,0.01,5,5,0,cruise,Unknown,0.03842647838769557,observed,174,2
1,155,1.5932030000840314,67.16137200055528,10.78,32.69,0.71,18.18,0.17,2.78,65.43,0.0,0.01,5,5,0,cruise,Unknown,0.07582537788385044,observed,175,2
1,156,1.4918019996912335,82.7677909992417,11.25,45.46,1.03,20.57,0.17,2.54,81.13,0.0,0.01,5,5,0,cruise,Unknown,0.069691394855476,observed,176,2
1,157,1.4050059999135556,61.73618599950714,10.48,32.81,0.8,14.01,0.17,1.83,60.19,0.0,0.01,6,6,0,cruise,Unknown,0.02592813577300451,observed,177,2
1,158,1.6602280002189218,67.73048299965012,13.19,33.98,0.93,15.51,0.17,2.02,65.93,0.0,0.01,6,6,0,cruise,Unknown,0.027381662688941925,observed,178,2
1,159,1.4360810000653146,48.55910199967184,10.24,32.43,0.61,1.73,0.13,1.77,47.0,0.0,0.01,4,4,0,slow_down,Unknown,0.012352492707504641,unknown,179,2
1,160,1.4059830000405782,48.27644900069572,9.48,33.07,0.68,1.57,0.2,1.63,46.73,0.0,0.01,5,4,0,slow_down,Unknown,0.013452996552638558,unknown,180,2
1,161,1.6094040001917165,63.41250199966453,10.06,31.63,0.5,17.35,0.18,1.87,61.69,0.0,0.01,2,2,0,cruise,Unknown,0.044754375497215594,observed,181,2
1,162,1.329574000010325,64.92922899997211,10.0,33.9,0.6,16.64,0.14,2.07,63.46,0.0,0.01,3,3,0,cruise,Unknown,0.04387098912755237,observed,182,2
1,163,1.336782000180392,64.7131410005386,10.52,34.92,0.65,14.96,0.25,1.85,63.26,0.0,0.01,3,3,0,cruise,Unknown,0.021635507822858658,observed,183,2
1,164,1.4524070002153167,64.59489799999574,9.72,32.22,0.54,18.29,0.14,2.01,63.03,0.0,0.01,3,3,0,cruise,Unknown,0.028642932909042695,observed,184,2
1,165,1.4096710001467727,68.55751799957943,9.61,32.05,0.57,22.32,0.13,2.26,67.03,0.0,0.01,4,3,0,cruise,Unknown,0.0607846062052506,observed,185,2
1,166,1.40811900018889,72.84862000051362,9.74,35.71,0.7,22.62,0.14,2.3,71.32,0.0,0.02,4,4,0,cruise,Unknown,0.0629342349509414,observed,186,2
1,167,1.3411649997578934,71.33385499946598,10.4,33.36,0.5,22.62,0.16,2.69,69.86,0.0,0.01,2,2,0,cruise,Unknown,0.07510773004508088,observed,187,2
1,168,1.5977760003806907,72.1891080002024,9.54,32.71,0.46,24.74,0.16,2.77,70.46,0.0,0.01,2,2,0,cruise,Unknown,0.07237138690002652,observed,188,2
1,169,1.3915409999754047,80.38232499984588,10.26,33.15,0.5,30.75,0.16,3.96,78.87,0.0,0.01,2,2,0,cruise,Unknown,0.29091587112171835,observed,189,2
1,170,1.3882660005037906,79.38728200042533,10.02,32.4,0.45,31.07,0.14,3.69,77.87,0.0,0.01,2,2,0,cruise,Unknown,0.2894225669583665,observed,190,2
1,171,1.3888650000808411,86.44486999946821,10.36,38.83,0.43,31.6,0.14,3.48,84.95,0.0,0.01,2,2,0,cruise,Unknown,0.23762430389817024,observed,191,2
1,172,1.401811000505404,78.39643500028615,9.8,32.73,0.57,30.12,0.14,3.39,76.85,0.0,0.01,2,2,0,cruise,Unknown,0.23880436223813312,observed,192,2
1,173,1.5673509997213841,83.9221730002464,13.98,34.96,0.73,28.84,0.18,3.43,82.22,0.0,0.01,3,3,0,cruise,Unknown,0.2652313709891276,observed,193,2
1,174,1.454234999982873,77.35039199997118,10.39,32.77,0.51,28.46,0.13,3.41,75.76,0.0,0.01,3,3,0,cruise,Unknown,0.27052008750994433,observed,194,2
1,175,1.4554680001310771,80.06290199955401,9.68,33.37,0.69,30.9,0.14,3.59,78.48,0.0,0.01,3,3,0,cruise,Unknown,0.20329156722354813,observed,195,2
1,176,1.4962160003051395,78.23193300009734,9.87,33.0,0.66,29.67,0.13,3.15,76.58,0.0,0.01,3,3,0,cruise,Unknown,0.21953560063643596,observed,196,2
1,177,1.5351109996117884,78.91220500005147,9.6,33.68,0.51,30.09,0.13,3.15,77.26,0.0,0.01,3,3,0,cruise,Unknown,0.21638491116414743,observed,197,2
1,178,1.4123199998721248,78.28202299970144,10.68,33.43,0.57,28.52,0.15,3.3,76.75,0.0,0.01,3,3,0,cruise,Unknown,0.22378016441262263,observed,198,2
1,179,1.3404800001808326,81.38615499956359,10.44,34.3,0.49,30.91,0.14,3.45,79.92,0.0,0.07,2,2,0,cruise,Unknown,0.29139982763192784,observed,199,2
1,180,1.5382520005005063,82.47737400051847,10.26,34.68,0.59,31.45,0.15,3.57,80.81,0.0,0.01,2,2,0,cruise,Unknown,0.29709791832405197,observed,200,2
1,181,1.481012000112969,81.15708400055155,10.45,35.03,0.72,29.35,0.15,3.68,79.52,0.0,0.03,4,4,0,cruise,Unknown,0.17119464333068152,observed,201,2
1,182,1.654720999795245,77.15984399965237,10.67,33.77,0.64,26.93,0.13,3.13,75.37,0.0,0.01,4,4,0,cruise,Unknown,0.14390745160434898,observed,202,2
1,183,1.5301479998015566,81.09095899999375,10.19,34.44,0.49,30.45,0.15,3.6,79.42,0.0,0.01,3,3,0,cruise,Unknown,0.1620110713338637,observed,203,2
1,184,1.504660000136937,94.6913340003448,9.92,48.89,0.56,29.86,0.15,3.59,93.06,0.0,0.01,3,3,0,cruise,Unknown,0.16438113232564305,observed,204,2
1,185,1.362105999760388,87.86016300018673,12.02,38.91,0.64,31.24,0.15,3.31,86.36,0.0,0.01,3,3,0,cruise,Unknown,0.15991613630336782,observed,205,2
1,186,1.6931910004132078,85.77758400042512,10.35,33.65,0.5,35.9,0.14,3.29,83.92,0.0,0.01,3,3,0,cruise,Unknown,0.15890844603553433,observed,206,2
1,187,1.5083879998201155,84.74929600015457,11.06,35.43,0.72,32.16,0.14,3.47,83.11,0.0,0.01,5,4,0,cruise,Unknown,0.2432842747281888,observed,207,2
1,188,1.610223000170663,82.97212300021783,9.99,33.72,0.77,32.86,0.18,3.61,81.23,0.0,0.01,5,4,0,cruise,Unknown,0.253059533280297,observed,208,2
1,189,1.4750179998372914,75.86033100051282,10.57,33.14,0.72,26.46,0.15,3.15,74.26,0.0,0.01,4,4,2,slow_down,Unknown,0.18966454521347123,observed,209,2
1,190,1.6073389997472987,77.0113799999308,10.9,33.72,0.57,26.85,0.12,3.01,75.26,0.0,0.01,4,4,2,slow_down,Unknown,0.18316096526120393,observed,210,2
1,191,1.394496000102663,86.48417400036124,10.38,36.46,0.58,33.35,0.15,3.96,84.97,0.0,0.01,3,3,1,slow_down,Unknown,0.2606089233625033,observed,211,2
1,192,1.3755029995081713,84.63019600003463,9.57,35.08,0.56,33.73,0.15,3.95,83.12,0.0,0.01,3,3,0,cruise,Unknown,0.22155926809864757,observed,212,2
1,193,1.5462640003534034,84.77644300000975,10.41,33.24,0.73,34.78,0.15,3.71,83.11,0.0,0.01,3,3,0,cruise,Unknown,0.2962377353487139,observed,213,2
1,194,1.4495000004899339,83.18828600022243,10.23,33.61,0.5,33.12,0.15,3.91,81.61,0.0,0.01,3,3,0,cruise,Unknown,0.29377486077963405,observed,214,2
1,195,1.5930039999147994,92.15468300044449,11.82,37.65,0.54,35.7,0.18,4.39,90.4,0.0,0.01,2,2,1,slow_down,Unknown,0.31012496685229385,observed,215,2
1,196,1.6420570000263979,102.59351900003821,11.36,47.78,0.57,36.56,0.16,4.24,100.8,0.0,0.02,2,2,1,slow_down,Unknown,0.3093691991514187,observed,216,2
1,197,1.6769670000940096,88.0191329997615,14.75,35.59,0.87,31.1,0.13,3.65,86.21,0.0,0.01,3,3,0,cruise,Unknown,0.25178500397772474,observed,217,2
1,198,1.529580000351416,80.86998599992512,10.81,34.44,0.59,29.93,0.14,3.2,79.21,0.0,0.01,3,3,0,cruise,Unknown,0.21192654468310793,observed,218,2
1,199,1.4958720003050985,82.64502800011542,10.98,33.98,0.53,31.58,0.14,3.7,81.01,0.0,0.01,3,3,0,cruise,Unknown,0.2629077167859984,observed,219,2
1,200,1.4234919999580598,80.83017799981462,9.79,34.8,0.54,30.46,0.14,3.46,79.29,0.0,0.01,3,3,0,cruise,Unknown,0.20993105277114824,observed,220,2
1,201,1.4331469992612256,81.95949499986455,10.0,34.07,0.69,32.16,0.13,3.25,80.4,0.0,0.01,4,3,0,cruise,Unknown,0.30036462476796605,observed,221,2
1,202,1.511970999672485,81.54610199926537,10.77,34.11,0.57,30.75,0.16,3.47,79.91,0.0,0.01,4,3,0,cruise,Unknown,0.2986061389551843,observed,222,2
1,203,1.4104579995546374,83.03793199956999,10.65,35.79,0.61,30.62,0.15,3.59,81.51,0.0,0.01,4,4,0,cruise,Unknown,0.2934334394059931,observed,223,2
1,204,1.4602499995817197,85.79741899939108,9.99,37.48,0.79,32.13,0.13,3.56,84.2,0.0,0.01,4,4,0,cruise,Unknown,0.2914959559798462,observed,224,2
1,205,1.4725789997100946,80.50217900017742,10.17,34.56,0.59,29.96,0.13,3.37,78.87,0.0,0.01,3,3,1,slow_down,Unknown,0.2698140413683373,observed,225,2
1,206,1.88826399971731,80.4058530002294,11.07,34.55,0.63,28.39,0.14,3.5,78.38,0.0,0.01,3,3,1,slow_down,Unknown,0.23347918324051975,observed,226,2
1,207,1.590652999766462,80.43053099936515,10.67,35.01,0.6,28.52,0.17,3.61,78.67,0.0,0.01,4,4,0,cruise,Unknown,0.3150341421373641,observed,227,2
1,208,1.4443939999182476,106.80963499999052,10.12,34.07,0.66,50.76,0.31,9.15,105.18,0.0,0.01,4,4,0,cruise,Unknown,0.3047517236807213,observed,228,2
1,209,1.633862000744557,137.16629300051864,19.54,61.98,1.5,45.74,0.24,6.17,135.33,0.0,0.02,4,4,0,cruise,Unknown,0.3436837045876425,observed,229,2
1,210,3.918923000128416,122.64100999982475,14.62,52.78,0.86,43.42,0.21,6.5,118.56,0.0,0.01,4,4,0,cruise,Unknown,0.3420478652877221,observed,230,2
1,211,3.811006000432826,123.38268700023036,14.72,53.37,0.62,44.19,0.25,6.13,119.39,0.0,0.01,3,3,1,slow_down,Unknown,0.3556268231238398,observed,231,2
1,212,3.2421140003862092,121.30276300013065,13.51,51.81,0.79,45.18,0.22,6.21,117.87,0.0,0.01,3,3,2,slow_down,Unknown,0.3537838106603023,observed,232,2
1,213,3.21504899966385,129.09649900029763,14.76,57.05,0.81,46.6,0.27,6.09,125.72,0.0,0.01,3,3,2,slow_down,Unknown,0.3540605940068947,observed,233,2
1,214,2.9229189995021443,128.50832200001605,16.63,56.34,0.61,45.06,0.23,6.41,125.42,0.0,0.02,3,3,3,slow_down,Unknown,0.3521894059931053,observed,234,2
1,215,1.4925650002624025,123.05387499964127,17.08,52.63,0.71,44.77,0.21,5.85,121.38,0.0,0.01,3,3,1,slow_down,Unknown,0.34245392468841157,observed,235,2
1,216,1.520453000011912,126.29491799998505,15.72,52.15,0.75,47.32,0.24,8.27,124.6,0.0,0.02,3,3,1,slow_down,Unknown,0.34001922566958365,observed,236,2
1,217,5.243348000476544,129.79358899974613,16.67,54.95,0.81,45.51,0.28,5.93,124.32,0.0,0.02,3,3,0,cruise,Unknown,0.2731569875364625,observed,237,2
1,218,3.265963999183441,125.27476099967316,16.77,54.46,0.88,43.45,0.21,5.88,121.82,0.0,0.02,3,3,0,cruise,Unknown,0.2549804428533545,observed,238,2
1,219,1.6499679995831684,123.8126549997105,17.37,53.71,0.87,44.13,0.19,5.6,122.01,0.0,0.02,3,3,0,cruise,Unknown,0.3106669318483161,observed,239,2
1,220,3.1183510000118986,123.82332500055782,14.17,54.11,0.77,45.45,0.19,5.72,120.55,0.0,0.01,3,3,0,cruise,Unknown,0.3144325112702201,observed,240,2
1,221,3.1889280007817433,121.33138600074744,13.78,52.19,0.79,44.54,0.3,6.21,117.97,0.0,0.02,3,3,2,slow_down,Unknown,0.283838835852559,observed,241,2
1,222,3.958186000090791,124.30722699991748,15.79,54.58,0.68,42.43,0.27,6.27,120.17,0.0,0.01,3,3,2,slow_down,Unknown,0.28843973747016705,observed,242,2
1,223,2.6491170001463615,130.25105399992754,20.12,55.66,0.95,43.96,0.26,6.28,127.38,0.0,0.01,4,4,0,cruise,Unknown,0.23092680986475736,observed,243,2
1,224,2.505951999410172,129.5764930000587,15.81,56.86,0.73,45.56,0.29,7.51,126.91,0.0,0.01,3,3,0,cruise,Unknown,0.25875762397242114,observed,244,2
1,225,1.814297000237275,132.8078420001475,14.55,60.69,0.85,47.54,0.29,6.75,130.82,0.0,0.02,4,3,1,slow_down,Unknown,0.28215824714929727,observed,245,2
1,226,1.545058999909088,125.36934099989594,14.16,54.79,0.85,44.83,0.22,8.63,123.65,0.0,0.02,4,3,1,slow_down,Unknown,0.27456245027844073,observed,246,2
1,227,1.5912740000203485,127.96779299969785,12.93,62.58,0.88,43.58,0.25,5.82,126.19,0.0,0.01,3,3,0,cruise,Unknown,0.27096095200212145,observed,247,2
1,228,1.5626809999957914,132.35636799981876,15.83,54.67,1.0,52.22,0.19,6.54,130.59,0.0,0.02,3,3,0,cruise,Unknown,0.27039909838239196,observed,248,2
1,229,1.4350510000440408,131.2846789996911,14.23,58.82,0.93,48.59,0.31,6.59,129.65,0.0,0.03,4,4,0,cruise,Unknown,0.26768595863166267,observed,249,2
1,230,1.5058110002428293,136.40992900036508,17.59,63.27,0.89,45.15,0.23,7.38,134.7,0.0,0.02,3,3,0,cruise,Unknown,0.25674058605144523,observed,250,2
1,231,1.6288480001094285,112.73034500027279,17.19,58.0,0.95,30.61,0.17,3.89,110.94,0.0,0.01,4,4,0,cruise,Unknown,0.27644192521877486,observed,251,2
1,232,1.562123999974574,79.8654929994882,11.2,35.14,0.65,27.26,0.15,3.66,78.15,0.0,0.01,4,4,0,cruise,Unknown,0.27033943251127024,observed,252,2
1,233,1.1786819995904807,83.02281599935668,11.36,38.05,0.63,27.87,0.17,3.51,81.7,0.0,0.01,4,4,0,cruise,Unknown,0.21491978255104746,observed,253,2
1,234,3.077297999880102,109.42903400064097,10.29,45.05,0.59,45.86,0.3,3.97,106.16,0.0,0.01,4,4,0,cruise,Unknown,0.231798594537258,observed,254,2
1,235,1.7516859998067957,82.66157700018084,10.86,36.43,0.61,28.85,0.17,3.72,80.76,0.0,0.01,3,3,0,cruise,Unknown,0.23301843012463538,observed,255,2
1,236,1.5284109995263861,80.60315999955492,10.45,36.16,0.59,28.06,0.16,3.44,78.95,0.0,0.01,3,3,0,cruise,Unknown,0.23802704852824186,observed,256,2
1,237,1.6613179996056715,80.88119500007451,10.7,35.33,0.62,28.72,0.14,3.48,79.09,0.0,0.01,3,3,0,cruise,Unknown,0.3052605409705648,observed,257,2
1,238,1.471020000280987,80.6464600000254,10.03,35.27,0.62,29.41,0.15,3.41,79.01,0.0,0.01,3,3,0,cruise,Unknown,0.2890015910898966,observed,258,2
1,239,1.627204000214988,87.69055300035689,12.99,37.99,0.78,30.21,0.18,3.69,85.93,0.0,0.01,3,3,0,cruise,Unknown,0.2157998541500928,observed,259,2
1,240,1.6763820003689034,85.37238900044031,11.6,36.87,0.62,30.27,0.16,3.93,83.55,0.0,0.01,3,3,0,cruise,Unknown,0.23538186157517899,observed,260,2
1,241,1.6580709998379461,84.10586999980296,11.42,36.35,0.7,29.64,0.14,3.93,82.29,0.0,0.01,4,3,0,cruise,Unknown,0.30300318217979316,observed,261,2
1,242,1.692818000265106,85.29547600028309,11.0,38.79,0.62,29.07,0.19,3.67,83.46,0.0,0.01,3,2,0,cruise,Unknown,0.30544616812516573,observed,262,2
1,243,1.547468999888224,81.69123099924036,10.94,36.04,0.55,28.5,0.2,3.69,80.01,0.0,0.01,3,3,0,cruise,Unknown,0.3045213471227791,observed,263,2
1,244,1.431931999832159,81.3028509992364,10.94,35.78,0.62,28.59,0.18,3.49,79.73,0.0,0.01,3,3,0,cruise,Unknown,0.3030230708035004,observed,264,2
1,245,1.5797870000824332,84.15382299972407,13.61,35.43,0.68,28.75,0.16,3.68,82.44,0.0,0.01,3,3,0,cruise,Unknown,0.33568682047202336,observed,265,2
1,246,1.627994999580551,86.09474500008218,10.24,36.01,0.61,31.34,0.32,5.63,84.28,0.0,0.01,3,3,0,cruise,Unknown,0.3359801776717051,observed,266,2
1,247,1.6034809996199328,92.1643559995573,16.35,39.28,0.94,29.39,0.16,4.15,90.41,0.0,0.01,3,3,0,cruise,Unknown,0.34005568814638026,observed,267,2
1,248,1.624083999558934,81.31718000004184,11.4,35.46,0.64,28.02,0.14,3.76,79.54,0.0,0.01,3,3,1,slow_down,Unknown,0.3381165473349244,observed,268,2
1,249,1.49658600003022,81.86500600004365,11.24,35.39,0.63,28.43,0.25,4.18,80.22,0.0,0.01,4,4,2,slow_down,Unknown,0.34367044550517106,observed,269,2
1,250,1.708159999907366,91.76019400001678,11.56,39.02,0.75,33.71,0.24,4.5,89.89,0.0,0.01,4,4,2,slow_down,Unknown,0.342364425881729,observed,270,2
1,251,1.6864959998201812,85.05099800004245,11.56,38.65,0.82,27.87,0.17,3.99,83.2,0.0,0.01,4,4,0,cruise,Unknown,0.3365138557411827,observed,271,2
1,252,1.6557239996473072,83.2562349996806,11.85,35.75,0.57,28.86,0.16,4.11,81.42,0.0,0.01,4,4,0,cruise,Unknown,0.3360464730840626,observed,272,2
1,253,1.5952479998304625,84.62115499969514,11.06,37.74,0.57,29.6,0.16,3.65,82.88,0.0,0.01,3,3,0,cruise,Unknown,0.3347586846990188,observed,273,2
1,254,1.5436759995282046,82.28604199939582,11.14,36.33,0.63,28.33,0.15,3.93,80.62,0.0,0.01,3,3,0,cruise,Unknown,0.3336482365420313,observed,274,2
1,255,1.4788369999223505,81.07943200047885,10.2,35.6,0.82,28.99,0.17,3.57,79.44,0.0,0.01,5,5,0,cruise,Unknown,0.3057063776186688,observed,275,2
1,256,1.6577870001128758,88.74474100048246,11.12,40.3,0.64,30.6,0.14,4.03,86.93,0.0,0.01,5,5,0,cruise,Unknown,0.30183638292230175,observed,276,2
1,257,1.3750280004387605,83.04863600005774,11.59,37.42,0.56,28.34,0.19,3.34,81.55,0.0,0.01,2,2,0,cruise,Unknown,0.31823786793953857,observed,277,2
1,258,1.53812500047934,81.17953200053307,10.21,35.65,0.41,29.39,0.16,3.6,79.52,0.0,0.01,2,2,0,cruise,Unknown,0.3220382524529303,observed,278,2
1,259,1.4895020003677928,94.92185399994924,11.03,49.54,0.96,28.0,0.16,3.5,93.29,0.0,0.01,4,4,0,cruise,Unknown,0.27068085388491114,observed,279,2
1,260,1.6978169996946235,79.55576599943015,10.37,35.39,0.57,27.76,0.13,3.4,77.71,0.0,0.01,4,4,0,cruise,Unknown,0.27266971625563513,observed,280,2
1,261,1.6744439999456517,86.19112500036863,10.63,37.02,0.63,31.59,0.19,4.15,84.33,0.0,0.01,4,4,0,cruise,Unknown,0.2824549191195969,observed,281,2
1,262,1.7410139998901286,91.4085320000595,11.62,38.99,0.78,33.76,0.16,4.08,89.51,0.0,0.01,4,4,0,cruise,Unknown,0.2838056881463803,observed,282,2
1,263,1.6887960000531166,84.38827700047113,11.35,38.04,0.78,28.52,0.17,3.56,82.55,0.0,0.01,5,5,0,cruise,Unknown,0.21268396976929196,observed,283,2
1,264,1.5887479994489695,80.8951849994628,11.43,36.75,0.6,26.97,0.15,3.12,79.16,0.0,0.01,4,4,0,cruise,Unknown,0.21386900026518166,observed,284,2
1,265,1.6115329999593087,75.18180500028393,11.11,35.79,0.6,23.05,0.14,2.63,73.43,0.0,0.01,4,4,0,cruise,Unknown,0.11862569610182976,observed,285,2
1,266,1.5758749996166443,79.83740199961176,10.54,35.28,0.56,28.42,0.2,2.97,78.13,0.0,0.01,4,4,0,cruise,Unknown,0.13397639883320075,observed,286,2
1,267,1.4918580000085058,80.08896800038201,10.69,36.02,0.55,27.67,0.2,3.23,78.47,0.0,0.01,4,4,0,cruise,Unknown,0.27414313179527977,observed,287,2
1,268,1.5307350004150067,88.61636600067868,11.5,40.36,0.69,30.29,0.19,3.76,86.9,0.0,0.01,4,4,0,cruise,Unknown,0.26904004242906393,observed,288,2
1,269,1.4216350000424427,82.12822199948278,10.65,36.46,0.6,29.3,0.13,3.35,80.58,0.0,0.01,4,4,0,cruise,Unknown,0.25799854150092816,observed,289,2
1,270,1.5133880006032996,81.50315300008515,10.28,35.25,0.69,30.05,0.14,3.36,79.87,0.0,0.01,4,4,0,cruise,Unknown,0.2755336780694776,observed,290,2
1,271,1.5106519995242706,92.72477200011053,10.76,38.49,0.84,36.77,0.19,3.9,91.06,0.0,0.02,6,5,0,cruise,Unknown,0.25370922832140014,observed,291,2
1,272,1.7096259998652386,81.02843200049392,11.25,36.09,0.85,27.29,0.16,3.43,79.17,0.0,0.01,5,4,0,cruise,Unknown,0.2487287854680456,observed,292,2
1,273,1.5579050004816963,79.49932100018486,10.63,35.3,0.73,27.1,0.21,3.71,77.78,0.0,0.01,5,5,0,cruise,Unknown,0.24970167064439142,observed,293,2
1,274,1.6141090000019176,79.9274080000032,10.77,35.9,0.82,27.06,0.15,3.35,78.18,0.0,0.01,5,5,0,cruise,Unknown,0.23921870856536728,observed,294,2
1,275,1.6660599994793301,81.8295439994472,10.24,36.23,0.71,28.98,0.17,3.62,80.04,0.0,0.01,4,4,1,slow_down,Unknown,0.2514684433837178,observed,295,2
1,276,1.5878920003160601,83.11140000023443,11.02,35.78,0.6,30.34,0.18,3.37,81.37,0.0,0.01,4,4,1,slow_down,Unknown,0.2529402015380536,observed,296,2
1,277,1.551972999550344,79.49156399990898,11.08,36.29,0.65,26.06,0.16,3.39,77.75,0.0,0.01,5,5,1,slow_down,Unknown,0.26059234950941396,observed,297,2
1,278,1.4828570001554908,79.06590900074661,10.7,35.35,0.74,26.54,0.14,3.86,77.43,0.0,0.01,4,4,1,slow_down,Unknown,0.265219769291965,observed,298,2
1,279,1.5302230003726436,78.41357699999207,10.57,35.8,0.89,25.38,0.18,3.8,76.74,0.0,0.01,5,4,0,cruise,Unknown,0.25188776186687883,observed,299,2
1,280,1.6407869998147362,88.28095300032146,11.67,39.88,0.88,29.92,0.16,3.85,86.49,0.0,0.01,5,4,0,cruise,Unknown,0.2539777247414479,observed,300,2
1,281,1.629836000574869,87.9783860000316,14.01,37.66,0.75,29.76,0.15,3.77,86.19,0.0,0.01,4,4,0,cruise,Unknown,0.29051975603288255,observed,301,2
1,282,1.5061909998621559,81.5426170001956,10.96,34.98,0.73,29.31,0.2,3.61,79.89,0.0,0.01,4,4,0,cruise,Unknown,0.2889038053566693,observed,302,2
1,283,1.6727749998608488,82.61476399911771,10.45,35.42,0.57,29.58,0.13,4.5,80.76,0.0,0.01,4,4,0,cruise,Unknown,0.29111309997348184,observed,303,2
1,284,3.056464999644959,94.75619899967569,16.56,40.13,0.9,29.98,0.15,3.72,91.55,0.0,0.01,4,4,0,cruise,Unknown,0.29117276584460355,observed,304,2
1,285,1.3944080001238035,82.71171100022912,10.82,35.22,0.75,30.27,0.18,3.83,81.18,0.0,0.01,4,4,0,cruise,Unknown,0.283683041633519,observed,305,2
1,286,1.6437960002804175,83.41920099974232,10.69,34.93,0.62,31.11,0.15,4.04,81.64,0.0,0.01,4,4,0,cruise,Unknown,0.27771313975072925,observed,306,2
1,287,1.4543849993060576,81.39095499973337,10.1,35.34,0.74,29.89,0.15,3.49,79.82,0.0,0.01,3,3,0,cruise,Unknown,0.2781042826836383,observed,307,2
1,288,1.4659809994554962,85.02787699944747,10.95,35.89,0.51,31.69,0.16,4.11,83.42,0.0,0.01,3,3,0,cruise,Unknown,0.276673959162026,observed,308,2
1,289,1.7411139997420833,86.78947899988998,11.5,37.96,0.65,30.69,0.15,3.83,84.9,0.0,0.01,3,3,0,cruise,Unknown,0.2930920180323522,observed,309,2
1,290,1.609907999409188,84.89508499951626,11.04,36.06,0.73,31.29,0.15,3.75,83.11,0.0,0.01,4,4,0,cruise,Unknown,0.30270816759480246,observed,310,2
1,291,1.7135079997387948,83.20728499984398,10.54,35.61,0.66,30.79,0.16,3.48,81.37,0.0,0.01,4,4,0,cruise,Unknown,0.2746469769291965,observed,311,2
1,292,1.458583999919938,88.85509199990338,10.69,40.06,0.62,31.64,0.17,3.98,87.26,0.0,0.01,4,4,0,cruise,Unknown,0.2719868735083532,observed,312,2
1,293,1.4854740002192557,82.68529799988755,11.06,35.36,0.69,29.92,0.14,3.79,81.05,0.0,0.01,4,4,0,cruise,Unknown,0.29034904534606204,observed,313,2
1,294,1.609436999387981,81.4551389994449,10.25,34.97,0.67,29.76,0.14,3.85,79.72,0.0,0.01,4,4,0,cruise,Unknown,0.2932842747281888,observed,314,2
1,295,1.3359439999476308,81.04921799986187,9.76,34.99,0.55,30.35,0.16,3.7,79.59,0.0,0.01,4,4,0,cruise,Unknown,0.3162738663484487,observed,315,2
1,296,1.5145130000746576,98.43347600053676,10.61,50.71,0.55,30.62,0.15,4.05,96.78,0.0,0.01,4,4,0,cruise,Unknown,0.31386071333863697,observed,316,2
1,297,1.3693420005438384,84.20204100002593,10.51,35.36,0.66,32.05,0.15,3.87,82.71,0.0,0.01,4,4,0,cruise,Unknown,0.30067952797666403,observed,317,2
1,298,1.7022160000124131,86.1188190001485,10.47,35.49,0.69,33.6,0.18,3.75,84.29,0.0,0.02,4,4,0,cruise,Unknown,0.30333300185627154,observed,318,2
1,299,1.4585899998564855,85.12577399960719,10.45,34.65,0.64,33.57,0.14,3.98,83.54,0.0,0.01,3,3,1,slow_down,Unknown,0.31524960222752585,observed,319,2
1,300,1.61851399934676,88.61451099983242,11.39,37.32,0.65,33.53,0.14,3.72,86.84,0.0,0.01,3,3,1,slow_down,Unknown,0.31330383187483424,observed,320,2
1,301,1.5489759998672525,89.13988399945083,10.91,37.04,0.69,34.6,0.15,3.96,87.44,0.0,0.01,4,4,1,slow_down,Unknown,0.2616249005568815,observed,321,2
1,302,1.5751769997223164,92.1863060002579,10.45,37.66,0.68,36.93,0.21,4.41,90.43,0.0,0.01,4,4,1,slow_down,Unknown,0.26072991249005567,observed,322,2
1,303,1.6836839995448827,91.17383400007384,10.8,37.53,0.71,36.26,0.17,3.76,89.33,0.0,0.01,3,3,0,cruise,Unknown,0.2546837708830549,observed,323,2
1,304,1.5785249997861683,88.16099999967264,10.92,37.88,0.54,33.26,0.13,3.62,86.46,0.0,0.01,3,3,0,cruise,Unknown,0.2659158711217184,observed,324,2
1,305,1.3518549994842033,85.4754199999661,10.32,35.53,0.55,33.63,0.16,3.71,84.0,0.0,0.01,3,3,0,cruise,Unknown,0.2824184566428003,observed,325,2
1,306,1.490912000008393,90.78359800059843,10.93,35.66,0.63,37.17,0.31,4.33,89.14,0.0,0.01,3,3,0,cruise,Unknown,0.2854498143728454,observed,326,2
1,307,1.5666049994251807,98.88362499987124,11.75,36.33,0.56,41.43,0.3,6.6,97.11,0.0,0.01,3,3,0,cruise,Unknown,0.2884347653142403,observed,327,2
1,308,1.5456070004802314,94.19109900045441,13.39,39.13,0.59,35.02,0.17,4.09,92.5,0.0,0.01,3,3,0,cruise,Unknown,0.2879541235746486,observed,328,2
1,309,1.6017769994505215,86.0549639992314,11.42,36.62,0.85,31.35,0.16,3.79,84.3,0.0,0.01,3,3,1,slow_down,Unknown,0.2605708035003978,observed,329,2
1,310,1.5527949999523116,84.38925700011168,11.4,35.29,0.6,31.29,0.19,3.84,82.7,0.0,0.01,3,3,1,slow_down,Unknown,0.26393363829223015,observed,330,2
1,311,1.4318120001917123,87.2337040000275,10.87,37.77,0.63,32.11,0.17,4.01,85.66,0.0,0.01,3,3,0,cruise,Unknown,0.27635076902678335,observed,331,2
1,312,1.6342700000677723,87.15241600020818,11.61,36.36,0.57,32.44,0.18,4.1,85.36,0.0,0.01,3,3,0,cruise,Unknown,0.2840294351630867,observed,332,2
1,313,1.5970340000421857,88.35006699973746,11.82,35.89,0.65,34.32,0.21,3.61,86.59,0.0,0.01,3,3,0,cruise,Unknown,0.3052373375762397,observed,333,2
1,314,1.662272999965353,95.14560000025085,11.1,35.83,0.57,39.69,0.33,5.66,93.31,0.0,0.02,3,3,0,cruise,Unknown,0.30516109785202866,observed,334,2
1,315,1.6742210000302293,117.0800350000718,13.09,38.66,0.61,52.55,0.33,9.7,115.15,0.0,0.06,3,3,0,cruise,Unknown,0.33043953858393,observed,335,2
1,316,1.382479999847419,97.03087199977745,18.22,39.39,0.67,33.16,0.2,3.76,95.5,0.0,0.01,3,3,0,cruise,Unknown,0.33161462476796605,observed,336,2
1,317,1.3977429998703883,86.85203400000319,11.31,35.34,0.56,33.61,0.2,4.19,85.31,0.0,0.01,3,3,0,cruise,Unknown,0.2843227923627685,observed,337,2
1,318,1.5249089992721565,84.59499699984008,10.13,35.71,0.48,31.82,0.23,4.4,82.88,0.0,0.01,3,3,0,cruise,Unknown,0.2784573057544418,observed,338,2
1,319,1.479145000303106,98.86780099986936,16.13,43.45,0.72,32.35,0.21,4.28,97.25,0.0,0.01,3,3,1,slow_down,Unknown,0.32444974807743304,observed,339,2
1,320,1.633890999983123,89.07906100012042,11.21,39.22,0.61,31.86,0.16,4.12,87.29,0.0,0.01,3,3,1,slow_down,Unknown,0.3243337311058075,observed,340,2
1,321,1.2466270000004442,83.80654499978846,11.71,35.33,0.57,30.18,0.17,4.35,82.41,0.0,0.01,3,3,3,slow_down,Unknown,0.34081477061787324,observed,341,2
1,322,2.43150699952821,92.19708499949775,10.55,37.0,0.65,36.81,0.19,4.29,89.6,0.0,0.01,3,3,3,slow_down,Unknown,0.34153076107133384,observed,342,2
1,323,1.6992560003927792,88.72301999963383,11.13,37.76,0.58,33.34,0.14,3.82,86.88,0.0,0.01,3,3,1,slow_down,Unknown,0.33065499867409176,observed,343,2
1,324,1.1674570005197893,86.69819300030213,11.25,36.17,0.59,33.56,0.13,3.6,85.4,0.0,0.01,3,3,1,slow_down,Unknown,0.33057544417926277,observed,344,2
1,325,1.6580880001129117,85.05663699997967,11.19,35.64,0.53,31.69,0.15,3.96,83.25,0.0,0.01,3,3,1,slow_down,Unknown,0.329786528772209,observed,345,2
1,326,1.5387189996545203,82.79727799981629,9.98,35.0,0.46,31.6,0.13,3.88,81.13,0.0,0.01,3,3,1,slow_down,Unknown,0.3316643463272342,observed,346,2
1,327,1.3345909992494853,84.75703499971132,10.57,35.92,0.5,32.1,0.15,3.94,83.28,0.0,0.01,3,3,0,cruise,Unknown,0.302719769291965,observed,347,2
1,328,1.4649000004283153,84.42818999992596,11.18,34.72,0.61,32.42,0.15,3.67,82.84,0.0,0.01,3,3,0,cruise,Unknown,0.2996668655529037,observed,348,2
1,329,1.3875690001441399,84.27139699961117,10.66,35.44,0.51,32.04,0.17,3.84,82.75,0.0,0.01,3,3,0,cruise,Unknown,0.2742624635375232,observed,349,2
1,330,1.584288999765704,92.12293299970042,11.5,35.9,0.62,33.35,0.35,8.51,90.36,0.0,0.01,3,3,0,cruise,Unknown,0.2742392601431981,observed,350,2
1,331,1.5536370001427713,92.31898599955457,20.77,36.53,0.5,28.9,0.14,3.63,90.6,0.0,0.01,3,3,1,slow_down,Unknown,0.27818383717846723,observed,351,2
1,332,1.6068380000433535,83.41567800016492,11.75,34.94,0.61,30.1,0.17,3.97,81.66,0.0,0.01,3,3,1,slow_down,Unknown,0.27641043489790507,observed,352,2
1,333,1.5427850003106869,85.17937400029041,11.28,35.75,0.54,31.81,0.15,3.86,83.5,0.0,0.01,3,3,1,slow_down,Unknown,0.22312715460090163,observed,353,2
1,334,1.6467610003019217,81.08419699965452,10.22,35.0,0.51,29.33,0.16,3.99,79.3,0.0,0.01,3,3,1,slow_down,Unknown,0.22816063378414214,observed,354,2
1,335,1.587837999977637,82.97173299979477,10.68,35.12,0.51,30.73,0.15,3.96,81.25,0.0,0.01,3,3,1,slow_down,Unknown,0.30397109520021215,observed,355,2
1,336,1.5279069993994199,83.79733399942779,11.47,36.37,0.53,29.75,0.14,3.79,82.14,0.0,0.01,3,3,1,slow_down,Unknown,0.31227625298329353,observed,356,2
1,337,1.493652999670303,87.40775699970982,11.73,37.49,0.54,32.43,0.15,3.34,85.77,0.0,0.01,3,3,0,cruise,Unknown,0.27390612569610184,observed,357,2
1,338,1.4823940000496805,92.51872300046671,11.1,37.24,0.52,38.34,0.15,3.47,90.91,0.0,0.01,3,3,0,cruise,Unknown,0.2779435163086714,observed,358,2
1,339,1.3590789994850638,84.2650650001815,10.48,36.28,0.48,31.59,0.15,3.66,82.74,0.0,0.01,2,2,0,cruise,Unknown,0.32583532219570405,observed,359,2
1,340,1.408795999850554,84.498409999469,10.89,35.54,0.42,31.9,0.21,3.89,82.95,0.0,0.01,2,2,0,cruise,Unknown,0.31266076637496687,observed,360,2
1,341,1.6354330000467598,86.22830100011925,11.3,36.44,0.58,31.73,0.2,4.09,84.44,0.0,0.01,3,3,0,cruise,Unknown,0.3069212410501193,observed,361,2
1,342,1.6037530003814027,88.50576999975601,10.6,35.39,0.49,32.78,0.3,6.99,86.71,0.0,0.02,3,3,0,cruise,Unknown,0.31127684964200475,observed,362,2
1,343,1.6598369993516826,95.32563899938395,16.63,38.51,0.73,33.3,0.17,4.04,93.51,0.0,0.01,2,2,0,cruise,Unknown,0.3109934367541766,observed,363,2
1,344,1.5056540005389252,93.10021000055713,11.4,35.65,0.48,39.98,0.23,3.6,91.46,0.0,0.01,2,2,0,cruise,Unknown,0.2969255502519226,observed,364,2
1,345,1.6075749999799882,84.89259399993898,11.04,35.68,0.44,31.95,0.16,3.78,83.15,0.0,0.01,2,2,0,cruise,Unknown,0.3527562317687616,observed,365,2
1,346,1.5543819999948028,84.24536099937541,10.4,35.68,0.51,31.82,0.21,3.82,82.55,0.0,0.01,2,2,0,cruise,Unknown,0.3516242376027579,observed,366,2
1,347,1.5664600005038665,118.4300089998942,11.36,39.17,0.43,57.68,0.4,7.45,116.66,0.0,0.03,2,2,0,cruise,Unknown,0.2969504110315566,observed,367,2
1,348,3.0642120000266004,149.14519500052847,21.74,66.57,0.76,50.13,0.28,6.26,145.9,0.0,0.02,2,2,0,cruise,Unknown,0.3163782816229117,observed,368,2
1,349,1.6228719996433938,129.4354919991747,12.37,56.03,0.79,51.05,0.23,7.0,127.61,0.0,0.02,3,2,0,cruise,Unknown,0.3243619066560594,observed,369,2
1,350,1.5284809996956028,125.96544299958623,13.64,55.35,0.91,47.85,0.2,6.17,124.27,0.0,0.01,3,2,0,cruise,Unknown,0.3113099973481835,observed,370,2
1,351,1.50962600037019,115.00694700043823,13.13,56.63,0.71,37.43,0.25,5.04,113.34,0.0,0.01,2,1,0,cruise,Unknown,0.16493138424821002,observed,371,2
1,352,1.5166379998845514,144.4136680001975,13.1,70.82,0.66,52.34,0.31,5.37,142.74,0.0,0.02,2,1,0,cruise,Unknown,0.16968145054362238,observed,372,2
1,353,1.5628060000381083,121.34552899988194,13.48,54.55,0.68,44.31,0.22,6.22,119.61,0.0,0.02,2,2,0,cruise,Unknown,0.1997729382126757,observed,373,2
1,354,1.621933999558678,126.67050799973367,13.21,61.48,0.76,43.22,0.22,5.86,124.89,0.0,0.02,2,2,0,cruise,Unknown,0.18958333333333333,observed,374,2
1,355,1.552914000058081,123.79339600011008,13.25,54.41,0.54,46.48,0.27,6.95,122.06,0.0,0.01,1,1,0,cruise,Unknown,0.2612917661097852,observed,375,2
1,356,1.6192440007216646,128.50591500045994,17.47,53.44,0.56,48.6,0.27,6.25,126.73,0.0,0.01,1,1,0,cruise,Unknown,0.2645866481039512,observed,376,2
1,357,1.4470989999608719,132.93878999957087,13.72,60.09,0.61,50.24,0.25,6.27,131.33,0.0,0.01,1,1,0,cruise,Unknown,0.34950444179262796,observed,377,2
1,358,1.5122180002435925,122.4829699995098,12.96,53.44,0.55,47.34,0.28,6.11,120.81,0.0,0.01,1,1,0,cruise,Unknown,0.3477658446035534,observed,378,2
1,359,1.4467430000877357,123.13746700056072,13.01,52.31,0.54,49.58,0.22,5.73,121.51,0.0,0.01,1,1,0,cruise,Unknown,0.2528457305754442,observed,379,2
1,360,1.6908520001379657,135.6650930001706,13.13,53.34,0.56,56.07,0.22,10.34,133.81,0.0,0.01,1,1,0,cruise,Unknown,0.2510474675152479,observed,380,2
1,361,1.377715000671742,139.97359500081075,17.7,60.85,2.5,50.3,0.23,6.66,138.43,0.0,0.01,1,1,0,cruise,Unknown,0.28973249801113765,observed,381,2
1,362,1.5405989997816505,129.6634880000056,12.57,58.31,0.63,50.09,0.26,5.92,127.93,0.0,0.01,1,1,0,cruise,Unknown,0.2877535799522673,observed,382,2
1,363,1.5835550002520904,106.85148099946673,13.8,54.07,0.66,32.2,0.29,3.95,105.11,0.0,0.01,1,1,0,cruise,Unknown,0.05699582338902148,observed,383,2
1,364,3.126212000097439,114.21779400006926,21.92,54.18,0.57,30.3,0.22,3.58,110.92,0.0,0.02,1,1,0,cruise,Unknown,0.05608426146910634,observed,384,2
1,365,3.2409759996880894,95.59241799979645,14.45,54.22,0.53,19.52,0.2,3.16,92.21,0.0,0.01,1,1,1,slow_down,Unknown,0.03198587907716786,observed,385,2
1,366,3.631934000623005,94.9547000000166,14.44,52.67,0.64,19.94,0.21,3.13,91.17,0.0,0.01,1,1,1,slow_down,Unknown,0.041406457173163616,observed,386,2
1,367,1.5455270004167687,107.28344000017387,15.27,53.47,0.58,30.6,0.25,5.21,105.53,0.0,0.01,1,1,0,cruise,Unknown,0.09277877220896313,observed,387,2
1,368,1.8767339997793897,116.97879099938291,22.6,55.91,0.62,30.71,0.31,4.61,114.9,0.0,0.01,1,1,0,cruise,Unknown,0.09407816229116946,observed,388,2
1,369,3.584084000067378,118.87582300005306,19.59,58.68,1.24,30.79,0.23,4.32,115.11,0.0,0.02,1,1,0,cruise,Unknown,0.07934234950941395,observed,389,2
1,370,3.4377189995211666,126.06458800019027,17.72,68.25,0.59,31.0,0.25,4.44,122.43,0.0,0.02,1,1,0,cruise,Unknown,0.07481934500132591,observed,390,2
1,371,4.536477000328887,91.33862799990311,17.42,50.75,0.66,15.23,0.18,2.28,86.67,0.0,0.01,1,1,0,cruise,Unknown,0.038350238663484484,observed,391,2
1,372,3.9151540004240815,69.29310800023813,10.56,35.3,0.38,16.6,0.15,2.2,65.27,0.0,0.01,1,1,0,cruise,Unknown,0.0386402810925484,observed,392,2
1,373,2.1288959997036727,66.69770799999242,10.07,36.12,0.41,15.46,0.15,2.13,64.43,0.0,0.01,1,1,0,cruise,Unknown,0.03938776186687881,observed,393,2
1,374,1.6236920000665123,63.5437089995321,11.24,35.14,0.32,12.75,0.17,2.09,61.8,0.0,0.02,1,1,0,cruise,Unknown,0.04534937682312384,observed,394,2
1,375,1.4129069995760801,73.02859899937175,11.86,37.02,0.44,19.43,0.14,2.5,71.49,0.0,0.01,1,1,0,cruise,Unknown,0.10036793953858393,observed,395,2
1,376,1.4658099998996477,72.28970200048934,9.96,35.76,0.38,21.67,0.18,2.68,70.71,0.0,0.01,1,1,0,cruise,Unknown,0.09776087244762663,observed,396,2
1,377,1.4081889994486119,70.7685789993775,9.91,34.71,0.37,21.22,0.17,2.74,69.22,0.0,0.01,1,1,0,cruise,Unknown,0.07741315300981172,observed,397,2
1,378,1.4437439995163004,75.12710499941022,10.55,35.15,0.38,24.8,0.18,2.36,73.56,0.0,0.01,1,1,0,cruise,Unknown,0.0905545611243702,observed,398,2
1,379,1.3994479995744769,74.68266700016102,10.44,35.24,0.42,23.72,0.18,3.05,73.15,0.0,0.01,1,1,0,cruise,Unknown,0.15744000265181649,observed,399,2
1,380,1.440443999854324,78.07060300001467,10.58,36.9,0.39,25.1,0.16,3.28,76.51,0.0,0.01,1,1,0,cruise,Unknown,0.1609287987271281,observed,400,2
1,381,1.4632819993494195,72.33871799962799,10.93,35.56,0.47,21.14,0.19,2.33,70.75,0.0,0.01,1,1,0,cruise,Unknown,0.05678533545478653,observed,401,2
1,382,1.5063739992910996,71.84074899942061,10.27,35.01,0.41,21.92,0.21,2.3,70.21,0.0,0.01,1,1,0,cruise,Unknown,0.059273070803500395,observed,402,2
1,383,1.5657079993616208,65.98460999975941,10.06,35.03,0.36,16.5,0.18,2.05,64.29,0.0,0.01,1,1,0,cruise,Unknown,0.028848448687350835,observed,403,2
1,384,1.4949589995012502,72.99162199979037,10.36,35.78,0.35,22.1,0.28,2.37,71.38,0.0,0.02,1,1,0,cruise,Unknown,0.02833631662688942,observed,404,2
1,385,1.6161079993253225,66.08856999991986,10.52,34.73,0.38,16.42,0.14,2.07,64.34,0.0,0.01,1,1,0,cruise,Unknown,0.04650125961283479,observed,405,2
1,386,1.4224850001482992,64.21182600024622,10.36,35.04,0.32,14.85,0.14,1.83,62.64,0.0,0.01,1,1,0,cruise,Unknown,0.047558671439936355,observed,406,2
1,387,1.4219509994291002,78.89190900004905,10.35,34.08,0.29,29.25,0.16,3.1,77.36,0.0,0.01,1,1,0,cruise,Unknown,0.1343178202068417,observed,407,2
1,388,1.4729399999851012,78.28055900063191,9.56,36.74,0.38,26.25,0.17,3.48,76.67,0.0,0.01,1,1,0,cruise,Unknown,0.12403705913550782,observed,408,2
1,389,1.431388999662886,80.8780970000953,12.48,34.91,0.37,27.87,0.15,3.43,79.32,0.0,0.01,1,1,0,cruise,Unknown,0.28053566693184834,observed,409,2
1,390,1.4605939995817607,77.91076499961491,10.55,34.27,0.32,27.52,0.14,3.42,76.31,0.0,0.01,1,1,0,cruise,Unknown,0.2780462741978255,observed,410,2
1,391,1.5311819997805287,78.96269299999403,10.95,34.72,0.07,28.3,0.13,3.05,77.31,0.0,0.01,0,0,0,cruise,Unknown,0.2860729912490056,observed,411,2
1,392,1.6157019999809563,76.91454300038458,9.23,34.41,0.09,27.9,0.13,3.34,75.19,0.0,0.01,0,0,0,cruise,Unknown,0.28888557411827104,observed,412,2
1,393,1.4110940001046401,77.9093909995936,9.08,35.1,0.07,28.56,0.15,3.33,76.38,0.0,0.01,0,0,1,slow_down,Unknown,0.28865685494563775,observed,413,2
1,394,1.6189059997486765,79.33733400022902,9.86,35.48,0.07,28.65,0.16,3.29,77.6,0.0,0.01,0,0,1,slow_down,Unknown,0.28791766109785205,observed,414,2
1,395,1.456353000321542,83.07557500029361,11.09,37.53,0.07,29.08,0.16,3.45,81.48,0.0,0.01,0,0,1,slow_down,Unknown,0.23774032086979582,observed,415,2
1,396,1.501331999861577,79.64941699992778,10.52,35.67,0.09,28.0,0.14,3.5,78.02,0.0,0.01,0,0,1,slow_down,Unknown,0.23979713603818617,observed,416,2
1,397,1.5027810004539788,81.61024900073244,9.99,35.4,0.31,28.36,0.21,5.59,79.96,0.0,0.01,1,1,0,cruise,Unknown,0.24855973216653407,observed,417,2
1,398,1.5476830003535724,93.00489999986894,15.68,44.4,0.51,26.95,0.15,3.46,91.28,0.0,0.01,1,1,0,cruise,Unknown,0.25211979581012994,observed,418,2
1,399,1.594407999618852,80.25076399917452,11.19,34.98,0.29,28.24,0.18,3.58,78.54,0.0,0.01,1,1,2,slow_down,Unknown,0.25274131530098115,observed,419,2
1,400,1.611767000213149,83.48451500023657,11.62,37.28,0.41,27.99,0.54,3.8,81.74,0.0,0.01,1,1,2,slow_down,Unknown,0.2497066428003182,observed,420,2
1,401,1.67491800038988,80.77520799997728,9.81,35.0,0.12,30.26,0.13,3.52,78.95,0.0,0.01,0,0,1,slow_down,Unknown,0.3109122248740387,observed,421,2
1,402,1.408828999956313,80.21192399974097,10.73,34.47,0.07,29.69,0.13,3.48,78.67,0.0,0.01,0,0,1,slow_down,Unknown,0.3104647308406258,observed,422,2
1,403,1.3378960002228268,82.47650599969347,10.59,34.52,0.29,31.46,0.18,3.88,81.02,0.0,0.01,1,1,0,cruise,Unknown,0.3074632060461416,observed,423,2
1,404,1.5870549996179761,80.62830400012899,10.75,34.54,0.29,29.43,0.16,3.63,78.91,0.0,0.01,1,1,0,cruise,Unknown,0.30718808008485815,observed,424,2
1,405,1.653226999223989,81.00145299977157,9.87,34.88,0.25,30.33,0.14,3.67,79.23,0.0,0.01,1,1,0,cruise,Unknown,0.25748972421108457,observed,425,2
1,406,1.5582089999952586,82.86244999999326,10.33,36.31,0.28,30.22,0.19,3.72,81.17,0.0,0.01,1,1,0,cruise,Unknown,0.26145418987006097,observed,426,2
1,407,1.4793700001973775,84.80050700018182,11.35,37.18,0.32,30.71,0.15,3.39,83.2,0.0,0.01,1,1,0,cruise,Unknown,0.3095515115354017,observed,427,2
1,408,1.4279779998105369,83.01037100045505,9.9,35.33,0.08,32.07,0.15,3.85,81.47,0.0,0.01,0,0,0,cruise,Unknown,0.31214034738796076,observed,428,2
1,409,1.5066699997987598,87.07896499981871,9.81,36.12,0.09,34.95,0.23,4.15,85.45,0.0,0.01,0,0,0,cruise,Unknown,0.28085388491116414,observed,429,2
1,410,1.587694000591,97.50683200036292,10.23,39.33,0.1,41.51,0.2,4.22,95.75,0.0,0.02,0,0,0,cruise,Unknown,0.284518363829223,observed,430,2
1,411,1.6857210002854117,87.28792799956864,10.94,37.45,0.08,32.47,0.16,4.26,85.46,0.0,0.01,0,0,0,cruise,Unknown,0.28424323786793954,observed,431,2
1,412,1.640294999560865,88.23603299970273,13.91,37.72,0.09,30.93,0.14,3.6,86.48,0.0,0.01,0,0,0,cruise,Unknown,0.29072858658180856,observed,432,2
1,413,1.4565130004484672,83.8314980001087,9.73,37.77,0.09,30.8,0.14,3.61,82.26,0.0,0.01,0,0,0,cruise,Unknown,0.28468410236011665,observed,433,2
1,414,1.599585000803927,82.32524300001387,10.19,35.53,0.08,30.8,0.14,3.78,80.61,0.0,0.01,0,0,0,cruise,Unknown,0.28888557411827104,observed,434,2
1,415,1.40936200023134,82.17798500027129,10.01,35.98,0.08,30.72,0.15,3.59,80.65,0.0,0.01,0,0,0,cruise,Unknown,0.2499055290373906,observed,435,2
1,416,1.655838000260701,82.51632200062886,9.36,35.43,0.12,32.11,0.14,3.48,80.75,0.0,0.01,0,0,0,cruise,Unknown,0.24692555025192256,observed,436,2
1,417,1.3541890002670698,85.85551299984218,9.91,36.33,0.07,34.59,0.14,3.27,84.4,0.0,0.01,0,0,0,cruise,Unknown,0.3524164677804296,observed,437,2
1,418,1.384264000080293,85.60243300053116,11.32,37.8,0.09,30.86,0.2,3.72,84.1,0.0,0.01,0,0,0,cruise,Unknown,0.3514303235216123,observed,438,2
1,419,1.4872239999021986,82.5026769998658,12.11,34.83,0.08,30.09,0.14,3.52,80.89,0.0,0.01,0,0,0,cruise,Unknown,0.34066560594006895,observed,439,2
1,420,1.4564719995178166,81.9366669993542,10.26,35.53,0.09,30.82,0.13,3.46,80.37,0.0,0.01,0,0,0,cruise,Unknown,0.34076504905860516,observed,440,2
1,421,1.4412709997486672,82.77401699979237,10.34,35.28,0.35,31.13,0.18,3.78,81.17,0.0,0.01,1,1,1,slow_down,Unknown,0.3414329753381066,observed,441,2
1,422,1.497305000157212,96.26705199934804,11.07,35.56,0.32,43.54,0.18,3.84,94.64,0.0,0.01,1,1,1,slow_down,Unknown,0.34159374171307344,observed,442,2
1,423,1.5019970005596406,91.36691599996993,11.24,35.68,0.09,38.34,0.19,4.07,89.71,0.0,0.01,0,0,1,slow_down,Unknown,0.3432627287191726,observed,443,2
1,424,1.7090300007112091,88.20403300069302,11.51,37.74,0.1,32.82,0.21,3.86,86.36,0.0,0.01,0,0,1,slow_down,Unknown,0.34387430389817025,observed,444,2
1,425,1.5038940000522416,83.88451199971314,12.79,35.19,0.07,30.44,0.14,3.54,82.26,0.0,0.01,0,0,0,cruise,Unknown,0.3451173428798727,observed,445,2
1,426,1.5517749998252839,82.37554300012562,10.78,35.15,0.09,30.83,0.14,3.63,80.71,0.0,0.01,0,0,0,cruise,Unknown,0.3450759082471493,observed,446,2
1,427,1.488480999796593,83.05532400027005,10.94,34.99,0.1,31.64,0.14,3.52,81.45,0.0,0.01,0,0,0,cruise,Unknown,0.3394789180588703,observed,447,2
1,428,1.3764290006292867,80.6936750004752,9.72,35.28,0.07,30.46,0.14,3.44,79.21,0.0,0.02,0,0,0,cruise,Unknown,0.33688179527976664,observed,448,2
1,429,1.3279020004119957,81.13006000075984,9.96,34.92,0.08,30.98,0.14,3.51,79.69,0.0,0.01,0,0,0,cruise,Unknown,0.3136734287987271,observed,449,2
1,430,1.43745300010778,85.7362690003356,11.48,36.23,0.08,32.48,0.17,3.63,84.17,0.0,0.01,0,0,0,cruise,Unknown,0.31551644126226464,observed,450,2
1,431,1.4817510000284528,83.2980380000663,11.2,35.0,0.09,31.25,0.15,3.89,81.69,0.0,0.01,0,0,0,cruise,Unknown,0.33449350304958897,observed,451,2
1,432,1.5727159998277784,83.67586300028051,10.74,35.81,0.1,31.37,0.14,3.69,81.97,0.0,0.01,0,0,0,cruise,Unknown,0.3360531026252983,observed,452,2
1,433,1.5908879995549796,88.168561999737,11.1,38.65,0.4,32.32,0.16,3.73,86.45,0.0,0.01,1,1,0,cruise,Unknown,0.3273087377353487,observed,453,2
1,434,1.6050970007199794,95.78458800024237,11.56,35.69,0.39,42.67,0.17,3.44,94.03,0.0,0.01,1,1,0,cruise,Unknown,0.3280263855741183,observed,454,2
1,435,1.4240330001484836,85.25861100042675,10.91,37.03,0.23,31.89,0.14,3.36,83.71,0.0,0.04,1,0,0,cruise,Unknown,0.31288285600636434,observed,455,2
1,436,1.626837999538111,83.54897699973662,10.21,35.17,0.26,32.22,0.26,3.56,81.77,0.0,0.01,1,0,0,cruise,Unknown,0.3114608194112967,observed,456,2
1,437,1.5057629998409539,83.58198199948674,10.07,34.43,0.32,32.91,0.14,3.97,81.94,0.0,0.01,1,1,0,cruise,Unknown,0.3114127552373376,observed,457,2
1,438,1.44334299966431,84.2274010001347,10.74,36.63,0.39,30.86,0.14,3.79,82.65,0.0,0.01,1,1,0,cruise,Unknown,0.31086913285600637,observed,458,2
1,439,1.5327140008594142,80.85112100070546,10.62,34.25,0.39,30.18,0.13,3.55,79.2,0.0,0.01,1,1,0,cruise,Unknown,0.32394756032882527,observed,459,2
1,440,1.5383470008600852,82.40833800027758,10.18,35.04,0.32,31.46,0.16,3.47,80.74,0.0,0.01,1,1,0,cruise,Unknown,0.3278324714929727,observed,460,2
1,441,1.4506309998978395,83.9162309994208,10.84,35.73,0.39,31.44,0.27,3.61,82.35,0.0,0.01,2,1,0,cruise,Unknown,0.3054262795014585,observed,461,2
1,442,1.5384540001832647,84.97003399952519,11.41,35.74,0.48,31.66,0.21,3.7,83.3,0.0,0.01,2,1,0,cruise,Unknown,0.30716321930522406,observed,462,2
1,443,1.4817120008956408,77.12504000028275,10.32,34.51,0.46,26.28,0.15,3.7,75.51,0.0,0.01,2,2,0,slow_down,Unknown,0.2843824582338902,observed,463,2
1,444,1.4679559999422054,76.12103600058617,9.96,34.74,0.45,25.68,0.14,3.44,74.53,0.0,0.01,2,2,0,slow_down,Unknown,0.28117044550517106,observed,464,2
1,445,1.3290739998410572,82.92578199962009,10.59,35.81,0.36,30.87,0.14,3.56,81.46,0.0,0.01,1,1,0,cruise,Unknown,0.2718857730045081,observed,465,2
1,446,1.671975000135717,83.70370200009347,10.65,35.73,0.41,31.33,0.15,3.5,81.89,0.0,0.01,1,1,0,cruise,Unknown,0.2717664412622646,observed,466,2
1,447,1.4877760004310403,97.68881699983467,13.96,45.73,0.44,31.87,0.16,3.79,96.08,0.0,0.02,1,1,0,cruise,Unknown,0.27540108724476264,observed,467,2
1,448,1.4632009997512796,84.199615000216,10.51,34.84,0.39,31.87,0.27,4.61,82.61,0.0,0.01,1,1,0,cruise,Unknown,0.28068648899496157,observed,468,2
1,449,1.4576630001101876,84.71722299964313,10.57,35.44,0.4,33.02,0.17,3.44,83.13,0.0,0.01,1,1,0,cruise,Unknown,0.283028374436489,observed,469,2
1,450,1.5485389994864818,82.75455399962084,10.32,35.28,0.32,31.09,0.15,3.84,81.09,0.0,0.01,1,1,0,cruise,Unknown,0.28177539114293293,observed,470,2
1,451,1.41246100065473,82.0704450006815,10.91,34.43,0.42,30.85,0.14,3.69,80.54,0.0,0.01,1,1,0,cruise,Unknown,0.2874685096791302,observed,471,2
1,452,1.4614689998779795,82.75075700021262,10.11,35.99,0.33,30.78,0.2,3.65,81.15,0.0,0.01,1,1,0,cruise,Unknown,0.28905959957570937,observed,472,2
1,453,1.5080719995239633,88.48640599990176,11.01,37.69,0.46,33.21,0.18,4.19,86.84,0.0,0.01,1,1,0,cruise,Unknown,0.2852741315300981,observed,473,2
1,454,1.6362420001314604,88.76596000027348,11.09,38.71,0.37,32.62,0.23,3.87,86.99,0.0,0.01,1,1,0,cruise,Unknown,0.28288915407053833,observed,474,2
1,455,1.613413999621116,84.11439399969822,10.25,35.34,0.35,32.81,0.13,3.39,82.35,0.0,0.01,1,1,1,slow_down,Unknown,0.30474675152479447,observed,475,2
1,456,1.57670800035703,82.70320700012235,10.85,34.78,0.32,30.61,0.21,4.11,80.99,0.0,0.01,1,1,1,slow_down,Unknown,0.3026203261734288,observed,476,2
1,457,1.5300509994631284,86.05451299990818,11.58,36.59,0.39,31.8,0.15,3.71,84.38,0.0,0.01,1,1,1,slow_down,Unknown,0.3273352559002917,observed,477,2
1,458,1.4184159999786061,82.40094099983253,10.41,35.64,0.42,30.67,0.14,3.48,80.86,0.0,0.01,1,1,1,slow_down,Unknown,0.3275573455316892,observed,478,2
1,459,1.5816240002095583,99.90791299969715,11.57,51.06,0.49,31.21,0.19,3.57,98.2,0.0,0.01,1,1,0,cruise,Unknown,0.30549588968443386,observed,479,2
1,460,1.6376920002585393,85.23170600074081,10.85,36.34,0.35,32.28,0.15,3.38,83.45,0.0,0.01,1,1,0,cruise,Unknown,0.30643231238398305,observed,480,2
1,461,1.4702739999847836,82.79299400055606,11.06,35.93,0.12,30.29,0.15,3.58,81.21,0.0,0.01,0,0,0,cruise,Unknown,0.28891374966852296,observed,481,2
1,462,1.5876460001891246,80.55660700028966,9.99,34.68,0.13,30.52,0.14,3.29,78.86,0.0,0.01,0,0,0,cruise,Unknown,0.28940433571996815,observed,482,2
1,463,1.355839000098058,81.14128299985168,9.94,35.14,0.44,30.16,0.14,3.74,79.66,0.0,0.01,1,1,0,cruise,Unknown,0.2965609254839565,observed,483,2
1,464,1.6036070001064218,83.35271199939598,10.4,35.04,0.34,31.78,0.16,3.82,81.63,0.0,0.01,1,1,0,cruise,Unknown,0.2962244762662424,observed,484,2
1,465,1.4677350000056322,82.99714300028427,10.97,35.57,0.36,30.49,0.17,3.75,81.41,0.0,0.01,1,1,0,cruise,Unknown,0.32518728453990986,observed,485,2
1,466,1.4569850000043516,83.7500950001413,10.01,36.72,0.3,31.12,0.14,3.78,82.15,0.0,0.01,1,1,0,cruise,Unknown,0.3235779634049324,observed,486,2
1,467,1.6290650000883033,85.16602399959083,10.56,36.65,0.37,31.87,0.21,3.66,83.41,0.0,0.01,1,1,0,cruise,Unknown,0.32102393264386103,observed,487,2
1,468,1.5742919995318516,87.57524799966632,11.24,36.28,0.36,33.65,0.17,4.05,85.85,0.0,0.01,1,1,0,cruise,Unknown,0.32205648369132855,observed,488,2
1,469,1.611955000043963,86.53047600000718,12.25,36.74,0.49,31.13,0.2,3.83,84.77,0.0,0.01,1,1,0,cruise,Unknown,0.31375464067886505,observed,489,2
1,470,1.685516000179632,107.7358769998682,14.56,48.22,0.49,36.54,0.15,5.84,105.9,0.0,0.01,1,1,0,cruise,Unknown,0.3150507159904535,observed,490,2
1,471,1.4684900006614043,97.46795699993527,15.9,41.49,0.46,33.46,0.16,4.27,95.85,0.0,0.01,1,1,0,cruise,Unknown,0.3137844736144259,observed,491,2
1,472,1.5086559997143922,85.23797900033969,10.6,37.4,0.48,31.35,0.2,3.46,83.61,0.0,0.01,1,1,0,cruise,Unknown,0.31484685759745423,observed,492,2
1,473,1.6157039999598055,86.12456299943005,11.07,35.2,0.37,32.35,0.26,5.01,84.37,0.0,0.01,2,1,0,cruise,Unknown,0.3271214531954389,observed,493,2
1,474,1.4179319996401318,87.22321899949748,13.71,36.5,0.47,30.74,0.13,4.03,85.67,0.0,0.01,2,1,0,cruise,Unknown,0.3268015778308141,observed,494,2
1,475,1.5619220002918155,83.06291500048246,10.64,35.76,0.46,30.36,0.17,3.87,81.36,0.0,0.01,2,2,1,slow_down,Unknown,0.31854448422169185,observed,495,2
1,476,1.4512219995594933,82.32608199978131,10.56,35.01,0.39,30.94,0.17,3.59,80.75,0.0,0.01,2,2,1,slow_down,Unknown,0.31651750198886236,observed,496,2
1,477,1.5312319992517587,85.63946499998565,10.81,35.86,0.41,32.42,0.2,4.12,83.93,0.0,0.01,2,2,1,slow_down,Unknown,0.32199184566428,observed,497,2
1,478,1.655682000091474,84.71013199959998,10.9,35.58,0.48,31.64,0.17,4.04,82.92,0.0,0.01,2,2,1,slow_down,Unknown,0.32030462741978255,observed,498,2
1,479,1.6939459992499906,84.0319829994769,10.87,35.58,0.38,31.26,0.16,3.84,82.19,0.0,0.01,2,2,1,slow_down,Unknown,0.30049555820737206,observed,499,2
1,480,1.70242199965287,86.17812400007097,11.06,35.92,0.48,32.69,0.25,3.83,84.32,0.0,0.01,2,2,0,cruise,Unknown,0.2958051577830814,observed,500,2
1,481,1.674829999501526,83.91951799967501,10.65,36.62,0.35,30.66,0.14,3.58,82.1,0.0,0.01,1,1,0,cruise,Unknown,0.30298992309732165,observed,501,2
1,482,1.5205090003291843,83.13371700023708,10.81,35.39,0.33,31.03,0.13,3.69,81.48,0.0,0.01,1,1,0,cruise,Unknown,0.2995110713338637,observed,502,2
1,483,1.3550920002671774,99.59161799997673,14.94,44.84,0.67,33.53,0.17,3.85,98.11,0.0,0.01,2,2,0,cruise,Unknown,0.33411727658446033,observed,503,2
1,484,1.5142840002226876,82.44847999958438,10.61,34.93,0.38,30.98,0.17,3.63,80.8,0.0,0.01,2,2,0,cruise,Unknown,0.33227592150623175,observed,504,2
1,485,1.5136560004975763,84.18900000015128,10.83,35.91,0.48,31.1,0.15,3.96,82.54,0.0,0.02,2,2,1,slow_down,Unknown,0.32119795810129936,observed,505,2
1,486,1.4948530006222427,82.93591300025582,11.08,34.57,0.41,31.26,0.15,3.72,81.3,0.0,0.01,2,2,1,slow_down,Unknown,0.3217034606205251,observed,506,2
1,487,1.4614950005125138,83.92731300045853,10.82,35.61,0.44,31.35,0.16,3.86,82.34,0.0,0.01,2,2,2,slow_down,Unknown,0.3237354150092814,observed,507,2
1,488,1.6711879998183576,84.29168699967704,10.55,36.43,0.42,30.85,0.2,3.9,82.47,0.0,0.01,2,2,1,slow_down,Unknown,0.32331941129673825,observed,508,2
1,489,1.617210999938834,85.71078299974033,10.48,36.51,0.51,32.05,0.23,4.05,83.94,0.0,0.03,2,2,1,slow_down,Unknown,0.3244215725271811,observed,509,2
1,490,1.7144140001619235,85.85029200003191,11.1,36.72,0.46,31.63,0.15,3.83,84.0,0.0,0.01,2,2,1,slow_down,Unknown,0.324216056748873,observed,510,2
1,491,1.5380680006273906,84.21214800000598,11.18,34.92,0.42,32.05,0.16,3.67,82.52,0.0,0.01,2,2,1,slow_down,Unknown,0.32581046141607,observed,511,2
1,492,1.6655509998599882,125.82683799973893,10.63,50.28,0.44,57.24,0.31,4.92,123.94,0.0,0.02,2,2,1,slow_down,Unknown,0.32556351100503844,observed,512,2
1,493,1.6037400000641355,132.78499399984867,16.72,57.79,0.76,49.03,0.29,6.25,130.98,0.0,0.01,2,2,1,slow_down,Unknown,0.30230542296473084,observed,513,2
1,494,3.327718999571516,145.98983499945462,20.65,64.32,0.59,49.96,0.28,6.49,142.43,0.0,0.01,2,2,1,slow_down,Unknown,0.3026269557146645,observed,514,2
1,495,3.3603960000618827,129.43912300033844,17.78,52.13,0.55,48.55,0.2,6.5,125.92,0.0,0.02,2,2,1,slow_down,Unknown,0.3219089763988332,observed,515,2
1,496,1.5928470002108952,131.93739000053029,15.43,55.88,0.51,50.88,0.26,7.1,130.19,0.0,0.01,2,2,1,slow_down,Unknown,0.32353155661628213,observed,516,2
1,497,1.6765090003900696,135.96906600014336,16.71,58.32,0.58,51.51,0.24,6.63,134.13,0.0,0.02,2,2,1,slow_down,Unknown,0.3209808406258287,observed,517,2
1,498,3.9576789995408035,131.97671600028116,15.32,56.05,0.48,48.79,0.25,6.84,127.86,0.0,0.01,2,2,1,slow_down,Unknown,0.32061953062848053,observed,518,2
1,499,3.9004219997877954,130.09051800054294,14.69,53.37,0.55,49.88,0.3,7.09,126.03,0.0,0.01,2,2,0,cruise,Unknown,0.31775225404402013,observed,519,2
1,500,3.6760299999514245,128.8100250003481,13.85,54.63,0.69,49.08,0.3,6.28,124.96,0.0,0.01,2,2,0,cruise,Unknown,0.3176992177141342,observed,520,2
1,501,3.749084999981278,138.915212000029,13.35,57.12,0.68,55.26,0.24,8.17,134.99,0.0,0.02,2,2,0,cruise,Unknown,0.32261667992574916,observed,521,2
1,502,4.946590000145079,139.57411400042474,21.99,57.65,0.6,47.12,0.26,6.67,134.45,0.0,0.01,2,2,0,cruise,Unknown,0.3206924555820737,observed,522,2
1,503,3.2939019993136753,127.15042699983314,14.44,56.5,0.49,46.55,0.21,5.37,123.72,0.0,0.01,2,2,0,cruise,Unknown,0.3251988862370724,observed,523,2
1,504,1.3509359996533021,122.8375809996578,15.26,52.8,0.52,46.43,0.23,5.98,121.35,0.0,0.01,2,2,0,cruise,Unknown,0.3247961416070008,observed,524,2
1,505,3.1417359996339655,122.46469799993065,13.13,52.3,0.53,46.63,0.21,6.24,119.18,0.0,0.02,2,2,0,cruise,Unknown,0.3161727658446036,observed,525,2
1,506,1.6239650003626593,132.46183400042355,17.3,58.38,0.51,46.84,0.26,7.23,130.68,0.0,0.01,2,2,0,cruise,Unknown,0.31771413418191463,observed,526,2
1,507,3.358197000125074,136.13408299988805,15.06,59.14,0.71,50.44,0.3,6.76,132.58,0.0,0.01,2,2,0,cruise,Unknown,0.3146330548926014,observed,527,2
1,508,1.5688019993831404,134.47671999983868,18.31,59.72,0.51,47.16,0.3,6.55,132.74,0.0,0.03,2,2,0,cruise,Unknown,0.31313146380270485,observed,528,2
1,509,3.78990899935161,125.84690599942405,14.94,52.57,1.32,46.34,0.2,6.34,121.89,0.0,0.03,2,2,0,cruise,Unknown,0.30924986740917526,observed,529,2
1,510,3.732393999598571,141.79438799965283,15.41,60.39,0.65,54.46,0.24,6.58,137.88,0.0,0.01,2,2,0,cruise,Unknown,0.3101017634579687,observed,530,2
1,511,1.983959999961371,137.32687900028395,20.03,59.1,0.61,48.24,0.29,6.75,135.19,0.0,0.01,2,2,0,cruise,Unknown,0.3100072924953593,observed,531,2
1,512,3.5476769999149838,152.4609859998236,17.57,57.71,0.73,61.78,0.34,10.43,148.72,0.0,0.02,2,2,0,cruise,Unknown,0.3097354813046937,observed,532,2
1,513,5.164068999874871,135.48026799981017,17.01,57.5,0.52,49.52,0.24,5.18,130.15,0.0,0.02,2,2,0,cruise,Unknown,0.3139767303102625,observed,533,2
1,514,1.6811770001368131,87.75117200002569,11.3,38.42,0.5,31.72,0.16,3.73,85.94,0.0,0.01,2,2,0,cruise,Unknown,0.3129375497215593,observed,534,2
1,515,1.493621999543393,89.03394899971317,11.27,37.82,0.49,33.47,0.19,4.03,87.4,0.0,0.01,2,2,0,cruise,Unknown,0.31221161495624505,observed,535,2
1,516,1.5913759998511523,89.56982500058075,11.44,37.24,0.52,34.23,0.27,4.01,87.84,0.0,0.01,2,2,0,cruise,Unknown,0.31543854415274464,observed,536,2
1,517,1.4831850003247382,81.00826400004735,10.32,35.1,0.37,29.83,0.15,3.54,79.41,0.0,0.01,2,2,0,cruise,Unknown,0.32119795810129936,observed,537,2
1,518,1.4748129997315118,87.32114600024943,10.62,35.12,0.43,35.28,0.18,3.97,85.71,0.0,0.01,2,2,1,slow_down,Unknown,0.3225735879077168,observed,538,2
1,519,1.503479999882984,84.27627999935794,11.34,36.22,0.39,30.79,0.16,3.65,82.65,0.0,0.01,2,2,1,slow_down,Unknown,0.323927671705118,observed,539,2
1,520,1.5511209994656383,92.79469399916707,10.55,35.53,0.33,40.65,0.16,3.76,91.11,0.0,0.01,2,2,1,slow_down,Unknown,0.32265479978785466,observed,540,2
1,521,1.5778500001033535,83.12630799991894,10.6,35.37,0.48,31.17,0.15,3.55,81.42,0.0,0.01,2,2,1,slow_down,Unknown,0.3252038583929992,observed,541,2
1,522,1.4699670000482001,87.63558000009652,10.47,35.26,0.41,34.82,0.21,4.76,86.04,0.0,0.01,2,2,1,slow_down,Unknown,0.32573587907716783,observed,542,2
1,523,1.471273000788642,84.04466299998603,11.28,36.24,0.36,30.35,0.15,3.93,82.42,0.0,0.01,2,2,1,slow_down,Unknown,0.3195455449482896,observed,543,2
1,524,1.5211969994197716,82.10631299971283,10.63,34.89,0.43,30.72,0.2,3.48,80.44,0.0,0.01,2,2,1,slow_down,Unknown,0.320239989392734,observed,544,2
1,525,1.5382709998448263,81.55551599975297,10.5,34.73,0.42,30.36,0.16,3.61,79.88,0.0,0.01,2,2,0,cruise,Unknown,0.3110597321665341,observed,545,2
1,526,1.5253029996529222,83.18812199922831,10.72,36.53,0.5,29.88,0.17,3.63,81.54,0.0,0.01,2,2,0,cruise,Unknown,0.3108210686820472,observed,546,2
1,527,1.5213090000543161,83.77776800080028,11.57,36.11,0.47,30.35,0.15,3.37,82.12,0.0,0.01,2,2,0,cruise,Unknown,0.30540639087775123,observed,547,2
1,528,1.4463969991993508,88.21401599925593,10.85,38.38,0.52,32.2,0.25,4.33,86.63,0.0,0.01,2,2,0,cruise,Unknown,0.30452631927870594,observed,548,2
1,529,1.6355540001313784,86.81739100029517,11.81,36.85,0.48,31.95,0.14,3.67,85.01,0.0,0.01,2,2,0,cruise,Unknown,0.3204438477857332,observed,549,2
1,530,1.5714270002717967,85.52498500012007,10.96,35.98,0.44,32.38,0.22,3.73,83.8,0.0,0.01,2,2,0,cruise,Unknown,0.3179627419782551,observed,550,2
1,531,1.5152550004131626,88.5473300004378,11.01,38.51,0.51,32.86,0.15,3.77,86.91,0.0,0.01,2,2,1,slow_down,Unknown,0.3108575311588438,observed,551,2
1,532,1.517302000138443,96.61522999977024,10.39,35.5,0.34,44.37,0.19,4.08,94.97,0.0,0.01,2,2,0,cruise,Unknown,0.312291169451074,observed,552,2
1,533,1.5411759995913599,85.36932100014383,10.81,35.45,0.44,33.06,0.16,3.68,83.69,0.0,0.01,2,2,0,cruise,Unknown,0.3124569079819676,observed,553,2
1,534,1.5524390000791755,83.73230300003343,10.86,34.7,0.38,32.02,0.16,3.82,82.04,0.0,0.01,2,2,0,cruise,Unknown,0.3094487536462477,observed,554,2
1,535,1.382794000164722,84.73458899970865,10.97,36.72,0.49,31.04,0.17,3.71,83.22,0.0,0.01,2,2,0,cruise,Unknown,0.28450013259082474,observed,555,2
1,536,1.4758429997527855,81.17900300021574,10.35,35.39,0.43,29.71,0.14,3.47,79.58,0.0,0.01,2,2,0,cruise,Unknown,0.2862503314770618,observed,556,2
1,537,1.3515370001186966,83.54454900018027,10.72,35.38,0.46,31.03,0.17,4.21,82.07,0.0,0.01,2,2,0,cruise,Unknown,0.3008320074250862,observed,557,2
1,538,1.6479939995406312,87.84964499955095,11.82,38.53,0.41,31.52,0.18,3.5,86.06,0.0,0.01,2,2,0,cruise,Unknown,0.3040672235481305,observed,558,2
1,539,1.759827000569203,85.25167400057398,11.05,35.82,0.39,31.51,0.21,4.25,83.34,0.0,0.01,2,2,0,cruise,Unknown,0.31537224874038716,observed,559,2
1,540,1.642748000449501,86.1691879999853,13.96,35.17,0.78,30.44,0.17,3.77,84.38,0.0,0.01,2,2,0,cruise,Unknown,0.31384082471492974,observed,560,2
1,541,1.4018700003362028,82.61757800028136,9.94,36.78,0.36,29.99,0.18,3.74,81.08,0.0,0.01,2,2,0,cruise,Unknown,0.3028009811721029,observed,561,2
1,542,1.6500520005138242,84.15433400023176,10.8,37.35,0.39,29.99,0.17,3.56,82.38,0.0,0.01,2,2,0,cruise,Unknown,0.29826968973747015,observed,562,2
1,543,1.432657000805193,80.60812900021119,10.85,34.42,0.46,29.6,0.14,3.49,79.06,0.0,0.01,2,2,0,cruise,Unknown,0.29005071599045346,observed,563,2
1,544,1.412970000274072,93.2389460003833,9.96,34.72,0.48,40.18,0.25,5.94,91.65,0.0,0.01,2,2,0,cruise,Unknown,0.29226664014850173,observed,564,2
1,545,1.460077000047022,81.78394400056277,11.08,35.03,0.4,29.64,0.14,3.82,80.2,0.0,0.01,3,2,0,cruise,Unknown,0.2838603818615752,observed,565,2
1,546,1.5240650000123424,81.56996100024116,10.6,34.7,0.49,30.43,0.14,3.47,79.92,0.0,0.01,2,2,0,cruise,Unknown,0.2826836382922302,observed,566,2
1,547,1.323598000453785,84.22130100007053,10.3,35.27,0.5,33.15,0.17,3.27,82.77,0.0,0.01,3,2,0,cruise,Unknown,0.284127220896314,observed,567,2
1,548,1.5622569999322877,82.75937199960026,9.94,34.52,0.47,32.22,0.16,3.66,81.07,0.0,0.01,2,2,0,cruise,Unknown,0.2839548528241846,observed,568,2
1,549,1.4067990005059983,85.53737200054456,9.81,34.91,0.44,34.58,0.16,4.01,84.01,0.0,0.01,2,2,0,cruise,Unknown,0.2929627419782551,observed,569,2
1,550,1.5034199996080133,84.41976399990381,11.33,34.97,0.51,31.85,0.16,3.87,82.79,0.0,0.01,2,2,0,cruise,Unknown,0.29565267833465925,observed,570,2
1,551,1.512116999947466,86.88367000013386,10.97,34.53,0.44,34.8,0.21,4.16,85.23,0.0,0.01,2,2,0,cruise,Unknown,0.30412523203394326,observed,571,2
1,552,1.5380770000774646,83.53427999918495,10.27,35.02,0.43,32.11,0.15,3.79,81.87,0.0,0.01,2,2,0,cruise,Unknown,0.30430257226199947,observed,572,2
1,553,1.4728149999427842,82.97109399973124,9.84,34.34,0.49,32.76,0.14,3.71,81.38,0.0,0.01,2,2,0,cruise,Unknown,0.3136651418721824,observed,573,2
1,554,1.4738720001332695,86.03969900013908,11.98,35.91,0.68,31.94,0.15,3.67,84.45,0.0,0.01,2,2,0,cruise,Unknown,0.30960952002121456,observed,574,2
1,555,1.4561120005964767,82.84100600030797,10.63,34.85,0.48,31.3,0.16,3.73,81.26,0.0,0.01,2,2,0,cruise,Unknown,0.3098150357995227,observed,575,2
1,556,1.5108890002011321,82.72430499982875,9.64,35.38,0.4,30.12,0.15,5.29,81.06,0.0,0.01,2,2,0,cruise,Unknown,0.31342647838769555,observed,576,2
1,557,1.368375999845739,94.65139100029774,16.84,42.19,0.64,29.57,0.16,3.67,93.16,0.0,0.01,2,2,0,cruise,Unknown,0.3091868867674357,observed,577,2
1,558,1.627892999749747,85.02379000037763,10.53,35.18,0.44,32.61,0.2,4.17,83.23,0.0,0.01,2,2,0,cruise,Unknown,0.30987304428533546,observed,578,2
1,559,1.4522279998345766,89.55552899988106,11.28,37.92,0.53,34.26,0.17,3.71,87.98,0.0,0.02,2,2,0,cruise,Unknown,0.31728487138690004,observed,579,2
1,560,1.5539329997409368,86.39954599948396,11.45,35.63,0.56,32.81,0.19,3.96,84.71,0.0,0.01,2,2,0,cruise,Unknown,0.31280993105277116,observed,580,2
1,561,1.5769620003993623,86.33722000013222,11.27,36.26,0.5,32.77,0.15,3.58,84.63,0.0,0.01,2,2,0,cruise,Unknown,0.2963603818615752,observed,581,2
1,562,1.5849129995331168,90.48579099999188,11.62,38.95,0.46,33.72,0.17,3.75,88.77,0.0,0.01,2,2,0,cruise,Unknown,0.2970564836913286,observed,582,2
1,563,1.7192200002682512,90.07673599990085,11.01,39.85,0.49,32.92,0.15,3.69,88.2,0.0,0.01,2,2,0,cruise,Unknown,0.2831957703526916,observed,583,2
1,564,1.653113999964262,83.23607900001662,10.25,35.5,0.44,31.41,0.14,3.65,81.46,0.0,0.01,2,2,0,cruise,Unknown,0.2878430787589499,observed,584,2
1,565,1.478768999731983,87.97389899973496,9.94,38.25,0.51,33.55,0.19,3.81,86.36,0.0,0.01,2,2,0,cruise,Unknown,0.25984486873508356,observed,585,2
1,566,1.3932650008428027,83.80762100023276,10.66,35.17,0.39,32.21,0.16,3.6,82.28,0.0,0.01,2,2,0,cruise,Unknown,0.26321267568284273,observed,586,2
1,567,1.4035330004844582,82.93663600034051,10.5,35.18,0.46,31.38,0.18,3.6,81.41,0.0,0.01,2,2,0,cruise,Unknown,0.2644905197560329,observed,587,2
1,568,1.5275560008376488,86.64605700050743,9.76,35.46,0.4,32.59,0.27,6.33,84.92,0.0,0.01,2,2,0,cruise,Unknown,0.2663931980906921,observed,588,2
1,569,1.4834080002401606,93.94861500004481,16.58,38.68,0.77,32.53,0.21,3.46,92.34,0.0,0.01,2,2,0,cruise,Unknown,0.2839101034208433,observed,589,2
1,570,1.5246390003085253,84.46193799954926,11.07,35.72,0.44,31.67,0.16,3.64,82.8,0.0,0.01,2,2,0,cruise,Unknown,0.2841918589233625,observed,590,2
1,571,1.4970669999456732,83.50811500076816,11.04,35.99,0.49,30.77,0.14,3.37,81.89,0.0,0.01,2,2,0,cruise,Unknown,0.2868917395916203,observed,591,2
1,572,1.3860740000382066,85.6611810004324,10.6,36.11,0.45,32.8,0.24,3.85,84.16,0.0,0.01,2,2,0,cruise,Unknown,0.2821632193052241,observed,592,2
1,573,1.4597069994124467,82.93954100008705,11.24,35.67,0.38,30.06,0.16,3.74,81.34,0.0,0.01,2,2,0,cruise,Unknown,0.2718211349774596,observed,593,2
1,574,1.4531160004480626,83.51832800053671,10.95,36.27,0.48,30.53,0.18,3.41,81.92,0.0,0.01,2,2,0,cruise,Unknown,0.27419616812516573,observed,594,2
1,575,1.5311659999497351,83.17601900034788,11.26,35.84,0.49,30.12,0.14,3.53,81.51,0.0,0.01,2,2,0,cruise,Unknown,0.23081410766374966,observed,595,2
1,576,1.5353600001617451,81.71116399989842,10.86,35.41,0.52,29.11,0.14,3.91,80.05,0.0,0.01,2,2,0,cruise,Unknown,0.23696797931583136,observed,596,2
1,577,1.4294330003394862,82.5237039998683,9.81,37.09,0.47,29.95,0.15,3.4,80.98,0.0,0.01,2,2,0,cruise,Unknown,0.24931881463802705,observed,597,2
1,578,1.4666830002170173,93.01448699989123,10.72,36.89,0.43,39.58,0.18,3.49,91.42,0.0,0.03,2,2,0,cruise,Unknown,0.2501856271546009,observed,598,2
1,579,1.5880000000834116,82.03977500033943,11.03,35.5,0.41,29.38,0.14,3.73,80.3,0.0,0.01,2,2,0,cruise,Unknown,0.263860713338637,observed,599,2
1,580,1.3858259999324218,85.21312199991371,9.65,36.37,0.35,33.46,0.17,3.59,83.69,0.0,0.01,2,2,0,cruise,Unknown,0.2638723150357995,observed,600,2
1,581,1.482442000451556,96.55421600018599,15.63,43.66,0.68,31.17,0.14,3.55,94.94,0.0,0.01,2,2,0,cruise,Unknown,0.27780429594272077,observed,601,2
1,582,1.4715690003868076,82.57746100025543,10.55,34.65,0.36,31.61,0.16,3.56,80.99,0.0,0.01,2,2,0,cruise,Unknown,0.27769988066825774,observed,602,2
1,583,1.4646709996668505,85.86764499978017,11.12,35.56,0.43,33.23,0.14,3.67,84.27,0.0,0.01,2,2,1,slow_down,Unknown,0.26265910898965794,observed,603,2
1,584,1.54597599976114,92.2040579998793,10.64,43.08,0.44,31.92,0.14,4.19,90.52,0.0,0.01,2,2,1,slow_down,Unknown,0.27339565102094937,observed,604,2
1,585,1.5875620001679636,85.63611099998525,10.31,36.13,0.45,32.67,0.17,4.09,83.91,0.0,0.01,2,2,1,slow_down,Unknown,0.27737006099177935,observed,605,2
1,586,1.6746759993111482,85.23464499921829,10.92,35.53,0.46,32.32,0.17,3.86,83.39,0.0,0.01,2,2,1,slow_down,Unknown,0.2783711217183771,observed,606,2
1,587,1.5540009999313042,85.58517999972537,10.73,37.19,0.42,31.6,0.13,3.74,83.9,0.0,0.01,2,2,1,slow_down,Unknown,0.26398998939273405,observed,607,2
1,588,1.61129499974777,79.78159800040885,9.98,34.69,0.4,29.44,0.13,3.29,78.02,0.0,0.01,2,2,1,slow_down,Unknown,0.2667047865287722,observed,608,2
1,589,1.6025330005504657,82.07858900004794,11.72,34.87,0.44,29.46,0.13,3.62,80.36,0.0,0.01,2,2,1,slow_down,Unknown,0.27922136038186157,observed,609,2
1,590,1.4807880006628693,79.47289799994905,10.22,34.66,0.45,28.86,0.13,3.47,77.87,0.0,0.01,2,2,1,slow_down,Unknown,0.27909871386900026,observed,610,2
1,591,1.2506049997682567,79.01452999976755,9.11,34.92,0.4,29.53,0.13,3.48,77.65,0.0,0.01,3,2,1,slow_down,Unknown,0.3183290241315301,observed,611,2
1,592,1.1195589995622868,78.54777699958504,9.27,34.6,0.44,29.46,0.14,3.34,77.33,0.0,0.01,3,2,1,slow_down,Unknown,0.3125596658711217,observed,612,2
1,593,1.0187970001425128,89.46595800080104,9.19,45.31,0.45,29.5,0.16,3.64,88.33,0.0,0.01,2,2,1,slow_down,Unknown,0.29122248740387163,observed,613,2
2,0,1.4016149998496985,80.36731699939992,10.64,36.23,0.64,27.66,0.15,3.39,78.83,0.0,0.01,3,3,0,cruise,Unknown,0.1786064704322461,observed,20,2
2,1,1.624378000087745,84.6987340000851,10.34,36.19,0.65,31.41,0.17,4.06,82.93,0.0,0.01,3,3,0,cruise,Unknown,0.2751011005038451,observed,21,2
2,2,1.6156199999386445,89.63040599974192,12.05,37.73,0.64,32.81,0.16,4.33,87.83,0.0,0.01,3,3,0,cruise,Unknown,0.27858160965261203,observed,22,2
2,3,1.6474670001116465,103.4580340001412,11.82,44.84,0.74,39.3,0.21,4.61,101.66,0.0,0.02,3,3,1,slow_down,Unknown,0.33457968708565367,observed,23,2
2,4,1.6495609997946303,88.77072100040095,11.57,37.84,0.7,32.79,0.18,3.79,86.97,0.0,0.01,3,3,1,slow_down,Unknown,0.3338305489260143,observed,24,2
2,5,1.643426000555337,86.79836700048327,11.34,36.68,0.71,31.81,0.16,4.16,84.99,0.0,0.01,4,3,2,slow_down,Unknown,0.2972305091487669,observed,25,2
2,6,1.605444999768224,87.02176400038297,11.21,36.96,0.58,32.21,0.19,3.99,85.26,0.0,0.02,4,3,2,slow_down,Unknown,0.2859818350570141,observed,26,2
2,7,1.649224000175309,91.32143599981646,10.78,36.73,0.67,37.08,0.19,3.97,89.52,0.0,0.01,3,3,2,slow_down,Unknown,0.27968542826836384,observed,27,2
2,8,1.5756459997646743,83.6761820000902,10.53,35.49,0.63,31.03,0.19,3.96,81.95,0.0,0.01,3,3,2,slow_down,Unknown,0.2801909307875895,observed,28,2
2,9,1.3912190006521996,85.7533920006972,11.0,36.88,0.72,31.2,0.2,4.1,84.21,0.0,0.01,3,3,1,slow_down,Unknown,0.2610033810660302,observed,29,2
2,10,1.6702339999028482,86.95113800058607,11.64,38.56,0.72,30.1,0.18,3.82,85.13,0.0,0.01,3,3,1,slow_down,Unknown,0.2666103155661628,observed,30,2
2,11,1.4841519996480201,82.67040700047801,10.75,35.35,0.64,30.44,0.18,3.58,81.04,0.0,0.01,3,3,0,cruise,Unknown,0.2896628878281623,observed,31,2
2,12,1.6961339997578762,82.77227100006712,10.48,35.37,0.6,30.29,0.17,3.91,80.94,0.0,0.01,3,3,0,cruise,Unknown,0.2909075841951737,observed,32,2
2,13,1.6329649997715023,81.38089600015519,10.18,35.25,0.53,29.76,0.19,3.61,79.62,0.0,0.01,3,3,0,cruise,Unknown,0.29285666931848314,observed,33,2
2,14,1.5705329997217632,81.69776599970646,10.29,35.22,0.52,30.02,0.14,3.72,80.0,0.0,0.01,3,3,0,cruise,Unknown,0.2908346592415805,observed,34,2
2,15,1.4161019998937263,94.7072279996064,10.74,46.27,0.55,31.45,0.17,3.88,93.15,0.0,0.01,3,3,0,cruise,Unknown,0.1891026915937417,observed,35,2
2,16,1.5471520000573946,102.93834799995238,10.87,35.41,0.67,46.8,0.4,6.91,101.18,0.0,0.01,3,3,0,cruise,Unknown,0.18762927605409704,observed,36,2
2,17,1.737231999868527,148.7741000000824,17.53,65.03,0.89,54.05,0.32,7.51,146.79,0.0,0.04,3,3,1,slow_down,Unknown,0.2820024529302572,observed,37,2
2,18,3.2142019999810145,139.7759159999623,17.69,64.03,0.74,47.28,0.23,6.21,136.34,0.0,0.02,3,3,1,slow_down,Unknown,0.28273667462211616,observed,38,2
2,19,4.609994999555056,131.75683499957813,13.13,60.64,0.78,45.44,0.22,6.62,126.97,0.0,0.01,3,3,1,slow_down,Unknown,0.2980956642800318,observed,39,2
2,20,1.4995930005170521,127.41047700001218,13.74,58.77,0.82,45.88,0.18,6.22,125.73,0.0,0.01,3,3,1,slow_down,Unknown,0.28137430389817025,observed,40,2
2,21,1.5251139993779361,121.19218399948295,12.56,52.72,0.61,47.27,0.21,6.01,119.52,0.0,0.01,3,3,1,slow_down,Unknown,0.2694792495359321,observed,41,2
2,22,3.070318999562005,124.61989499934134,14.63,52.53,0.71,47.15,0.24,6.0,121.4,0.0,0.02,3,3,1,slow_down,Unknown,0.2764154070538319,observed,42,2
2,23,1.425704999746813,135.1743119994353,12.83,56.02,0.87,56.81,0.26,6.58,133.52,0.0,0.02,3,3,1,slow_down,Unknown,0.3011071333863697,observed,43,2
2,24,3.2454289994348073,127.96348000028956,17.17,53.44,0.89,46.7,0.28,5.9,124.53,0.0,0.01,3,3,1,slow_down,Unknown,0.3043506364359586,observed,44,2
2,25,1.6001650001271628,121.97506800021074,12.89,52.42,0.76,46.75,0.29,6.92,120.18,0.0,0.01,3,3,2,slow_down,Unknown,0.26968476531424024,observed,45,2
2,26,3.294317999461782,145.36448400031077,17.64,71.63,0.93,45.54,0.2,5.82,141.9,0.0,0.01,3,3,1,slow_down,Unknown,0.2593774860779634,observed,46,2
2,27,1.4801930001340224,122.30863199965825,12.89,52.49,0.81,48.12,0.24,5.95,120.65,0.0,0.01,3,3,1,slow_down,Unknown,0.23475039777247414,observed,47,2
2,28,1.6136510002979776,127.51212900002429,15.15,56.57,0.7,46.78,0.28,6.12,125.73,0.0,0.02,3,3,1,slow_down,Unknown,0.22976664014850173,observed,48,2
2,29,1.3916779998908169,128.17594699936308,13.79,58.92,0.74,46.59,0.21,6.23,126.63,0.0,0.02,3,3,1,slow_down,Unknown,0.2783678069477592,observed,49,2
2,30,3.617383000346308,123.50858100035111,13.94,52.71,0.83,45.96,0.26,5.9,119.73,0.0,0.01,3,3,1,slow_down,Unknown,0.2799323786793954,observed,50,2
2,31,1.563343999805511,129.74308899993048,12.3,56.28,0.92,48.88,0.22,9.22,127.99,0.0,0.02,4,4,1,slow_down,Unknown,0.1875812118801379,observed,51,2
2,32,2.5846440003078897,143.5747089999495,20.35,61.45,1.17,50.4,0.31,6.98,140.8,0.0,0.01,4,4,1,slow_down,Unknown,0.1933522275258552,observed,52,2
2,33,2.975383999910264,133.2898649998242,20.47,52.58,0.99,49.12,0.25,6.58,130.14,0.0,0.02,4,4,1,slow_down,Unknown,0.2825725934765314,observed,53,2
2,34,3.6504540003079455,126.38014100048167,13.91,53.87,0.72,47.5,0.21,6.19,122.54,0.0,0.01,4,4,1,slow_down,Unknown,0.2765811455847255,observed,54,2
2,35,1.6043239993450698,122.57374999990134,12.82,52.73,0.74,48.04,0.2,6.15,120.81,0.0,0.02,3,3,0,cruise,Unknown,0.2776915937417131,observed,55,2
2,36,3.481571000520489,134.00519700007862,14.1,57.81,0.88,50.12,0.28,6.99,130.35,0.0,0.01,3,3,0,cruise,Unknown,0.27371718377088305,observed,56,2
2,37,1.6133479994095978,134.41682599932392,13.63,61.43,0.62,50.19,0.28,6.36,132.64,0.0,0.01,3,3,0,cruise,Unknown,0.2416268894192522,observed,57,2
2,38,3.2098079991556006,131.71968599999673,18.87,55.93,0.82,45.59,0.28,6.64,128.29,0.0,0.01,3,3,0,cruise,Unknown,0.23991812516573854,observed,58,2
2,39,3.482963999886124,107.91683699972054,19.01,49.65,0.84,30.69,0.2,3.78,104.29,0.0,0.01,3,3,0,cruise,Unknown,0.29139319809069214,observed,59,2
2,40,1.5097840005182661,93.93855899998016,10.75,45.95,0.53,31.01,0.21,3.66,92.28,0.0,0.06,3,3,0,cruise,Unknown,0.2979415274463007,observed,60,2
2,41,1.4763460003450746,81.93977400060248,10.76,35.6,0.59,29.75,0.14,3.41,80.34,0.0,0.01,3,3,0,cruise,Unknown,0.2332454919119597,observed,61,2
2,42,1.4433099995585508,88.87265799967281,10.51,41.63,0.53,30.75,0.16,3.6,87.28,0.0,0.01,3,3,0,cruise,Unknown,0.2297517236807213,observed,62,2
2,43,1.482261999626644,85.90877599999658,11.14,38.09,0.61,30.38,0.19,3.79,84.3,0.0,0.01,3,3,0,cruise,Unknown,0.31324913815963934,observed,63,2
2,44,1.4749190004295087,80.99784800015186,9.79,34.94,0.45,30.38,0.15,3.57,79.41,0.0,0.01,3,3,0,cruise,Unknown,0.3131496950411032,observed,64,2
2,45,1.4426689995161723,83.95262399972125,10.18,36.81,0.56,31.09,0.16,3.5,82.39,0.0,0.01,3,3,0,cruise,Unknown,0.33548793423495094,observed,65,2
2,46,1.440027999706217,82.25400399987848,10.72,34.67,0.47,30.92,0.13,3.63,80.63,0.0,0.01,3,3,0,cruise,Unknown,0.3358707902413153,observed,66,2
2,47,1.4138860005914466,81.57265800036839,10.38,34.83,0.6,30.07,0.14,3.91,80.03,0.0,0.01,3,3,0,cruise,Unknown,0.24143960487934235,observed,67,2
2,48,1.5038100000310806,81.78696800041507,10.5,35.32,0.57,29.98,0.19,3.49,80.15,0.0,0.01,3,3,0,cruise,Unknown,0.25130601962344207,observed,68,2
2,49,1.363256000331603,81.40180999998847,10.38,35.46,0.57,29.72,0.21,3.49,79.92,0.0,0.01,4,3,0,cruise,Unknown,0.23913252452930256,observed,69,2
2,50,1.5316090002670535,83.17656700000953,10.32,36.68,0.56,29.98,0.15,3.73,81.51,0.0,0.01,4,3,0,cruise,Unknown,0.23908280297003448,observed,70,2
2,51,1.5470140006073052,84.91800000047078,11.37,35.31,0.64,31.54,0.2,4.01,83.19,0.0,0.01,4,4,1,slow_down,Unknown,0.31787987271280826,observed,71,2
2,52,1.615164999748231,95.29358399959165,10.8,37.3,0.69,40.7,0.17,3.71,93.49,0.0,0.02,4,4,1,slow_down,Unknown,0.3198505038451339,observed,72,2
2,53,1.6916519998630974,83.36229299948172,10.84,35.82,0.66,29.97,0.14,3.95,81.51,0.0,0.01,4,4,1,slow_down,Unknown,0.3419069875364625,observed,73,2
2,54,1.6336789994966239,89.5079789997908,13.28,38.09,0.74,31.24,0.21,4.04,87.74,0.0,0.01,4,4,1,slow_down,Unknown,0.3418572659771944,observed,74,2
2,55,1.5983759994924185,84.80334499927267,10.9,36.25,0.64,31.71,0.15,3.34,83.07,0.0,0.01,4,4,1,slow_down,Unknown,0.3377718111906656,observed,75,2
2,56,1.401253999574692,82.21625999976823,10.51,35.41,0.67,30.33,0.13,3.54,80.69,0.0,0.01,4,4,1,slow_down,Unknown,0.33892535136568547,observed,76,2
2,57,1.5488819999518455,83.46521199928247,11.42,35.44,0.7,30.14,0.15,3.81,81.78,0.0,0.01,4,4,1,slow_down,Unknown,0.3338686687881199,observed,77,2
2,58,1.5794459995959187,81.48517599965999,10.42,34.61,0.58,30.08,0.15,3.81,79.76,0.0,0.02,4,4,1,slow_down,Unknown,0.3347885176345797,observed,78,2
2,59,1.3794360002066242,81.75605100041139,10.64,35.06,0.65,30.0,0.13,3.68,80.24,0.0,0.01,4,4,2,slow_down,Unknown,0.3443648899496155,observed,79,2
2,60,1.3338009994185995,80.38053000018408,10.24,34.92,0.62,29.44,0.14,3.5,78.93,0.0,0.01,4,4,2,slow_down,Unknown,0.3444311853619729,observed,80,2
2,61,1.3540889995056204,82.10937900003046,10.51,35.48,0.6,30.19,0.16,3.59,80.63,0.0,0.01,4,4,2,slow_down,Unknown,0.3401634181914612,observed,81,2
2,62,1.5234860002237838,83.86641100059933,11.04,35.61,0.87,30.47,0.15,3.95,82.2,0.0,0.01,4,4,1,slow_down,Unknown,0.33955515778308143,observed,82,2
2,63,1.5340110003307927,85.67616700020153,10.66,35.0,0.6,33.57,0.19,3.88,84.0,0.0,0.01,4,4,1,slow_down,Unknown,0.3457968708565367,observed,83,2
2,64,1.495364999755111,95.69741699942824,11.13,35.16,0.65,40.52,0.25,6.19,94.03,0.0,0.01,4,4,1,slow_down,Unknown,0.3457305754441793,observed,84,2
2,65,2.6335140000810497,89.88360700004705,11.06,35.06,0.56,34.8,0.16,5.31,87.07,0.0,0.02,4,4,1,slow_down,Unknown,0.33301677273932645,observed,85,2
2,66,1.2864899999840418,87.13972899931832,12.4,35.95,0.58,32.56,0.14,3.97,85.69,0.0,0.01,4,4,1,slow_down,Unknown,0.3310958631662689,observed,86,2
2,67,2.071206000437087,124.40821600011986,10.88,37.16,0.63,65.95,0.33,7.02,122.12,0.0,0.01,4,4,1,slow_down,Unknown,0.33651219835587376,observed,87,2
2,68,1.4763429999220534,210.1335379993543,17.65,80.44,1.03,94.34,0.31,14.53,208.46,0.0,0.01,4,4,1,slow_down,Unknown,0.3379126889419252,observed,88,2
2,69,6.946892000087246,247.7977609996742,18.65,121.26,0.79,73.5,0.3,19.82,236.54,0.0,0.01,4,4,1,slow_down,Unknown,0.24147772474144788,observed,89,2
2,70,2.7160069994351943,132.08707699959632,29.69,61.04,0.91,33.29,0.19,3.96,129.21,0.0,0.02,4,4,1,slow_down,Unknown,0.24207769822328296,observed,90,2
2,71,1.5696630007369095,86.18834100070671,11.23,36.36,0.5,32.16,0.14,4.01,84.49,0.0,0.01,3,3,2,slow_down,Unknown,0.3216868867674357,observed,91,2
2,72,1.4448169995375792,99.91674899993086,9.87,50.99,0.56,32.11,0.17,4.53,98.34,0.0,0.01,3,3,2,slow_down,Unknown,0.31985216123044286,observed,92,2
2,73,1.5447630003109225,89.34899199994106,14.16,36.81,0.61,32.12,0.14,3.71,87.65,0.0,0.01,3,3,1,slow_down,Unknown,0.31669815698753645,observed,93,2
2,74,1.6016169993235962,84.7961290000967,10.92,35.04,0.53,32.46,0.14,3.86,83.06,0.0,0.01,3,3,1,slow_down,Unknown,0.31442588172898434,observed,94,2
2,75,1.4782139996896149,85.0124689995937,11.05,35.46,0.56,32.39,0.17,3.65,83.39,0.0,0.01,3,3,1,slow_down,Unknown,0.3257391938477857,observed,95,2
2,76,1.57274299999699,87.76155600025959,11.51,40.66,0.56,29.56,0.16,3.5,86.06,0.0,0.01,3,3,1,slow_down,Unknown,0.3248657517899761,observed,96,2
2,77,1.1236560003453633,81.56301700000768,11.07,35.03,0.6,29.75,0.14,3.59,80.3,0.0,0.01,3,3,1,slow_down,Unknown,0.30708863696632194,observed,97,2
2,78,1.7964560001928476,81.15229600025486,10.22,34.53,0.49,29.99,0.13,3.78,79.22,0.0,0.01,3,3,1,slow_down,Unknown,0.30758750994431183,observed,98,2
2,79,1.3023670007896726,80.98701900053129,10.73,34.72,0.61,29.73,0.14,3.55,79.57,0.0,0.01,3,3,0,cruise,Unknown,0.3112055820737205,observed,99,2
2,80,1.3888290004615556,80.56512500024837,9.99,35.12,0.53,29.51,0.13,3.66,79.03,0.0,0.01,3,3,0,cruise,Unknown,0.31065533015115354,observed,100,2
2,81,1.5856330001042807,83.68795800015505,12.12,35.45,0.65,29.83,0.16,3.63,81.96,0.0,0.01,3,3,1,slow_down,Unknown,0.3211266905330151,observed,101,2
2,82,1.445941999918432,83.54241100005311,10.55,35.12,0.55,31.42,0.17,4.05,81.95,0.0,0.01,3,3,2,slow_down,Unknown,0.3246884115619199,observed,102,2
2,83,1.5824189995328197,82.85894999971788,10.49,35.12,0.42,30.93,0.15,3.9,81.13,0.0,0.02,2,2,1,slow_down,Unknown,0.3099923760275789,observed,103,2
2,84,1.4402840006368933,93.55955600040033,10.58,35.59,0.38,40.08,0.23,4.99,91.98,0.0,0.02,2,2,1,slow_down,Unknown,0.3102360116679926,observed,104,2
2,85,1.2380999996821629,87.1611889997439,11.63,36.99,0.53,32.44,0.16,3.96,85.79,0.0,0.01,3,3,1,slow_down,Unknown,0.28144557146645455,observed,105,2
2,86,2.118708999660157,85.10111099985807,10.97,35.03,0.51,32.59,0.15,3.47,82.84,0.0,0.01,3,3,1,slow_down,Unknown,0.2801677273932644,observed,106,2
2,87,1.498538000305416,85.0690030001715,11.2,35.9,0.55,31.62,0.22,3.82,83.4,0.0,0.01,3,3,1,slow_down,Unknown,0.2582057146645452,observed,107,2
2,88,1.374894999571552,85.03291399938462,11.96,35.55,0.58,31.68,0.13,3.53,83.53,0.0,0.01,3,3,1,slow_down,Unknown,0.253583267037921,observed,108,2
2,89,1.4692710001327214,83.3673249999265,10.65,34.95,0.53,32.13,0.13,3.28,81.77,0.0,0.01,3,3,1,slow_down,Unknown,0.2082090294351631,observed,109,2
2,90,1.3417109994406928,83.49864499996329,10.09,34.97,0.49,33.12,0.14,3.12,82.02,0.0,0.01,3,3,1,slow_down,Unknown,0.21146413418191462,observed,110,2
2,91,1.457342999856337,83.93624699965585,10.88,34.94,0.38,32.39,0.15,3.52,82.36,0.0,0.01,2,2,1,slow_down,Unknown,0.279864425881729,observed,111,2
2,92,1.6333440007656463,85.40710000033869,10.34,36.33,0.47,32.68,0.14,3.61,83.66,0.0,0.01,2,2,1,slow_down,Unknown,0.28411727658446034,observed,112,2
2,93,1.4360220002345159,82.20011600042199,10.49,34.98,0.48,31.09,0.15,3.32,80.63,0.0,0.01,2,2,0,cruise,Unknown,0.285537655794219,observed,113,2
2,94,1.3787020006930106,83.65024300019286,10.41,35.48,0.57,31.84,0.14,3.53,82.09,0.0,0.01,2,2,0,cruise,Unknown,0.2860564173959162,observed,114,2
2,95,1.4414220004255185,91.44535300038115,10.19,44.3,0.47,30.99,0.17,3.66,89.88,0.0,0.01,2,2,0,cruise,Unknown,0.26252154600901617,observed,115,2
2,96,1.5983809998942888,98.08981400055927,10.7,38.8,0.49,42.05,0.2,3.99,96.35,0.0,0.02,2,2,0,cruise,Unknown,0.267102559002917,observed,116,2
2,97,1.668240000071819,84.91886799947679,10.79,35.7,0.43,32.06,0.15,3.87,83.12,0.0,0.01,2,2,0,cruise,Unknown,0.27302771148236543,observed,117,2
2,98,1.4549549996445421,87.6666659996772,10.47,34.86,0.46,34.96,0.16,4.98,86.01,0.0,0.01,2,2,0,cruise,Unknown,0.27086648103951205,observed,118,2
2,99,1.6516489995410666,86.87454800019623,12.2,35.15,0.42,33.25,0.15,3.81,85.09,0.0,0.01,2,2,0,cruise,Unknown,0.274058605144524,observed,119,2
2,100,1.703373000054853,88.78535599978932,11.82,39.22,0.53,31.42,0.19,3.67,86.95,0.0,0.01,2,2,0,cruise,Unknown,0.276778374436489,observed,120,2
2,101,1.565595999636571,82.89499299917225,10.84,35.71,0.44,30.33,0.14,3.62,81.18,0.0,0.01,1,1,0,cruise,Unknown,0.28576306019623443,observed,121,2
2,102,1.4418969994949293,80.66889899964735,10.46,34.59,0.35,29.79,0.17,3.65,79.11,0.0,0.01,1,1,0,cruise,Unknown,0.282478122513922,observed,122,2
2,103,1.334859999587934,83.06199999969976,10.67,34.75,0.37,32.51,0.15,3.05,81.6,0.0,0.01,1,1,0,cruise,Unknown,0.19913981702466188,observed,123,2
2,104,1.3580370005001896,83.19779700013896,10.02,35.24,0.32,32.74,0.15,3.16,81.72,0.0,0.01,1,1,0,cruise,Unknown,0.20076736939803766,observed,124,2
2,105,1.4593750001949957,86.46034100001998,9.88,37.17,0.72,32.96,0.14,3.9,84.86,0.0,0.01,4,3,0,cruise,Unknown,0.2854663882259348,observed,125,2
2,106,1.4847419997749967,82.69884799938154,11.0,36.2,0.59,29.75,0.15,3.3,81.09,0.0,0.02,4,3,0,cruise,Unknown,0.2826206576504906,observed,126,2
2,107,1.6596489995208685,80.63968199985538,10.74,34.8,0.81,29.0,0.14,3.23,78.83,0.0,0.01,5,4,0,cruise,Unknown,0.29486542031291435,observed,127,2
2,108,1.3792560002912069,93.69852899999387,10.38,35.07,0.73,41.61,0.19,4.1,92.17,0.0,0.01,4,3,0,cruise,Unknown,0.2993668788119862,observed,128,2
2,109,1.6695570002411841,83.12378900063777,11.03,35.61,0.51,30.14,0.17,3.75,81.31,0.0,0.01,2,2,0,cruise,Unknown,0.2542594802439671,observed,129,2
2,110,1.5395689997603768,81.36664199992083,10.63,34.9,0.57,29.77,0.16,3.57,79.7,0.0,0.01,3,2,0,cruise,Unknown,0.25584062582869266,observed,130,2
2,111,1.4527820003422676,82.78580000023794,11.25,36.67,0.51,29.13,0.15,3.38,81.2,0.0,0.01,1,1,0,cruise,Unknown,0.20462410501193318,observed,131,2
2,112,1.6415950003647595,79.89687900044373,10.3,34.44,0.42,29.38,0.17,3.33,78.12,0.0,0.01,1,1,0,cruise,Unknown,0.2001176743569345,observed,132,2
2,113,1.6768819996286766,81.32804199976817,10.42,35.22,0.51,29.34,0.21,3.71,79.52,0.0,0.01,2,1,0,cruise,Unknown,0.17562814903208698,observed,133,2
2,114,1.660299999457493,84.01136099928408,11.43,37.1,0.54,29.18,0.2,3.64,82.19,0.0,0.01,2,2,0,cruise,Unknown,0.17391607000795545,observed,134,2
2,115,1.5219649994833162,81.68348199978936,11.37,35.81,0.44,28.99,0.17,3.13,80.0,0.0,0.01,2,2,0,cruise,Unknown,0.11022440997083002,observed,135,2
2,116,1.4703739998367382,87.87909300008323,10.44,35.81,0.5,35.46,0.22,3.73,86.26,0.0,0.01,2,2,0,cruise,Unknown,0.10856868204720234,observed,136,2
2,117,1.6066610005509574,96.29658700032451,11.15,37.89,0.57,41.06,0.2,3.56,94.54,0.0,0.01,2,2,0,cruise,Unknown,0.1215062317687616,observed,137,2
2,118,1.5806130004420993,97.14012499989622,12.4,37.2,0.53,41.12,0.24,3.79,95.39,0.0,0.01,2,2,0,cruise,Unknown,0.11912954123574648,observed,138,2
2,119,1.6260360007436248,90.14451500024734,12.25,37.96,0.75,33.25,0.22,3.81,88.36,0.0,0.01,4,4,0,cruise,Unknown,0.11258784142137364,observed,139,2
2,120,1.8082420001519495,100.18579200004751,11.1,36.15,0.66,46.45,0.23,3.49,98.19,0.0,0.01,4,4,0,cruise,Unknown,0.11049290639087775,observed,140,2
2,121,1.604590000169992,82.41888500015193,11.08,36.09,0.69,29.06,0.15,3.49,80.65,0.0,0.01,3,3,0,cruise,Unknown,0.12994729514717582,observed,141,2
2,122,1.5970230006132624,83.17760600039037,10.96,35.33,0.57,30.34,0.24,3.89,81.43,0.0,0.01,2,2,0,cruise,Unknown,0.1318615751789976,observed,142,2
2,123,1.5555160007352242,67.64243100042222,14.04,35.26,0.64,13.24,0.14,2.51,65.93,0.0,0.01,3,3,0,cruise,Unknown,0.06408280297003448,observed,143,2
2,124,1.558556999952998,66.18146400069236,9.82,34.91,0.57,16.47,0.16,2.45,64.47,0.0,0.01,3,3,0,cruise,Unknown,0.06395021214531954,observed,144,2
2,125,1.4959370000724448,63.91144200006238,10.6,35.36,0.75,13.11,0.2,2.13,62.26,0.0,0.01,4,4,0,cruise,Unknown,0.027877220896313976,observed,145,2
2,126,1.5554539995719097,67.55823599996802,11.71,36.32,0.59,15.06,0.16,1.94,65.87,0.0,0.01,3,3,0,cruise,Unknown,0.02749602227525855,observed,146,2
2,127,1.7786610005714465,52.61491900000692,11.18,35.1,0.58,1.69,0.21,1.83,50.7,0.0,0.01,3,3,0,slow_down,Unknown,0.015244630071599045,unknown,147,2
2,128,1.544076999380195,50.72137799925258,10.21,34.54,0.52,1.68,0.19,1.78,49.01,0.0,0.01,3,3,0,slow_down,Unknown,0.014891607000795545,unknown,148,2
2,129,1.5821490005691885,53.06509999991249,10.16,37.07,0.63,1.62,0.15,1.63,51.35,0.0,0.01,4,3,0,slow_down,Unknown,0.00526882789710952,unknown,149,2
2,130,1.4867590007270337,52.769747000638745,10.95,35.89,0.72,1.67,0.16,1.65,51.15,0.0,0.01,4,3,0,slow_down,Unknown,0.005459427207637231,unknown,150,2
2,131,1.5127870001379051,52.192885000295064,11.61,34.15,0.82,1.77,0.19,1.88,50.53,0.0,0.01,5,5,0,slow_down,Unknown,0.014439140811455847,unknown,151,2
2,132,1.6112419998535188,51.36217399922316,10.42,34.3,0.82,1.62,0.18,2.16,49.59,0.0,0.01,5,5,0,slow_down,Unknown,0.010658644921771413,unknown,152,2
2,133,1.5581510006086319,52.131575000203156,10.48,35.36,0.71,1.82,0.18,1.79,50.44,0.0,0.01,5,5,0,slow_down,Unknown,0.0,unknown,153,2
2,134,1.5993060005712323,50.64033600046969,10.92,33.74,0.78,1.62,0.16,1.59,48.9,0.0,0.01,5,5,0,slow_down,Unknown,0.0,unknown,154,2
2,135,1.480740999795671,58.06082199978846,11.43,40.18,0.55,1.98,0.19,2.02,56.44,0.0,0.01,2,2,0,slow_down,Unknown,0.0009844868735083532,unknown,155,2
2,136,1.6527939997104113,52.61176899966813,11.06,35.18,0.59,1.86,0.23,1.77,50.8,0.0,0.01,2,2,0,slow_down,Unknown,0.002645186953062848,unknown,156,2
2,137,1.4912850001564948,64.28744300046674,10.08,48.54,0.49,1.63,0.17,1.63,62.64,0.0,0.01,2,2,0,slow_down,Unknown,0.007547732696897375,unknown,157,2
2,138,1.7010420006045024,49.008878000677214,10.56,32.75,0.62,1.52,0.17,1.46,47.18,0.0,0.01,2,2,0,slow_down,Unknown,0.007350503845133916,unknown,158,2
2,139,1.412415999766381,64.13128100030008,11.01,32.34,0.55,16.28,0.17,2.1,62.56,0.0,0.01,3,3,0,cruise,Unknown,0.037132060461416073,observed,159,2
2,140,1.599917000021378,63.41935900036333,9.44,33.33,0.54,16.16,0.18,1.91,61.68,0.0,0.02,3,3,0,cruise,Unknown,0.025376226465128614,observed,160,2
2,141,1.455604000511812,62.165568000636995,9.71,32.92,0.64,15.19,0.14,1.9,60.59,0.0,0.01,5,4,0,cruise,Unknown,0.05840791567223548,observed,161,2
2,142,1.3773689997833571,63.169892000587424,10.89,32.43,0.78,15.03,0.16,2.27,61.65,0.0,0.01,5,4,0,cruise,Unknown,0.05655661628215328,observed,162,2
2,143,1.591407000887557,65.83581300037622,10.85,33.18,0.74,16.57,0.15,2.52,64.11,0.0,0.01,5,5,0,cruise,Unknown,0.06280661628215327,observed,163,2
2,144,1.3616400001410511,67.57962499978021,9.74,32.74,0.65,20.54,0.17,2.15,66.07,0.0,0.01,5,5,0,cruise,Unknown,0.06126027578891541,observed,164,2
2,145,1.3291420000314247,61.70065800051816,9.74,32.14,0.7,15.54,0.15,1.89,60.25,0.0,0.01,5,5,0,cruise,Unknown,0.03064671174754707,observed,165,2
2,146,1.3438469995890046,65.44738499997038,10.45,32.82,0.69,17.67,0.21,2.03,63.96,0.0,0.01,5,5,0,cruise,Unknown,0.03169583664810395,observed,166,2
2,147,1.4125289999356028,64.22569200003636,11.22,33.48,0.89,15.03,0.16,1.79,62.68,0.0,0.01,6,6,0,cruise,Unknown,0.029088769557146645,observed,167,2
2,148,1.3001470006201998,63.30368900034955,9.74,32.81,0.77,16.3,0.14,2.02,61.87,0.0,0.01,6,6,0,cruise,Unknown,0.03176378944577035,observed,168,2
2,149,1.5901050001048134,67.0295210002223,10.38,33.34,0.71,18.51,0.15,2.13,65.31,0.0,0.01,5,5,0,cruise,Unknown,0.054706974277380006,observed,169,2
2,150,1.4524250000249594,69.41230699976586,11.0,32.96,0.82,20.03,0.23,2.65,67.8,0.0,0.01,5,5,0,cruise,Unknown,0.05953659506762132,observed,170,2
2,151,1.6164129992830567,71.13100099923031,11.8,36.72,0.83,17.68,0.17,2.04,69.36,0.0,0.01,5,5,0,cruise,Unknown,0.02796837708830549,observed,171,2
2,152,1.4565760002369643,63.53660700006003,9.53,33.0,0.75,16.16,0.17,2.23,61.94,0.0,0.01,5,5,0,cruise,Unknown,0.028344603553434104,observed,172,2
2,153,1.5140300001803553,84.13301000018691,10.67,47.39,0.87,20.99,0.17,2.29,82.48,0.0,0.01,5,5,0,cruise,Unknown,0.04146778042959427,observed,173,2
2,154,1.5489629995499854,65.559710999878,11.26,33.68,0.72,15.74,0.16,2.2,63.86,0.0,0.01,5,5,0,cruise,Unknown,0.03842647838769557,observed,174,2
2,155,1.5621000002283836,68.66175000050134,10.35,32.5,0.64,20.61,0.18,2.6,66.96,0.0,0.01,5,5,0,cruise,Unknown,0.07582537788385044,observed,175,2
2,156,1.6398620000472874,65.68318199970236,10.02,32.07,0.67,18.61,0.15,2.31,63.91,0.0,0.01,5,5,0,cruise,Unknown,0.069691394855476,observed,176,2
2,157,1.3179569996282225,59.1080009999132,9.8,32.25,0.64,13.08,0.14,1.68,57.66,0.0,0.01,6,6,0,cruise,Unknown,0.02592813577300451,observed,177,2
2,158,1.3285280001582578,60.98517999998876,10.75,32.77,0.72,13.3,0.14,1.74,59.52,0.0,0.01,6,6,0,cruise,Unknown,0.027381662688941925,observed,178,2
2,159,1.3208020000092802,47.53658699974039,10.06,32.17,0.48,1.66,0.14,1.49,46.1,0.0,0.01,4,4,0,slow_down,Unknown,0.012352492707504641,unknown,179,2
2,160,1.373026999317517,46.01229099989723,9.18,31.78,0.61,1.43,0.13,1.32,44.53,0.0,0.01,5,4,0,slow_down,Unknown,0.013452996552638558,unknown,180,2
2,161,1.354807000097935,61.29556500036415,8.92,32.35,0.48,15.84,0.16,1.97,59.81,0.0,0.01,2,2,0,cruise,Unknown,0.044754375497215594,observed,181,2
2,162,1.5521690002060495,63.42883400066057,9.17,33.68,0.57,16.25,0.14,1.86,61.76,0.0,0.01,3,3,0,cruise,Unknown,0.04387098912755237,observed,182,2
2,163,1.363921999654849,79.96284500040929,10.56,40.7,0.58,22.84,0.3,3.3,78.42,0.0,0.01,3,3,0,cruise,Unknown,0.021635507822858658,observed,183,2
2,164,1.416787999914959,108.01180300040869,16.47,57.47,1.08,27.9,0.22,3.13,106.41,0.0,0.02,3,3,0,cruise,Unknown,0.028642932909042695,observed,184,2
2,165,2.9433280005832785,111.16239600050903,16.08,48.48,0.98,37.14,0.32,4.91,108.05,0.0,0.02,4,3,0,cruise,Unknown,0.0607846062052506,observed,185,2
2,166,3.8120689996503643,110.68166799941537,15.13,51.15,0.96,34.53,0.25,4.49,106.69,0.0,0.02,4,4,0,cruise,Unknown,0.0629342349509414,observed,186,2
2,167,3.520227000080922,109.69487799957278,15.03,54.86,0.83,30.77,0.21,4.17,106.02,0.0,0.01,2,2,0,cruise,Unknown,0.07510773004508088,observed,187,2
2,168,3.897216000041226,121.6230899999573,15.72,57.04,0.79,39.25,0.25,4.36,117.58,0.0,0.02,2,2,0,cruise,Unknown,0.07237138690002652,observed,188,2
2,169,1.0846749992197147,122.2963919999529,15.53,53.21,0.75,45.16,0.26,5.98,121.07,0.0,0.01,2,2,0,cruise,Unknown,0.29091587112171835,observed,189,2
2,170,1.7507450002085534,126.84827000066434,15.84,54.76,0.59,47.51,0.24,5.84,124.92,0.0,0.02,2,2,0,cruise,Unknown,0.2894225669583665,observed,190,2
2,171,2.9010830003244337,126.58362599995598,15.45,53.66,0.7,47.27,0.26,6.02,123.49,0.0,0.02,2,2,0,cruise,Unknown,0.23762430389817024,observed,191,2
2,172,3.7953689998175832,120.78309299977263,14.29,54.13,0.72,41.32,0.21,6.03,116.82,0.0,0.01,2,2,0,cruise,Unknown,0.23880436223813312,observed,192,2
2,173,3.002064999236609,120.30929699994886,13.94,52.93,0.76,43.62,0.28,5.49,117.15,0.0,0.02,3,3,0,cruise,Unknown,0.2652313709891276,observed,193,2
2,174,3.5702810000657337,124.24449500031187,16.17,56.21,1.04,41.09,0.28,5.55,120.48,0.0,0.01,3,3,0,cruise,Unknown,0.27052008750994433,observed,194,2
2,175,1.515926000138279,119.36937599966768,15.81,52.25,0.85,42.95,0.22,5.46,117.7,0.0,0.01,3,3,0,cruise,Unknown,0.20329156722354813,observed,195,2
2,176,4.481118000512652,129.12715800030128,15.5,58.56,0.78,43.37,0.21,5.91,124.46,0.0,0.01,3,3,0,cruise,Unknown,0.21953560063643596,observed,196,2
2,177,3.7667269998564734,117.57270099951711,12.97,53.11,0.88,40.91,0.19,5.4,113.61,0.0,0.01,3,3,0,cruise,Unknown,0.21638491116414743,observed,197,2
2,178,1.5533299992966931,123.91809699965961,16.39,53.82,0.95,44.94,0.27,5.63,122.18,0.0,0.01,3,3,0,cruise,Unknown,0.22378016441262263,observed,198,2
2,179,2.055191999716044,131.73401699987153,21.71,53.75,0.92,46.66,0.24,6.1,129.52,0.0,0.01,2,2,0,cruise,Unknown,0.29139982763192784,observed,199,2
2,180,2.0033519995195093,128.51293699986854,15.46,54.18,2.26,47.64,0.27,6.31,126.31,0.0,0.02,2,2,0,cruise,Unknown,0.29709791832405197,observed,200,2
2,181,1.490809000642912,117.37682400053018,13.23,56.83,0.88,38.81,0.23,5.58,115.71,0.0,0.02,4,4,0,cruise,Unknown,0.17119464333068152,observed,201,2
2,182,1.5440449997186079,113.806191000549,14.65,53.7,1.06,37.26,0.21,5.09,112.1,0.0,0.01,4,4,0,cruise,Unknown,0.14390745160434898,observed,202,2
2,183,1.5691389999119565,125.85965800008125,13.03,55.85,0.75,46.65,0.26,7.43,124.12,0.0,0.01,3,3,0,cruise,Unknown,0.1620110713338637,observed,203,2
2,184,3.0135189999782597,131.26865699996415,16.7,53.92,0.83,48.38,0.25,7.86,128.08,0.0,0.02,3,3,0,cruise,Unknown,0.16438113232564305,observed,204,2
2,185,3.008786999998847,138.63068699993164,27.52,58.1,0.86,42.89,0.22,5.74,135.45,0.0,0.01,3,3,0,cruise,Unknown,0.15991613630336782,observed,205,2
2,186,3.5293969995109364,124.42583600022772,18.76,56.15,0.86,41.58,0.16,3.09,120.74,0.0,0.03,3,3,0,cruise,Unknown,0.15890844603553433,observed,206,2
2,187,1.393567999912193,82.43710099941381,11.39,34.34,0.78,30.75,0.13,3.39,80.89,0.0,0.01,5,4,0,cruise,Unknown,0.2432842747281888,observed,207,2
2,188,1.4931589994375827,84.63215400024637,9.78,35.54,0.7,33.15,0.13,3.6,83.0,0.0,0.01,5,4,0,cruise,Unknown,0.253059533280297,observed,208,2
2,189,1.4251769998736563,80.59495799989236,10.72,35.6,0.63,28.14,0.15,3.71,79.04,0.0,0.01,4,4,2,slow_down,Unknown,0.18966454521347123,observed,209,2
2,190,1.3695799998458824,80.89877400016121,10.94,35.9,0.64,28.38,0.19,3.24,79.39,0.0,0.01,4,4,2,slow_down,Unknown,0.18316096526120393,observed,210,2
2,191,1.4904830004525138,97.25493499990989,11.04,35.47,0.62,42.34,0.33,5.71,95.62,0.0,0.02,3,3,1,slow_down,Unknown,0.2606089233625033,observed,211,2
2,192,2.0894360004604096,88.59853000012663,16.0,35.25,0.69,30.32,0.14,3.84,86.35,0.0,0.01,3,3,0,cruise,Unknown,0.22155926809864757,observed,212,2
2,193,1.5170679998846026,81.39579799990315,10.16,35.11,0.57,29.97,0.24,3.6,79.75,0.0,0.01,3,3,0,cruise,Unknown,0.2962377353487139,observed,213,2
2,194,1.4578259997506393,81.53589099947567,10.65,34.84,0.52,29.76,0.14,3.86,79.89,0.0,0.01,3,3,0,cruise,Unknown,0.29377486077963405,observed,214,2
2,195,1.4046760006749537,87.5776520006184,13.95,34.92,0.76,32.3,0.15,3.85,86.03,0.0,0.01,2,2,1,slow_down,Unknown,0.31012496685229385,observed,215,2
2,196,4.46146900048916,96.8476420002844,15.03,41.04,0.87,31.54,0.14,3.53,92.26,0.0,0.01,2,2,1,slow_down,Unknown,0.3093691991514187,observed,216,2
2,197,1.2274290002096677,82.75951999985409,10.65,35.31,0.61,30.93,0.13,3.69,81.4,0.0,0.01,3,3,0,cruise,Unknown,0.25178500397772474,observed,217,2
2,198,1.0803659997691284,80.05334199970093,10.95,34.94,0.54,28.39,0.15,3.78,78.84,0.0,0.01,3,3,0,cruise,Unknown,0.21192654468310793,observed,218,2
2,199,2.3421640007654787,83.4706499999811,10.08,35.38,0.5,31.05,0.15,3.72,80.99,0.0,0.01,3,3,0,cruise,Unknown,0.2629077167859984,observed,219,2
2,200,1.6568639994147816,78.8461530000859,10.18,35.13,0.53,27.55,0.14,3.43,77.04,0.0,0.01,3,3,0,cruise,Unknown,0.20993105277114824,observed,220,2
2,201,1.4549509996868437,84.5558950004488,10.1,36.62,0.63,31.74,0.14,3.65,82.97,0.0,0.01,4,3,0,cruise,Unknown,0.30036462476796605,observed,221,2
2,202,1.659300000028452,83.12953899985587,11.39,35.17,0.76,30.12,0.17,3.64,81.34,0.0,0.01,4,3,0,cruise,Unknown,0.2986061389551843,observed,222,2
2,203,1.4167799999995623,82.49074100058351,10.65,35.07,0.57,30.59,0.15,3.8,80.93,0.0,0.01,4,4,0,cruise,Unknown,0.2934334394059931,observed,223,2
2,204,1.4048819994059158,82.57245699951454,10.37,36.37,0.6,29.64,0.15,3.8,81.03,0.0,0.01,4,4,0,cruise,Unknown,0.2914959559798462,observed,224,2
2,205,1.510749999397376,79.77904099971056,10.14,35.11,0.62,28.48,0.2,3.49,78.14,0.0,0.01,3,3,1,slow_down,Unknown,0.2698140413683373,observed,225,2
2,206,1.4945559996704105,79.95704499990097,11.4,34.56,0.66,27.96,0.15,3.47,78.34,0.0,0.01,3,3,1,slow_down,Unknown,0.23347918324051975,observed,226,2
2,207,1.431775999662932,82.36075900003925,11.63,34.64,0.72,29.81,0.16,3.71,80.77,0.0,0.01,4,4,0,cruise,Unknown,0.3150341421373641,observed,227,2
2,208,1.6496170001119026,87.22386099998403,10.1,35.5,0.68,35.19,0.17,3.71,85.44,0.0,0.01,4,4,0,cruise,Unknown,0.3047517236807213,observed,228,2
2,209,1.4632519996666815,78.83637999930215,10.14,35.05,0.61,27.7,0.16,3.49,77.25,0.0,0.01,4,4,0,cruise,Unknown,0.3436837045876425,observed,229,2
2,210,1.4147789997878135,79.11510499980068,10.58,34.75,0.6,27.83,0.14,3.58,77.57,0.0,0.01,4,4,0,cruise,Unknown,0.3420478652877221,observed,230,2
2,211,1.3347439999051858,80.12628300002689,11.07,35.44,0.58,27.75,0.13,3.61,78.67,0.0,0.01,3,3,1,slow_down,Unknown,0.3556268231238398,observed,231,2
2,212,1.4242320003177156,80.01169500039396,10.04,36.03,0.53,27.98,0.13,3.67,78.47,0.0,0.01,3,3,2,slow_down,Unknown,0.3537838106603023,observed,232,2
2,213,1.3196400004744646,78.96513900050195,10.25,34.95,0.52,28.07,0.15,3.49,77.53,0.0,0.01,3,3,2,slow_down,Unknown,0.3540605940068947,observed,233,2
2,214,1.3279180002427893,80.13351499994315,10.96,35.44,0.51,27.85,0.16,3.66,78.68,0.0,0.01,3,3,3,slow_down,Unknown,0.3521894059931053,observed,234,2
2,215,1.4350669998748344,83.03002100001322,10.47,35.88,0.57,30.65,0.23,3.5,81.46,0.0,0.01,3,3,1,slow_down,Unknown,0.34245392468841157,observed,235,2
2,216,1.4640549998148344,80.91125299961277,10.36,35.82,0.61,28.8,0.16,3.47,79.31,0.0,0.01,3,3,1,slow_down,Unknown,0.34001922566958365,observed,236,2
2,217,1.5631420001227525,79.42689799983782,10.42,34.41,0.68,28.45,0.16,3.49,77.71,0.0,0.01,3,3,0,cruise,Unknown,0.2731569875364625,observed,237,2
2,218,1.4830089994575246,82.55359699978726,11.03,35.27,0.67,30.12,0.14,3.61,80.94,0.0,0.01,3,3,0,cruise,Unknown,0.2549804428533545,observed,238,2
2,219,1.6364499997507664,82.03143999980966,11.27,35.06,0.57,29.47,0.14,3.64,80.26,0.0,0.01,3,3,0,cruise,Unknown,0.3106669318483161,observed,239,2
2,220,1.5191480006251368,80.84892100032448,12.9,34.69,0.52,27.22,0.15,3.61,79.19,0.0,0.01,3,3,0,cruise,Unknown,0.3144325112702201,observed,240,2
2,221,1.5614690000802511,96.62747999936983,10.12,50.17,0.61,30.33,0.14,3.43,94.9,0.0,0.01,3,3,2,slow_down,Unknown,0.283838835852559,observed,241,2
2,222,1.8863999994209735,80.92769999984739,11.41,34.74,0.53,28.17,0.14,3.79,78.87,0.0,0.01,3,3,2,slow_down,Unknown,0.28843973747016705,observed,242,2
2,223,1.41907400029595,79.30349100024614,10.49,34.54,0.61,28.27,0.14,3.6,77.75,0.0,0.01,4,4,0,cruise,Unknown,0.23092680986475736,observed,243,2
2,224,1.6518210004505818,80.00918200013984,9.95,35.69,0.55,28.42,0.16,3.36,78.23,0.0,0.01,3,3,0,cruise,Unknown,0.25875762397242114,observed,244,2
2,225,1.5157230000113486,82.600951999666,9.51,35.01,0.63,31.88,0.14,3.68,80.96,0.0,0.01,4,3,1,slow_down,Unknown,0.28215824714929727,observed,245,2
2,226,1.0584520005068043,82.13769800022419,11.02,36.64,0.63,28.94,0.13,3.48,80.95,0.0,0.01,4,3,1,slow_down,Unknown,0.27456245027844073,observed,246,2
2,227,1.5969619998941198,84.79939800054126,11.64,36.06,0.77,29.72,0.16,4.52,83.0,0.0,0.01,3,3,0,cruise,Unknown,0.27096095200212145,observed,247,2
2,228,1.7314360002274043,84.42165599990403,13.22,34.87,0.52,29.54,0.26,4.02,82.54,0.0,0.01,3,3,0,cruise,Unknown,0.27039909838239196,observed,248,2
2,229,1.4942779998818878,80.17728899994836,10.73,35.11,0.57,28.24,0.18,3.61,78.55,0.0,0.01,4,4,0,cruise,Unknown,0.26768595863166267,observed,249,2
2,230,1.5837939999983064,84.38271900013206,10.51,35.72,0.61,31.76,0.16,3.76,82.66,0.0,0.01,3,3,0,cruise,Unknown,0.25674058605144523,observed,250,2
2,231,1.5396680000776541,81.70055500067974,10.15,36.55,0.72,28.89,0.14,3.47,80.02,0.0,0.01,4,4,0,cruise,Unknown,0.27644192521877486,observed,251,2
2,232,1.5920200003165519,79.90150500063464,10.96,34.61,0.94,28.05,0.14,3.37,78.18,0.0,0.01,4,4,0,cruise,Unknown,0.27033943251127024,observed,252,2
2,233,1.5333259998442372,92.4457840001196,10.17,34.87,0.68,40.84,0.17,3.92,90.76,0.0,0.01,4,4,0,cruise,Unknown,0.21491978255104746,observed,253,2
2,234,1.3887860004615504,78.5292959999424,9.9,34.62,0.64,28.1,0.17,3.49,77.01,0.0,0.01,4,4,0,cruise,Unknown,0.231798594537258,observed,254,2
2,235,1.6194939998968039,78.57113699992624,9.83,34.62,0.49,28.13,0.15,3.5,76.82,0.0,0.03,3,3,0,cruise,Unknown,0.23301843012463538,observed,255,2
2,236,1.6463809997731005,82.49077599975863,10.64,36.76,0.62,28.55,0.16,3.81,80.67,0.0,0.01,3,3,0,cruise,Unknown,0.23802704852824186,observed,256,2
2,237,1.5217090003716294,82.99382000041078,10.83,35.5,0.48,30.44,0.16,3.77,81.35,0.0,0.01,3,3,0,cruise,Unknown,0.3052605409705648,observed,257,2
2,238,1.5158959995460464,86.51016499970865,10.15,36.06,0.58,33.68,0.18,4.08,84.85,0.0,0.01,3,3,0,cruise,Unknown,0.2890015910898966,observed,258,2
2,239,2.972514999783016,89.66452699951333,10.1,37.9,0.61,32.85,0.18,4.73,86.48,0.0,0.01,3,3,0,cruise,Unknown,0.2157998541500928,observed,259,2
2,240,1.9068709998464328,81.00780899985693,11.22,34.46,0.54,28.65,0.14,3.86,78.97,0.0,0.01,3,3,0,cruise,Unknown,0.23538186157517899,observed,260,2
2,241,1.4111769996816292,81.63914099986869,10.93,35.81,0.65,29.08,0.18,3.34,80.11,0.0,0.01,4,3,0,cruise,Unknown,0.30300318217979316,observed,261,2
2,242,1.3201080000726506,81.62727899980382,10.05,35.31,0.58,30.58,0.16,3.41,80.19,0.0,0.01,3,2,0,cruise,Unknown,0.30544616812516573,observed,262,2
2,243,1.418726999872888,83.22957800010045,10.19,35.94,0.58,31.44,0.15,3.26,81.67,0.0,0.01,3,3,0,cruise,Unknown,0.3045213471227791,observed,263,2
2,244,1.5676670000175363,81.62814299976162,10.35,36.59,0.65,28.46,0.13,3.61,79.88,0.0,0.01,3,3,0,cruise,Unknown,0.3030230708035004,observed,264,2
2,245,1.4219069998944178,82.70964499934053,10.12,34.55,0.56,31.5,0.14,4.14,81.12,0.0,0.01,3,3,0,cruise,Unknown,0.33568682047202336,observed,265,2
2,246,1.3958590006950544,91.64189500006614,14.44,42.85,0.91,28.21,0.17,3.4,90.13,0.0,0.01,3,3,0,cruise,Unknown,0.3359801776717051,observed,266,2
2,247,1.3650119999510935,79.15496800069377,10.15,34.84,0.49,28.34,0.18,3.59,77.67,0.0,0.01,3,3,0,cruise,Unknown,0.34005568814638026,observed,267,2
2,248,1.4061089996175724,81.4709189999121,10.68,35.82,0.54,28.74,0.18,3.88,79.93,0.0,0.01,3,3,1,slow_down,Unknown,0.3381165473349244,observed,268,2
2,249,1.4926349995221244,81.27987099942402,11.02,35.77,0.59,28.42,0.18,3.55,79.63,0.0,0.01,4,4,2,slow_down,Unknown,0.34367044550517106,observed,269,2
2,250,1.4723989997946774,83.54364799924952,10.95,38.11,0.73,28.03,0.14,3.85,81.93,0.0,0.01,4,4,2,slow_down,Unknown,0.342364425881729,observed,270,2
2,251,1.6247090006800136,88.93537000039942,10.54,36.95,0.77,32.84,0.31,5.56,87.08,0.0,0.01,4,4,0,cruise,Unknown,0.3365138557411827,observed,271,2
2,252,1.674570999966818,89.57262000058108,13.88,38.25,0.75,30.5,0.2,3.99,87.71,0.0,0.01,4,4,0,cruise,Unknown,0.3360464730840626,observed,272,2
2,253,1.7454100006943918,82.12603300034971,11.49,35.52,0.57,28.56,0.2,3.81,80.24,0.0,0.01,3,3,0,cruise,Unknown,0.3347586846990188,observed,273,2
2,254,1.517355000032694,81.23419000003196,10.55,35.58,0.56,28.8,0.14,3.8,79.57,0.0,0.01,3,3,0,cruise,Unknown,0.3336482365420313,observed,274,2
2,255,1.4529300005960977,80.58164100020804,10.22,36.09,0.68,28.0,0.18,3.73,79.0,0.0,0.01,5,5,0,cruise,Unknown,0.3057063776186688,observed,275,2
2,256,1.5034830003060051,85.76681900012773,11.02,38.42,0.76,30.14,0.16,3.54,84.13,0.0,0.01,5,5,0,cruise,Unknown,0.30183638292230175,observed,276,2
2,257,2.4580569997851853,82.1384319997378,9.7,35.1,0.54,30.16,0.15,3.79,79.54,0.0,0.01,2,2,0,cruise,Unknown,0.31823786793953857,observed,277,2
2,258,1.6249440004685312,92.50477499972476,9.83,47.82,0.48,28.6,0.18,3.75,90.76,0.0,0.01,2,2,0,cruise,Unknown,0.3220382524529303,observed,278,2
2,259,1.4446989998759818,81.84210599938524,10.45,37.21,0.62,28.09,0.15,3.56,80.24,0.0,0.01,4,4,0,cruise,Unknown,0.27068085388491114,observed,279,2
2,260,1.573202000145102,83.50569699996413,11.53,37.38,0.7,28.49,0.16,3.44,81.78,0.0,0.01,4,4,0,cruise,Unknown,0.27266971625563513,observed,280,2
2,261,1.5840390005905647,81.63730800060875,11.19,36.1,0.64,27.93,0.16,3.78,79.9,0.0,0.01,4,4,0,cruise,Unknown,0.2824549191195969,observed,281,2
2,262,1.7665640007180627,81.83112599999731,10.9,36.11,0.59,27.99,0.2,4.0,79.9,0.0,0.01,4,4,0,cruise,Unknown,0.2838056881463803,observed,282,2
2,263,1.6062329996202607,83.4866189998138,11.1,36.16,0.69,28.74,0.21,4.71,81.72,0.0,0.01,5,5,0,cruise,Unknown,0.21268396976929196,observed,283,2
2,264,1.6751610000937944,79.83956200041575,12.68,36.8,0.72,24.39,0.17,3.15,78.02,0.0,0.01,4,4,0,cruise,Unknown,0.21386900026518166,observed,284,2
2,265,1.5474719994017505,74.47718599996733,11.05,35.49,0.58,22.48,0.19,2.87,72.76,0.0,0.01,4,4,0,cruise,Unknown,0.11862569610182976,observed,285,2
2,266,1.657298000282026,80.58689700010291,10.79,36.82,0.69,26.99,0.2,3.18,78.76,0.0,0.01,4,4,0,cruise,Unknown,0.13397639883320075,observed,286,2
2,267,1.7001460000756197,83.40164899982483,11.27,37.26,0.69,28.07,0.2,3.93,81.52,0.0,0.01,4,4,0,cruise,Unknown,0.27414313179527977,observed,287,2
2,268,1.5707719994679792,83.99389699934545,11.56,38.32,0.67,28.02,0.15,3.45,82.27,0.0,0.01,4,4,0,cruise,Unknown,0.26904004242906393,observed,288,2
2,269,1.5313690000766655,80.28985199962335,11.18,35.55,0.71,27.43,0.13,3.5,78.62,0.0,0.01,4,4,0,cruise,Unknown,0.25799854150092816,observed,289,2
2,270,1.5258209996318328,84.81094499984465,10.12,36.06,0.69,30.01,0.23,5.88,83.12,0.0,0.01,4,4,0,cruise,Unknown,0.2755336780694776,observed,290,2
2,271,1.408860000083223,85.74570400014636,16.34,37.24,1.28,25.83,0.13,3.24,84.18,0.0,0.01,6,5,0,cruise,Unknown,0.25370922832140014,observed,291,2
2,272,1.6332170007444802,78.46377400073834,10.61,35.72,0.7,25.97,0.16,3.42,76.7,0.0,0.01,5,4,0,cruise,Unknown,0.2487287854680456,observed,292,2
2,273,1.4742449993718765,79.59239199954027,11.17,35.15,0.75,27.42,0.15,3.2,77.96,0.0,0.01,5,5,0,cruise,Unknown,0.24970167064439142,observed,293,2
2,274,1.6132330001710216,77.49605299977702,10.25,35.41,0.76,25.92,0.13,3.18,75.75,0.0,0.01,5,5,0,cruise,Unknown,0.23921870856536728,observed,294,2
2,275,1.4579409998987103,78.77936500062788,10.01,35.32,0.54,27.41,0.16,3.65,77.19,0.0,0.01,4,4,1,slow_down,Unknown,0.2514684433837178,observed,295,2
2,276,1.4874429998599226,83.99908499995945,10.68,40.4,0.77,27.1,0.15,3.16,82.36,0.0,0.01,4,4,1,slow_down,Unknown,0.2529402015380536,observed,296,2
2,277,1.4653739999630488,77.78660599979048,10.78,35.38,0.85,25.59,0.13,3.34,76.16,0.0,0.01,5,5,1,slow_down,Unknown,0.26059234950941396,observed,297,2
2,278,1.422964000084903,77.6944809995257,10.23,35.29,0.66,25.93,0.25,3.66,76.14,0.0,0.02,4,4,1,slow_down,Unknown,0.265219769291965,observed,298,2
2,279,1.518365999800153,78.39418700041278,10.2,36.46,0.7,25.6,0.16,3.52,76.75,0.0,0.01,5,4,0,cruise,Unknown,0.25188776186687883,observed,299,2
2,280,1.4310829992609797,78.35238000006939,10.12,34.42,0.62,27.97,0.15,3.42,76.79,0.0,0.01,5,4,0,cruise,Unknown,0.2539777247414479,observed,300,2
2,281,1.6141730002345867,83.10311500008538,10.01,36.65,0.74,29.83,0.22,3.74,81.36,0.0,0.01,4,4,0,cruise,Unknown,0.29051975603288255,observed,301,2
2,282,1.410038999893004,82.35467899976356,10.77,36.2,0.64,29.45,0.14,3.51,80.81,0.0,0.01,4,4,0,cruise,Unknown,0.2889038053566693,observed,302,2
2,283,1.524716999483644,94.25222799927724,10.98,35.63,0.65,38.86,0.28,5.99,92.53,0.0,0.01,4,4,0,cruise,Unknown,0.29111309997348184,observed,303,2
2,284,1.682992000496597,82.20823900046526,11.37,34.74,0.65,29.72,0.16,3.66,80.39,0.0,0.01,4,4,0,cruise,Unknown,0.29117276584460355,observed,304,2
2,285,1.4881440001772717,88.68738300043333,11.86,36.36,0.61,33.96,0.19,3.96,87.05,0.0,0.01,4,4,0,cruise,Unknown,0.283683041633519,observed,305,2
2,286,1.7052040002454305,83.61559900004067,10.74,35.22,0.73,30.54,0.18,4.23,81.75,0.0,0.01,4,4,0,cruise,Unknown,0.27771313975072925,observed,306,2
2,287,1.3682529997822712,79.99064399973577,10.05,35.03,0.54,28.8,0.2,3.73,78.42,0.0,0.01,3,3,0,cruise,Unknown,0.2781042826836383,observed,307,2
2,288,1.49438399967039,84.0379169994776,11.1,36.07,0.74,30.74,0.15,3.52,82.42,0.0,0.01,3,3,0,cruise,Unknown,0.276673959162026,observed,308,2
2,289,1.5624659999957657,82.40410000053089,10.57,34.95,0.68,30.58,0.13,3.68,80.7,0.0,0.01,3,3,0,cruise,Unknown,0.2930920180323522,observed,309,2
2,290,1.4651560004494968,81.50784100052988,10.56,34.75,0.6,29.92,0.13,3.87,79.92,0.0,0.01,4,4,0,cruise,Unknown,0.30270816759480246,observed,310,2
2,291,1.4264949995776988,82.87453899993125,10.65,34.95,0.63,30.85,0.17,3.92,81.3,0.0,0.03,4,4,0,cruise,Unknown,0.2746469769291965,observed,311,2
2,292,1.5233869999065064,82.73237600042194,10.83,34.81,0.64,31.29,0.14,3.3,81.09,0.0,0.01,4,4,0,cruise,Unknown,0.2719868735083532,observed,312,2
2,293,1.3342910006031161,82.05215800080623,10.75,34.88,0.72,30.22,0.2,3.72,80.57,0.0,0.01,4,4,0,cruise,Unknown,0.29034904534606204,observed,313,2
2,294,1.6677459998390987,81.53716699962388,9.85,35.4,0.63,29.82,0.14,3.8,79.74,0.0,0.01,4,4,0,cruise,Unknown,0.2932842747281888,observed,314,2
2,295,1.5162179997787462,82.6738519999708,10.09,35.44,0.6,30.56,0.18,4.02,81.0,0.0,0.01,4,4,0,cruise,Unknown,0.3162738663484487,observed,315,2
2,296,1.476337999520183,96.5358430003107,11.78,46.88,0.95,30.53,0.23,4.4,94.88,0.0,0.01,4,4,0,cruise,Unknown,0.31386071333863697,observed,316,2
2,297,1.6291370002363692,87.8136760002235,11.21,35.83,0.62,33.77,0.25,4.26,86.04,0.0,0.01,4,4,0,cruise,Unknown,0.30067952797666403,observed,317,2
2,298,1.723858999866934,84.06939799988322,11.0,35.73,0.74,30.83,0.13,3.68,82.2,0.0,0.01,4,4,0,cruise,Unknown,0.30333300185627154,observed,318,2
2,299,1.3657360004799557,81.70796700051142,9.65,35.15,0.55,30.59,0.16,4.01,80.22,0.0,0.01,3,3,1,slow_down,Unknown,0.31524960222752585,observed,319,2
2,300,1.4293680005721399,87.73392400053126,11.45,39.28,0.69,30.14,0.16,4.34,86.16,0.0,0.01,3,3,1,slow_down,Unknown,0.31330383187483424,observed,320,2
2,301,1.4740299993718509,82.14862099976017,11.22,35.26,0.66,29.48,0.16,3.68,80.55,0.0,0.01,4,4,1,slow_down,Unknown,0.2616249005568815,observed,321,2
2,302,1.433415000064997,82.05901800010906,10.34,35.64,0.55,29.94,0.14,3.77,80.47,0.0,0.01,4,4,1,slow_down,Unknown,0.26072991249005567,observed,322,2
2,303,1.6497489996254444,84.14108200031478,10.6,36.34,0.58,30.96,0.13,3.65,82.35,0.0,0.01,3,3,0,cruise,Unknown,0.2546837708830549,observed,323,2
2,304,1.5134200002648868,84.19084399974963,10.51,35.1,0.57,32.41,0.18,3.68,82.54,0.0,0.01,3,3,0,cruise,Unknown,0.2659158711217184,observed,324,2
2,305,1.5030129998194752,84.4909870002084,11.13,35.15,0.57,31.78,0.18,3.94,82.86,0.0,0.01,3,3,0,cruise,Unknown,0.2824184566428003,observed,325,2
2,306,1.6313690002789372,83.01035600015894,10.81,34.52,0.56,31.18,0.15,3.93,81.25,0.0,0.01,3,3,0,cruise,Unknown,0.2854498143728454,observed,326,2
2,307,1.4695939999000984,136.08404299975518,13.52,58.39,0.77,53.66,0.28,7.33,134.1,0.0,0.01,3,3,0,cruise,Unknown,0.2884347653142403,observed,327,2
2,308,3.2987229997161194,133.786364000116,19.97,56.5,0.97,46.29,0.22,6.18,130.3,0.0,0.02,3,3,0,cruise,Unknown,0.2879541235746486,observed,328,2
2,309,1.4333070002976456,119.93836300007388,12.67,52.23,0.8,46.21,0.25,6.05,118.35,0.0,0.01,3,3,1,slow_down,Unknown,0.2605708035003978,observed,329,2
2,310,1.4870960003463551,122.08815200028766,13.89,54.23,0.81,44.77,0.21,6.38,120.44,0.0,0.01,3,3,1,slow_down,Unknown,0.26393363829223015,observed,330,2
2,311,1.484080000409449,123.36396400041849,15.89,52.31,0.87,46.53,0.2,5.79,121.73,0.0,0.03,3,3,0,cruise,Unknown,0.27635076902678335,observed,331,2
2,312,1.4510099999824888,123.09548999928666,12.67,53.66,0.78,47.3,0.2,6.72,121.48,0.0,0.01,3,3,0,cruise,Unknown,0.2840294351630867,observed,332,2
2,313,1.6230869996434194,142.98891499947786,11.93,63.06,0.63,57.24,0.26,7.96,141.21,0.0,0.01,3,3,0,cruise,Unknown,0.3052373375762397,observed,333,2
2,314,3.5955319999629864,128.0635909997727,16.38,54.89,0.71,44.98,0.21,6.95,124.28,0.0,0.01,3,3,0,cruise,Unknown,0.30516109785202866,observed,334,2
2,315,1.5633900002285372,124.95407999995223,15.42,52.97,0.59,47.83,0.23,6.06,123.23,0.0,0.01,3,3,0,cruise,Unknown,0.33043953858393,observed,335,2
2,316,1.477234999583743,149.60256399990612,15.62,58.75,0.72,65.82,0.24,6.68,147.96,0.0,0.01,3,3,0,cruise,Unknown,0.33161462476796605,observed,336,2
2,317,1.538907000394829,127.39144700026372,13.71,58.84,0.73,45.77,0.2,6.32,125.7,0.0,0.02,3,3,0,cruise,Unknown,0.2843227923627685,observed,337,2
2,318,1.3932940000813687,120.88115200003813,12.14,53.11,0.72,47.17,0.22,5.85,119.35,0.0,0.02,3,3,0,cruise,Unknown,0.2784573057544418,observed,338,2
2,319,1.4068350001252838,119.36991900074645,11.79,51.84,0.69,47.26,0.23,5.84,117.81,0.0,0.02,3,3,1,slow_down,Unknown,0.32444974807743304,observed,339,2
2,320,1.4286810001067352,120.40688900015084,12.47,53.43,0.83,45.44,0.23,6.31,118.83,0.0,0.01,3,3,1,slow_down,Unknown,0.3243337311058075,observed,340,2
2,321,1.4537899996867054,131.36970399955317,12.11,59.09,0.7,51.58,0.37,5.73,129.72,0.0,0.01,3,3,3,slow_down,Unknown,0.34081477061787324,observed,341,2
2,322,1.6267900000457303,129.43402400014747,14.63,57.41,0.75,47.48,0.31,6.86,127.61,0.0,0.02,3,3,3,slow_down,Unknown,0.34153076107133384,observed,342,2
2,323,3.483683000013116,129.24102099987067,14.63,54.62,0.66,46.8,0.22,8.5,125.56,0.0,0.01,3,3,1,slow_down,Unknown,0.33065499867409176,observed,343,2
2,324,1.4626250003857422,122.12109500069346,12.76,52.38,0.75,48.28,0.24,5.94,120.5,0.0,0.01,3,3,1,slow_down,Unknown,0.33057544417926277,observed,344,2
2,325,3.571254999769735,126.57998800023051,16.32,54.09,0.87,43.91,0.54,6.96,122.84,0.0,0.02,3,3,1,slow_down,Unknown,0.329786528772209,observed,345,2
2,326,1.5554419996988145,127.56929399984074,17.98,53.23,0.72,46.08,0.25,7.37,125.79,0.0,0.01,3,3,1,slow_down,Unknown,0.3316643463272342,observed,346,2
2,327,3.525512000123854,132.497551000597,12.99,57.26,0.84,50.34,0.32,6.89,128.79,0.0,0.01,3,3,0,cruise,Unknown,0.302719769291965,observed,347,2
2,328,2.926432999629469,132.77534400003788,19.31,56.16,0.87,46.21,0.28,6.62,129.65,0.0,0.02,3,3,0,cruise,Unknown,0.2996668655529037,observed,348,2
2,329,3.130893999696127,106.65479699946445,19.14,45.76,0.91,33.54,0.17,3.74,103.37,0.0,0.01,3,3,0,cruise,Unknown,0.2742624635375232,observed,349,2
2,330,1.1081479997301358,81.01199100019585,10.74,34.5,0.52,30.17,0.17,3.58,79.78,0.0,0.01,3,3,0,cruise,Unknown,0.2742392601431981,observed,350,2
2,331,1.7240970000784728,81.71915999992052,9.9,34.71,0.55,31.09,0.16,3.34,79.86,0.0,0.01,3,3,1,slow_down,Unknown,0.27818383717846723,observed,351,2
2,332,1.4651860001322348,85.29291700051544,10.79,35.44,0.46,31.89,0.16,4.76,83.61,0.0,0.01,3,3,1,slow_down,Unknown,0.27641043489790507,observed,352,2
2,333,1.5431780002472806,88.90230300039548,10.96,37.67,0.57,34.18,0.17,3.57,87.21,0.0,0.01,3,3,1,slow_down,Unknown,0.22312715460090163,observed,353,2
2,334,1.6059219997259788,84.22647999941546,10.54,35.26,0.53,32.09,0.18,3.8,82.49,0.0,0.01,3,3,1,slow_down,Unknown,0.22816063378414214,observed,354,2
2,335,1.491515999987314,102.70792099981918,13.7,46.49,0.89,36.17,0.17,3.55,101.09,0.0,0.01,3,3,1,slow_down,Unknown,0.30397109520021215,observed,355,2
2,336,1.4477310005531763,86.56979500028683,11.69,34.99,0.57,33.4,0.17,4.07,84.99,0.0,0.01,3,3,1,slow_down,Unknown,0.31227625298329353,observed,356,2
2,337,1.488452000558027,83.6658290008927,10.89,34.44,0.44,32.64,0.13,3.41,82.05,0.0,0.01,3,3,0,cruise,Unknown,0.27390612569610184,observed,357,2
2,338,1.4826219994574785,93.88102999946568,10.62,34.46,0.55,42.35,0.2,3.98,92.26,0.0,0.01,3,3,0,cruise,Unknown,0.2779435163086714,observed,358,2
2,339,1.6150319997905171,85.76658600031806,10.68,35.69,0.44,33.57,0.14,3.39,84.01,0.0,0.01,2,2,0,cruise,Unknown,0.32583532219570405,observed,359,2
2,340,1.4332740001918864,82.60804000019561,10.55,35.19,0.42,31.12,0.15,3.54,81.06,0.0,0.01,2,2,0,cruise,Unknown,0.31266076637496687,observed,360,2
2,341,1.6036650004025432,82.11635800034855,11.03,34.83,0.47,29.95,0.14,3.87,80.38,0.0,0.01,3,3,0,cruise,Unknown,0.3069212410501193,observed,361,2
2,342,1.3818589995935326,82.06556099958107,9.98,34.87,0.52,31.18,0.2,3.72,80.57,0.0,0.01,3,3,0,cruise,Unknown,0.31127684964200475,observed,362,2
2,343,1.3845109997419058,84.40832100041007,10.16,35.06,0.39,33.08,0.2,3.85,82.88,0.0,0.01,2,2,0,cruise,Unknown,0.3109934367541766,observed,363,2
2,344,1.6384919999836711,92.47054899969953,11.53,34.95,0.47,39.55,0.17,3.91,90.67,0.0,0.01,2,2,0,cruise,Unknown,0.2969255502519226,observed,364,2
2,345,1.6385039998567663,91.50615300040954,11.8,36.59,0.46,35.96,0.2,4.59,89.73,0.0,0.01,2,2,0,cruise,Unknown,0.3527562317687616,observed,365,2
2,346,1.6316430001097615,102.54680599973653,11.49,37.56,0.49,44.08,0.32,6.64,100.73,0.0,0.01,2,2,0,cruise,Unknown,0.3516242376027579,observed,366,2
2,347,1.5784590004841448,88.48071800002799,15.93,37.34,0.51,29.07,0.15,3.65,86.76,0.0,0.01,2,2,0,cruise,Unknown,0.2969504110315566,observed,367,2
2,348,1.4884270003676647,80.52648099965154,10.74,35.15,0.42,28.94,0.16,3.41,78.9,0.0,0.01,2,2,0,cruise,Unknown,0.3163782816229117,observed,368,2
2,349,1.3332600001376704,85.69464900028834,9.77,35.05,0.48,33.8,0.18,4.86,84.25,0.0,0.01,3,2,0,cruise,Unknown,0.3243619066560594,observed,369,2
2,350,1.6659080001772963,83.85989100042934,11.38,35.61,0.53,30.41,0.15,3.89,82.07,0.0,0.01,3,2,0,cruise,Unknown,0.3113099973481835,observed,370,2
2,351,1.5040389998830506,75.88976599981834,10.91,35.62,0.42,24.17,0.14,2.9,74.27,0.0,0.01,2,1,0,cruise,Unknown,0.16493138424821002,observed,371,2
2,352,1.5474540005016024,75.16534000023967,10.37,35.16,0.68,24.18,0.15,2.83,73.49,0.0,0.01,2,1,0,cruise,Unknown,0.16968145054362238,observed,372,2
2,353,1.4176940003380878,78.07062000028964,10.37,35.63,0.58,26.43,0.15,3.28,76.54,0.0,0.01,2,2,0,cruise,Unknown,0.1997729382126757,observed,373,2
2,354,1.2717770005110651,75.85704499979329,9.93,34.51,0.4,26.29,0.14,3.09,74.45,0.0,0.01,2,2,0,cruise,Unknown,0.18958333333333333,observed,374,2
2,355,1.4030530001036823,80.86711699979787,9.88,34.42,0.45,30.73,0.17,3.54,79.32,0.0,0.01,1,1,0,cruise,Unknown,0.2612917661097852,observed,375,2
2,356,1.6530249995412305,82.67770699967514,11.04,35.77,0.35,29.64,0.14,3.85,80.88,0.0,0.01,1,1,0,cruise,Unknown,0.2645866481039512,observed,376,2
2,357,1.414868000210845,83.57274199988751,10.47,34.39,0.36,33.03,0.17,3.52,82.04,0.0,0.01,1,1,0,cruise,Unknown,0.34950444179262796,observed,377,2
2,358,1.4456990002145176,83.2237750000786,11.16,35.42,0.37,30.73,0.15,3.69,81.63,0.0,0.01,1,1,0,cruise,Unknown,0.3477658446035534,observed,378,2
2,359,1.603513999725692,108.42808600045828,10.79,48.53,0.44,42.49,0.29,4.02,106.69,0.0,0.02,1,1,0,cruise,Unknown,0.2528457305754442,observed,379,2
2,360,1.5485989997614524,85.4430389999834,11.57,36.35,0.51,31.13,0.17,3.86,83.73,0.0,0.03,1,1,0,cruise,Unknown,0.2510474675152479,observed,380,2
2,361,1.4473869996436406,85.3925410001466,11.14,35.72,0.39,32.45,0.17,3.82,83.8,0.0,0.01,1,1,0,cruise,Unknown,0.28973249801113765,observed,381,2
2,362,1.7013770002449746,88.28587599964521,11.22,38.29,0.43,32.64,0.17,3.6,86.46,0.0,0.01,1,1,0,cruise,Unknown,0.2877535799522673,observed,382,2
2,363,1.4802420000705752,71.2484220002807,10.52,35.65,0.38,20.96,0.15,1.91,69.66,0.0,0.01,1,1,0,cruise,Unknown,0.05699582338902148,observed,383,2
2,364,1.4638040001955233,71.73957699978928,10.78,36.72,0.42,19.67,0.15,2.31,70.16,0.0,0.01,1,1,0,cruise,Unknown,0.05608426146910634,observed,384,2
2,365,1.6550390000702464,62.768892999883974,11.06,35.29,0.51,11.86,0.16,2.02,60.99,0.0,0.01,1,1,1,slow_down,Unknown,0.03198587907716786,observed,385,2
2,366,2.3817960000087623,103.47245699995256,21.24,57.39,0.52,19.14,0.16,2.37,100.93,0.0,0.01,1,1,1,slow_down,Unknown,0.041406457173163616,observed,386,2
2,367,1.9210399996154592,76.44166099998984,10.48,37.73,0.37,22.24,0.21,3.25,74.37,0.0,0.01,1,1,0,cruise,Unknown,0.09277877220896313,observed,387,2
2,368,1.6257649995168322,86.4626140000837,12.0,43.92,0.42,25.66,0.16,2.45,84.71,0.0,0.01,1,1,0,cruise,Unknown,0.09407816229116946,observed,388,2
2,369,1.4465760004895856,76.42488600049546,12.61,38.54,0.43,20.45,0.15,2.57,74.84,0.0,0.01,1,1,0,cruise,Unknown,0.07934234950941395,observed,389,2
2,370,1.4404000003196415,70.26536400007899,10.77,35.31,0.44,19.39,0.18,2.51,68.7,0.0,0.01,1,1,0,cruise,Unknown,0.07481934500132591,observed,390,2
2,371,1.40147500042076,67.33002199962357,9.65,35.66,0.37,17.79,0.17,2.09,65.82,0.0,0.01,1,1,0,cruise,Unknown,0.038350238663484484,observed,391,2
2,372,1.1841390005429275,84.2382210003052,11.61,50.91,0.59,17.48,0.19,2.01,82.93,0.0,0.01,1,1,0,cruise,Unknown,0.0386402810925484,observed,392,2
2,373,1.477496000006795,63.5584050005491,10.85,35.94,0.5,12.34,0.23,1.99,61.95,0.0,0.01,1,1,0,cruise,Unknown,0.03938776186687881,observed,393,2
2,374,1.6442260002804687,61.0880009999164,10.22,34.5,0.36,11.89,0.13,2.11,59.3,0.0,0.01,1,1,0,cruise,Unknown,0.04534937682312384,observed,394,2
2,375,1.4059559998713667,69.92723799976375,10.63,33.92,0.39,20.4,0.23,2.73,68.4,0.0,0.01,1,1,0,cruise,Unknown,0.10036793953858393,observed,395,2
2,376,1.5115819996935898,71.99441699958697,10.34,34.75,0.39,22.12,0.17,2.51,70.37,0.0,0.01,1,1,0,cruise,Unknown,0.09776087244762663,observed,396,2
2,377,1.4498459995593294,73.35816999966482,10.35,35.76,0.44,22.53,0.2,2.43,71.79,0.0,0.01,1,1,0,cruise,Unknown,0.07741315300981172,observed,397,2
2,378,1.4008190000822651,75.36507100030576,11.08,36.1,0.47,22.9,0.18,2.99,73.81,0.0,0.01,1,1,0,cruise,Unknown,0.0905545611243702,observed,398,2
2,379,1.7252419993383228,77.17427299940027,10.73,35.91,0.47,24.94,0.15,3.02,75.32,0.0,0.01,1,1,0,cruise,Unknown,0.15744000265181649,observed,399,2
2,380,1.6792750002423418,76.96384200062312,10.8,35.74,0.36,25.2,0.17,2.81,75.16,0.0,0.01,1,1,0,cruise,Unknown,0.1609287987271281,observed,400,2
2,381,1.5749309995953809,70.67072999961965,11.15,35.45,0.43,19.4,0.16,2.28,68.97,0.0,0.01,1,1,0,cruise,Unknown,0.05678533545478653,observed,401,2
2,382,1.5047830002004048,75.12434500040399,10.17,36.55,0.48,23.5,0.17,2.51,73.5,0.0,0.01,1,1,0,cruise,Unknown,0.059273070803500395,observed,402,2
2,383,1.5888399993855273,65.90658999994048,10.11,35.77,0.31,15.82,0.16,1.92,64.2,0.0,0.01,1,1,0,cruise,Unknown,0.028848448687350835,observed,403,2
2,384,1.5190919993983698,64.15564700000687,10.55,35.4,0.42,13.74,0.17,2.09,62.49,0.0,0.01,1,1,0,cruise,Unknown,0.02833631662688942,observed,404,2
2,385,1.5754689993627835,70.56266800009325,10.12,36.22,0.36,19.72,0.17,2.16,68.86,0.0,0.01,1,1,0,cruise,Unknown,0.04650125961283479,observed,405,2
2,386,1.2906840001960518,69.96304600033909,11.07,34.74,0.36,18.49,0.26,3.45,68.51,0.0,0.01,1,1,0,cruise,Unknown,0.047558671439936355,observed,406,2
2,387,3.542047999872011,91.82844099996146,20.21,35.95,0.51,28.12,0.17,3.07,88.15,0.0,0.01,1,1,0,cruise,Unknown,0.1343178202068417,observed,407,2
2,388,1.5413110004374175,81.11575100065238,10.84,38.04,0.39,27.08,0.14,2.86,79.45,0.0,0.01,1,1,0,cruise,Unknown,0.12403705913550782,observed,408,2
2,389,1.3792299996566726,79.77805799964699,9.94,35.14,0.33,29.34,0.16,3.26,78.28,0.0,0.01,1,1,0,cruise,Unknown,0.28053566693184834,observed,409,2
2,390,1.7682719999356777,80.13001800009079,10.89,35.8,0.39,27.48,0.15,3.44,78.24,0.0,0.01,1,1,0,cruise,Unknown,0.2780462741978255,observed,410,2
2,391,1.3813769992339076,82.84290799929295,13.02,35.43,0.15,28.85,0.18,3.63,81.35,0.0,0.01,0,0,0,cruise,Unknown,0.2860729912490056,observed,411,2
2,392,1.5101959997991798,79.96991999971215,9.95,35.65,0.1,28.75,0.17,3.6,78.32,0.0,0.01,0,0,0,cruise,Unknown,0.28888557411827104,observed,412,2
2,393,1.5870619999986957,80.59494099961739,9.86,35.64,0.08,29.19,0.16,3.83,78.87,0.0,0.01,0,0,1,slow_down,Unknown,0.28865685494563775,observed,413,2
2,394,1.7399979997207993,82.0846699998583,10.58,35.76,0.09,29.67,0.25,3.73,80.21,0.0,0.01,0,0,1,slow_down,Unknown,0.28791766109785205,observed,414,2
2,395,1.5085509994605673,81.83836699936364,11.86,36.04,0.13,28.17,0.2,3.72,80.21,0.0,0.01,0,0,1,slow_down,Unknown,0.23774032086979582,observed,415,2
2,396,1.4481779999186983,80.33432000047469,10.73,35.91,0.09,28.18,0.19,3.54,78.76,0.0,0.01,0,0,1,slow_down,Unknown,0.23979713603818617,observed,416,2
2,397,1.4826970000285655,76.42981200024224,10.21,34.5,0.38,26.26,0.17,3.21,74.82,0.0,0.01,1,1,0,cruise,Unknown,0.24855973216653407,observed,417,2
2,398,1.7502219998277724,82.69115900020552,13.96,36.66,0.51,26.09,0.15,3.35,80.82,0.0,0.01,1,1,0,cruise,Unknown,0.25211979581012994,observed,418,2
2,399,1.451604999601841,93.93081500002154,11.04,37.41,0.36,39.68,0.2,3.55,92.35,0.0,0.01,1,1,2,slow_down,Unknown,0.25274131530098115,observed,419,2
2,400,1.5672360004828079,79.91646099981153,11.56,35.17,0.38,27.5,0.15,3.35,78.19,0.0,0.01,1,1,2,slow_down,Unknown,0.2497066428003182,observed,420,2
2,401,1.4008199996169424,80.77913399938552,10.14,34.6,0.08,30.54,0.14,3.65,79.25,0.0,0.01,0,0,1,slow_down,Unknown,0.3109122248740387,observed,421,2
2,402,1.674032000664738,81.13046000016766,11.22,34.14,0.11,30.19,0.14,3.41,79.32,0.0,0.01,0,0,1,slow_down,Unknown,0.3104647308406258,observed,422,2
2,403,1.5417670001625083,82.38308199997846,10.92,36.28,0.37,29.19,0.16,3.7,80.71,0.0,0.01,1,1,0,cruise,Unknown,0.3074632060461416,observed,423,2
2,404,1.5586100007567438,80.36440200066863,10.35,34.8,0.34,29.26,0.14,3.72,78.69,0.0,0.01,1,1,0,cruise,Unknown,0.30718808008485815,observed,424,2
2,405,1.45361100021546,82.72864300033689,9.41,36.01,0.29,31.55,0.18,3.65,81.17,0.0,0.01,1,1,0,cruise,Unknown,0.25748972421108457,observed,425,2
2,406,1.5441760006069671,83.42496000022948,10.36,35.38,0.34,31.98,0.16,3.44,81.77,0.0,0.01,1,1,0,cruise,Unknown,0.26145418987006097,observed,426,2
2,407,1.4851390005787835,90.36094600014621,10.61,36.05,0.35,37.57,0.2,3.87,88.75,0.0,0.01,1,1,0,cruise,Unknown,0.3095515115354017,observed,427,2
2,408,1.4883209996696678,86.428115999297,10.63,36.88,0.1,33.31,0.16,3.63,84.82,0.0,0.01,0,0,0,cruise,Unknown,0.31214034738796076,observed,428,2
2,409,1.4545510002790252,82.61256700006925,9.42,36.78,0.09,30.63,0.16,3.86,81.03,0.0,0.01,0,0,0,cruise,Unknown,0.28085388491116414,observed,429,2
2,410,1.401079000061145,86.80504099993414,13.48,35.58,0.09,32.44,0.15,3.45,85.29,0.0,0.01,0,0,0,cruise,Unknown,0.284518363829223,observed,430,2
2,411,1.50525299977744,90.26941799947963,10.17,36.64,0.09,34.85,0.23,6.51,88.6,0.0,0.01,0,0,0,cruise,Unknown,0.28424323786793954,observed,431,2
2,412,1.453632000448124,87.58536400000594,15.05,35.89,0.09,31.13,0.14,3.63,86.02,0.0,0.01,0,0,0,cruise,Unknown,0.29072858658180856,observed,432,2
2,413,1.443479999579722,87.01673099949403,9.79,39.93,0.09,31.84,0.16,3.54,85.46,0.0,0.01,0,0,0,cruise,Unknown,0.28468410236011665,observed,433,2
2,414,1.5398659998027142,80.99111799947423,10.47,34.96,0.1,30.2,0.13,3.37,79.33,0.0,0.01,0,0,0,cruise,Unknown,0.28888557411827104,observed,434,2
2,415,1.6016720001061913,83.83737599979213,11.22,35.77,0.11,31.03,0.14,3.73,82.11,0.0,0.01,0,0,0,cruise,Unknown,0.2499055290373906,observed,435,2
2,416,1.3345279994609882,79.59643899994262,9.1,35.0,0.07,30.06,0.17,3.68,78.15,0.0,0.01,0,0,0,cruise,Unknown,0.24692555025192256,observed,436,2
2,417,1.395111999954679,80.74965600008,9.92,35.33,0.07,30.28,0.2,3.37,79.26,0.0,0.01,0,0,0,cruise,Unknown,0.3524164677804296,observed,437,2
2,418,1.3255630001367535,82.26036300038686,10.66,35.39,0.09,30.91,0.14,3.53,80.81,0.0,0.01,0,0,0,cruise,Unknown,0.3514303235216123,observed,438,2
2,419,1.447974999791768,83.76938099991094,11.72,35.41,0.11,30.99,0.16,3.71,82.2,0.0,0.01,0,0,0,cruise,Unknown,0.34066560594006895,observed,439,2
2,420,1.6403509998781374,82.22911499979091,10.52,35.05,0.1,30.79,0.17,3.75,80.48,0.0,0.01,0,0,0,cruise,Unknown,0.34076504905860516,observed,440,2
2,421,1.5336200003730482,82.94741600002453,9.96,34.24,0.26,31.13,0.23,5.36,81.29,0.0,0.01,1,1,1,slow_down,Unknown,0.3414329753381066,observed,441,2
2,422,1.4904059999025776,83.70828199986136,14.11,34.8,0.31,29.1,0.2,3.48,82.09,0.0,0.01,1,1,1,slow_down,Unknown,0.34159374171307344,observed,442,2
2,423,1.538642999548756,81.86857500004407,11.03,34.73,0.11,30.48,0.14,3.62,80.21,0.0,0.01,0,0,1,slow_down,Unknown,0.3432627287191726,observed,443,2
2,424,1.5171150007518008,95.54779900008725,10.19,49.52,0.09,30.36,0.14,3.51,93.91,0.0,0.01,0,0,1,slow_down,Unknown,0.34387430389817025,observed,444,2
2,425,1.4177450002534897,81.48945199991431,10.36,35.26,0.11,30.18,0.13,3.83,79.95,0.0,0.01,0,0,0,cruise,Unknown,0.3451173428798727,observed,445,2
2,426,1.6834690004543518,83.33826099988073,10.77,35.91,0.09,30.78,0.16,3.74,81.54,0.0,0.01,0,0,0,cruise,Unknown,0.3450759082471493,observed,446,2
2,427,1.4280100003816187,83.50759800032392,10.29,36.92,0.07,31.07,0.17,3.33,81.95,0.0,0.01,0,0,0,cruise,Unknown,0.3394789180588703,observed,447,2
2,428,1.3621850002891733,81.32382999974652,9.9,35.67,0.07,30.85,0.12,3.17,79.86,0.0,0.01,0,0,0,cruise,Unknown,0.33688179527976664,observed,448,2
2,429,1.0253530008412781,81.38006800072617,10.66,35.21,0.08,30.52,0.13,3.55,80.25,0.0,0.01,0,0,0,cruise,Unknown,0.3136734287987271,observed,449,2
2,430,1.3689449997400516,86.79842200035637,11.7,36.23,0.08,33.48,0.16,3.49,85.28,0.0,0.01,0,0,0,cruise,Unknown,0.31551644126226464,observed,450,2
2,431,1.4179620002323645,101.02388499944936,12.3,38.43,0.08,44.63,0.2,3.68,99.49,0.0,0.01,0,0,0,cruise,Unknown,0.33449350304958897,observed,451,2
2,432,1.5606289998686407,84.97907699984353,10.8,36.67,0.11,31.95,0.13,3.48,83.25,0.0,0.03,0,0,0,cruise,Unknown,0.3360531026252983,observed,452,2
2,433,1.6118309995363234,87.92625200021575,10.58,35.09,0.25,36.3,0.17,3.65,86.18,0.0,0.05,1,1,0,cruise,Unknown,0.3273087377353487,observed,453,2
2,434,1.4995729998190654,85.30670099935378,12.52,34.77,0.3,31.93,0.17,3.86,83.66,0.0,0.01,1,1,0,cruise,Unknown,0.3280263855741183,observed,454,2
2,435,1.5279690005627344,83.43190699997649,11.51,35.82,0.25,30.57,0.14,3.37,81.78,0.0,0.01,1,0,0,cruise,Unknown,0.31288285600636434,observed,455,2
2,436,1.4717350004502805,104.43227799987653,10.48,50.31,0.36,37.25,0.24,4.07,102.83,0.0,0.01,1,0,0,cruise,Unknown,0.3114608194112967,observed,456,2
2,437,1.5539180003543152,82.90214699991338,10.86,34.91,0.37,31.22,0.16,3.6,81.22,0.0,0.01,1,1,0,cruise,Unknown,0.3114127552373376,observed,457,2
2,438,1.4240519994928036,84.73894999951881,11.34,35.32,0.33,32.53,0.14,3.44,83.2,0.0,0.01,1,1,0,cruise,Unknown,0.31086913285600637,observed,458,2
2,439,1.5068419997987803,83.90649499961,11.6,35.61,0.36,30.51,0.15,3.95,82.28,0.0,0.01,1,1,0,cruise,Unknown,0.32394756032882527,observed,459,2
2,440,1.5700070007369504,83.40569600022718,10.6,35.68,0.32,31.05,0.2,3.77,81.72,0.0,0.01,1,1,0,cruise,Unknown,0.3278324714929727,observed,460,2
2,441,1.4914680004949332,83.41549899978418,11.18,35.42,0.46,30.92,0.16,3.55,81.79,0.0,0.01,2,1,0,cruise,Unknown,0.3054262795014585,observed,461,2
2,442,1.6857239997989382,83.90957499977958,11.03,35.77,0.43,30.63,0.18,3.96,82.1,0.0,0.01,2,1,0,cruise,Unknown,0.30716321930522406,observed,462,2
2,443,1.5652680003768182,79.58412599964504,10.6,36.17,0.44,26.19,0.23,4.11,77.87,0.0,0.01,2,2,0,slow_down,Unknown,0.2843824582338902,observed,463,2
2,444,1.4972710005167755,79.12938300069072,10.63,35.9,0.43,26.45,0.17,3.83,77.51,0.0,0.01,2,2,0,slow_down,Unknown,0.28117044550517106,observed,464,2
2,445,1.4901380000083009,83.12744700015173,11.38,35.46,0.35,30.62,0.16,3.44,81.5,0.0,0.01,1,1,0,cruise,Unknown,0.2718857730045081,observed,465,2
2,446,1.4633769997089985,81.06031100032851,10.69,34.73,0.44,29.8,0.15,3.57,79.48,0.0,0.01,1,1,0,cruise,Unknown,0.2717664412622646,observed,466,2
2,447,1.3911759997426998,82.39099200000055,10.54,35.18,0.41,30.89,0.16,3.55,80.83,0.0,0.01,1,1,0,cruise,Unknown,0.27540108724476264,observed,467,2
2,448,1.5564249997623847,93.72476600037771,10.19,40.65,0.43,36.7,0.17,3.8,92.04,0.0,0.01,1,1,0,cruise,Unknown,0.28068648899496157,observed,468,2
2,449,1.151993999883416,87.17842500027473,11.21,35.4,0.38,34.98,0.15,3.67,85.87,0.0,0.01,1,1,0,cruise,Unknown,0.283028374436489,observed,469,2
2,450,1.96726000012859,112.376248000146,10.49,37.82,0.35,53.01,0.35,8.01,110.2,0.0,0.02,1,1,0,cruise,Unknown,0.28177539114293293,observed,470,2
2,451,1.4663749998362618,132.7568369997607,17.18,61.86,0.52,44.84,0.19,6.38,131.1,0.0,0.01,1,1,0,cruise,Unknown,0.2874685096791302,observed,471,2
2,452,3.194986000380595,136.46266800060403,22.42,56.52,0.64,46.89,0.2,6.26,133.11,0.0,0.01,1,1,0,cruise,Unknown,0.28905959957570937,observed,472,2
2,453,2.826378999998269,124.11144300040178,13.9,53.26,0.5,47.37,0.28,5.7,121.14,0.0,0.01,1,1,0,cruise,Unknown,0.2852741315300981,observed,473,2
2,454,3.688753000460565,129.32278900007077,13.97,55.6,0.46,48.79,0.24,6.28,125.48,0.0,0.01,1,1,0,cruise,Unknown,0.28288915407053833,observed,474,2
2,455,3.3136189995275345,123.35076899944397,12.74,52.31,0.38,47.76,0.26,6.3,119.89,0.0,0.01,1,1,1,slow_down,Unknown,0.30474675152479447,observed,475,2
2,456,3.8294159994620713,128.0209360002118,14.65,54.74,0.38,46.23,0.19,7.72,124.04,0.0,0.01,1,1,1,slow_down,Unknown,0.3026203261734288,observed,476,2
2,457,3.414867999708804,137.14046099994448,17.79,59.41,0.43,48.81,0.25,6.66,133.54,0.0,0.02,1,1,1,slow_down,Unknown,0.3273352559002917,observed,477,2
2,458,3.715968000506109,125.84012800016353,13.26,55.79,0.5,46.55,0.2,5.56,121.98,0.0,0.01,1,1,1,slow_down,Unknown,0.3275573455316892,observed,478,2
2,459,1.6707590002624784,123.5097090002455,14.52,52.89,0.5,46.98,0.28,6.38,121.69,0.0,0.01,1,1,0,cruise,Unknown,0.30549588968443386,observed,479,2
2,460,3.085223999732989,132.97338399934233,15.37,55.11,0.44,51.41,0.3,6.93,129.71,0.0,0.01,1,1,0,cruise,Unknown,0.30643231238398305,observed,480,2
2,461,3.2980659998429473,133.76940699981787,16.65,53.97,0.17,52.81,0.34,6.21,130.31,0.0,0.02,0,0,0,cruise,Unknown,0.28891374966852296,observed,481,2
2,462,3.3353489998262376,130.38474600034533,14.51,59.06,0.18,47.3,0.19,5.5,126.89,0.0,0.01,0,0,0,cruise,Unknown,0.28940433571996815,observed,482,2
2,463,2.8513990000647027,125.18287500006409,13.79,53.51,0.48,47.69,0.27,6.33,122.19,0.0,0.01,1,1,0,cruise,Unknown,0.2965609254839565,observed,483,2
2,464,3.782171999773709,132.1907649999048,14.63,55.11,0.42,53.83,0.22,3.95,128.28,0.0,0.02,1,1,0,cruise,Unknown,0.2962244762662424,observed,484,2
2,465,3.1296560000555473,137.95205200040073,13.96,62.53,0.47,50.62,0.31,6.25,134.29,0.0,0.02,1,1,0,cruise,Unknown,0.32518728453990986,observed,485,2
2,466,3.6510999998426996,132.08831800056942,18.38,56.36,2.23,44.88,0.2,6.1,128.29,0.0,0.01,1,1,0,cruise,Unknown,0.3235779634049324,observed,486,2
2,467,4.304409999349446,122.84791499951098,12.0,52.53,0.43,47.15,0.2,5.95,118.4,0.0,0.01,1,1,0,cruise,Unknown,0.32102393264386103,observed,487,2
2,468,3.7650260001100833,121.93576500067138,12.58,54.3,0.38,44.3,0.19,6.17,118.03,0.0,0.01,1,1,0,cruise,Unknown,0.32205648369132855,observed,488,2
2,469,1.609098000699305,133.17185200048698,12.6,57.65,0.4,52.14,0.27,8.18,131.39,0.0,0.01,1,1,0,cruise,Unknown,0.31375464067886505,observed,489,2
2,470,3.5257580002507893,145.37785799984704,15.49,65.03,0.49,53.7,0.28,6.5,141.65,0.0,0.02,1,1,0,cruise,Unknown,0.3150507159904535,observed,490,2
2,471,3.1970150002962328,137.23084600042057,18.16,59.76,0.46,49.01,0.24,6.08,133.85,0.0,0.01,1,1,0,cruise,Unknown,0.3137844736144259,observed,491,2
2,472,1.5341930002250592,103.30120700018597,16.28,50.05,0.49,30.84,0.17,3.68,101.64,0.0,0.01,1,1,0,cruise,Unknown,0.31484685759745423,observed,492,2
2,473,1.5127219994610641,93.81858599954285,10.42,35.06,0.38,40.68,0.27,5.27,92.19,0.0,0.01,2,1,0,cruise,Unknown,0.3271214531954389,observed,493,2
2,474,1.5458899997611297,85.50200999980007,10.64,37.96,0.5,30.81,0.14,3.69,83.84,0.0,0.01,2,1,0,cruise,Unknown,0.3268015778308141,observed,494,2
2,475,1.4534769998135744,81.90865199958353,9.94,35.41,0.46,30.39,0.17,3.87,80.32,0.0,0.01,2,2,1,slow_down,Unknown,0.31854448422169185,observed,495,2
2,476,1.4733890002389671,82.40962600029889,10.39,34.87,0.4,31.13,0.14,3.79,80.81,0.0,0.01,2,2,1,slow_down,Unknown,0.31651750198886236,observed,496,2
2,477,1.5506469999309047,81.30345700010366,10.72,34.63,0.45,29.99,0.14,3.6,79.63,0.0,0.01,2,2,1,slow_down,Unknown,0.32199184566428,observed,497,2
2,478,1.5322859999287175,84.43067200005316,11.73,35.49,0.47,30.88,0.15,3.94,82.77,0.0,0.01,2,2,1,slow_down,Unknown,0.32030462741978255,observed,498,2
2,479,1.3776249998045387,82.70391399946675,10.63,35.62,0.43,30.54,0.17,3.7,81.19,0.0,0.01,2,2,1,slow_down,Unknown,0.30049555820737206,observed,499,2
2,480,1.3552609998441767,85.06004700029735,10.34,35.58,0.44,33.31,0.15,3.6,83.58,0.0,0.02,2,2,0,cruise,Unknown,0.2958051577830814,observed,500,2
2,481,1.4733819998582476,85.04424399961863,10.45,34.4,0.36,33.87,0.24,4.02,83.44,0.0,0.01,1,1,0,cruise,Unknown,0.30298992309732165,observed,501,2
2,482,1.5866710000409512,83.83602499998233,11.39,35.18,0.37,31.26,0.14,3.68,82.11,0.0,0.01,1,1,0,cruise,Unknown,0.2995110713338637,observed,502,2
2,483,1.6185229997063288,83.99369800008571,10.9,35.17,0.53,31.55,0.15,3.84,82.23,0.0,0.01,2,2,0,cruise,Unknown,0.33411727658446033,observed,503,2
2,484,1.4638990005551022,81.96855100050016,10.43,35.3,0.43,30.49,0.16,3.46,80.37,0.0,0.01,2,2,0,cruise,Unknown,0.33227592150623175,observed,504,2
2,485,1.3862590003554942,87.39079599945399,9.9,35.9,0.44,32.56,0.24,6.64,85.8,0.0,0.01,2,2,1,slow_down,Unknown,0.32119795810129936,observed,505,2
2,486,1.5008500004114467,101.10229699967022,15.72,47.02,0.62,32.07,0.14,3.78,99.48,0.0,0.01,2,2,1,slow_down,Unknown,0.3217034606205251,observed,506,2
2,487,1.4830649997747969,84.25617499960936,10.32,35.5,0.37,32.63,0.17,3.57,82.65,0.0,0.01,2,2,2,slow_down,Unknown,0.3237354150092814,observed,507,2
2,488,1.3430690005407087,85.48896499996772,9.67,37.32,0.35,32.53,0.15,3.9,84.02,0.0,0.01,2,2,1,slow_down,Unknown,0.32331941129673825,observed,508,2
2,489,1.4826050000920077,85.77229300044564,10.5,34.44,0.36,34.93,0.17,3.64,84.15,0.0,0.01,2,2,1,slow_down,Unknown,0.3244215725271811,observed,509,2
2,490,1.5140430004976224,84.9727510003504,11.46,35.26,0.4,32.34,0.13,3.64,83.33,0.0,0.01,2,2,1,slow_down,Unknown,0.324216056748873,observed,510,2
2,491,1.3774360004390473,84.43088500007434,10.86,35.66,0.44,31.96,0.14,3.77,82.93,0.0,0.01,2,2,1,slow_down,Unknown,0.32581046141607,observed,511,2
2,492,1.4931120003893739,89.42403600030957,12.08,38.64,0.5,32.72,0.15,3.6,87.8,0.0,0.01,2,2,1,slow_down,Unknown,0.32556351100503844,observed,512,2
2,493,1.462371999878087,84.43257799990533,10.59,35.53,0.47,32.09,0.17,3.91,82.85,0.0,0.01,2,2,1,slow_down,Unknown,0.30230542296473084,observed,513,2
2,494,1.488357000198448,86.2721719995534,10.79,36.13,0.37,33.32,0.17,3.76,84.67,0.0,0.01,2,2,1,slow_down,Unknown,0.3026269557146645,observed,514,2
2,495,1.5498319999096566,85.83062199977576,10.72,34.75,0.48,34.09,0.17,3.84,84.16,0.0,0.01,2,2,1,slow_down,Unknown,0.3219089763988332,observed,515,2
2,496,1.5557990000161226,83.06177800022851,10.14,35.79,0.37,30.85,0.16,3.97,81.37,0.0,0.01,2,2,1,slow_down,Unknown,0.32353155661628213,observed,516,2
2,497,1.537893000204349,89.49605599991628,11.24,35.82,0.54,31.47,0.27,8.33,87.8,0.0,0.01,2,2,1,slow_down,Unknown,0.3209808406258287,observed,517,2
2,498,1.497567000114941,100.58004800066556,15.45,43.04,0.49,35.18,0.21,4.43,98.93,0.0,0.01,2,2,1,slow_down,Unknown,0.32061953062848053,observed,518,2
2,499,1.7044639998857747,88.8838159999068,12.43,38.5,0.51,31.45,0.16,3.87,87.03,0.0,0.01,2,2,0,cruise,Unknown,0.31775225404402013,observed,519,2
2,500,1.7190210000990191,84.47654999963561,10.46,36.62,0.42,31.41,0.14,3.48,82.62,0.0,0.01,2,2,0,cruise,Unknown,0.3176992177141342,observed,520,2
2,501,1.5801539993844926,84.94077699924674,10.1,37.01,0.41,31.69,0.18,3.75,83.22,0.0,0.01,2,2,0,cruise,Unknown,0.32261667992574916,observed,521,2
2,502,1.6525780001757084,86.06775899988861,10.72,37.15,0.43,31.72,0.19,3.91,84.21,0.0,0.01,2,2,0,cruise,Unknown,0.3206924555820737,observed,522,2
2,503,1.5475649997824803,87.8672259996165,10.91,35.54,0.4,35.02,0.19,3.94,86.15,0.0,0.01,2,2,0,cruise,Unknown,0.3251988862370724,observed,523,2
2,504,2.5475869997535483,85.62150099987775,12.75,35.02,0.52,30.66,0.2,3.69,82.95,0.0,0.01,2,2,0,cruise,Unknown,0.3247961416070008,observed,524,2
2,505,1.5044130004753242,84.49179699982778,10.32,35.64,0.42,32.21,0.23,3.94,82.86,0.0,0.01,2,2,0,cruise,Unknown,0.3161727658446036,observed,525,2
2,506,1.6574090004723985,85.42646600017179,11.01,35.65,0.41,32.21,0.19,4.03,83.61,0.0,0.01,2,2,0,cruise,Unknown,0.31771413418191463,observed,526,2
2,507,1.6665659995851456,86.74833199984278,11.66,36.14,0.41,32.21,0.2,4.19,84.94,0.0,0.01,2,2,0,cruise,Unknown,0.3146330548926014,observed,527,2
2,508,1.5330810001614736,84.35264799936704,11.06,35.95,0.43,31.17,0.18,3.79,82.67,0.0,0.01,2,2,0,cruise,Unknown,0.31313146380270485,observed,528,2
2,509,1.5032960000098683,92.53589099989767,10.65,36.65,0.39,36.92,0.22,5.91,90.87,0.0,0.01,2,2,0,cruise,Unknown,0.30924986740917526,observed,529,2
2,510,3.0270349998318125,88.63368200036348,15.18,35.47,0.44,30.58,0.15,3.57,85.49,0.0,0.01,2,2,0,cruise,Unknown,0.3101017634579687,observed,530,2
2,511,1.6863680002643378,83.15209699958359,10.88,35.6,0.45,30.44,0.15,3.67,81.32,0.0,0.01,2,2,0,cruise,Unknown,0.3100072924953593,observed,531,2
2,512,1.709338999717147,86.7165899999236,10.44,35.1,0.46,34.39,0.2,4.16,84.86,0.0,0.01,2,2,0,cruise,Unknown,0.3097354813046937,observed,532,2
2,513,1.6332860004695249,86.17452399994363,11.27,36.36,0.46,32.1,0.16,3.92,84.39,0.0,0.01,2,2,0,cruise,Unknown,0.3139767303102625,observed,533,2
2,514,1.1826110003312351,87.35387300021102,11.99,36.49,0.43,33.09,0.15,3.79,86.04,0.0,0.01,2,2,0,cruise,Unknown,0.3129375497215593,observed,534,2
2,515,2.252095000585541,93.26923099979467,13.85,38.81,0.58,33.41,0.17,3.92,90.87,0.0,0.01,2,2,0,cruise,Unknown,0.31221161495624505,observed,535,2
2,516,1.5116599997782032,87.38713699949585,11.03,37.85,0.5,32.13,0.16,3.95,85.73,0.0,0.01,2,2,0,cruise,Unknown,0.31543854415274464,observed,536,2
2,517,1.4670459995613783,84.61796299980051,10.32,35.66,0.42,32.42,0.21,3.85,83.0,0.0,0.01,2,2,0,cruise,Unknown,0.32119795810129936,observed,537,2
2,518,1.643558999603556,88.08402999966347,11.49,36.68,0.44,33.62,0.2,3.73,86.28,0.0,0.01,2,2,1,slow_down,Unknown,0.3225735879077168,observed,538,2
2,519,1.4865450002616853,86.59660600005736,11.3,36.16,0.46,32.8,0.18,3.96,84.96,0.0,0.01,2,2,1,slow_down,Unknown,0.323927671705118,observed,539,2
2,520,1.6170469998542103,90.04335200006608,10.96,38.69,0.43,34.16,0.2,3.75,88.29,0.0,0.01,2,2,1,slow_down,Unknown,0.32265479978785466,observed,540,2
2,521,1.595474000168906,95.38253400023677,10.12,35.79,0.43,43.37,0.19,3.68,93.66,0.0,0.01,2,2,1,slow_down,Unknown,0.3252038583929992,observed,541,2
2,522,1.5052999997351435,82.9648629996882,10.99,35.5,0.44,30.18,0.17,3.95,81.32,0.0,0.01,2,2,1,slow_down,Unknown,0.32573587907716783,observed,542,2
2,523,1.5596449993608985,83.06406799965771,11.05,35.23,0.44,30.35,0.18,3.99,81.36,0.0,0.01,2,2,1,slow_down,Unknown,0.3195455449482896,observed,543,2
2,524,1.5244259993778542,85.02859799955331,10.28,37.78,0.37,30.98,0.14,3.71,83.38,0.0,0.01,2,2,1,slow_down,Unknown,0.320239989392734,observed,544,2
2,525,1.5195100004348205,81.41072700072982,10.26,35.76,0.42,29.66,0.14,3.42,79.77,0.0,0.01,2,2,0,cruise,Unknown,0.3110597321665341,observed,545,2
2,526,1.5324189998864313,85.31991899963032,10.8,34.57,0.45,33.62,0.22,3.79,83.6,0.0,0.01,2,2,0,cruise,Unknown,0.3108210686820472,observed,546,2
2,527,1.4858160002404475,81.44883600016328,10.85,34.95,0.42,29.9,0.16,3.46,79.84,0.0,0.02,2,2,0,cruise,Unknown,0.30540639087775123,observed,547,2
2,528,1.5376689998447546,79.68733799953043,9.89,34.74,0.37,29.56,0.16,3.23,78.04,0.0,0.01,2,2,0,cruise,Unknown,0.30452631927870594,observed,548,2
2,529,1.325619999988703,82.562797000719,10.17,35.69,0.46,30.85,0.18,3.66,81.12,0.0,0.01,2,2,0,cruise,Unknown,0.3204438477857332,observed,549,2
2,530,1.5832230001251446,82.24736299962387,10.92,34.74,0.43,30.58,0.16,3.59,80.54,0.0,0.01,2,2,0,cruise,Unknown,0.3179627419782551,observed,550,2
2,531,1.616117000594386,81.40400299998873,10.39,34.74,0.38,30.16,0.14,3.74,79.63,0.0,0.01,2,2,1,slow_down,Unknown,0.3108575311588438,observed,551,2
2,532,1.9294230005471036,83.91408600073191,10.79,34.55,0.41,32.04,0.18,3.81,81.86,0.0,0.01,2,2,0,cruise,Unknown,0.312291169451074,observed,552,2
2,533,1.49903599958634,85.92922200023168,10.46,35.43,0.42,31.31,0.34,6.17,84.26,0.0,0.01,2,2,0,cruise,Unknown,0.3124569079819676,observed,553,2
2,534,1.4366389996212092,91.74884499952896,15.02,40.61,0.65,29.73,0.15,3.89,90.17,0.0,0.01,2,2,0,cruise,Unknown,0.3094487536462477,observed,554,2
2,535,1.5323380002882914,81.35353800025769,10.79,34.55,0.43,30.15,0.18,3.51,79.7,0.0,0.01,2,2,0,cruise,Unknown,0.28450013259082474,observed,555,2
2,536,1.3224529993749456,81.9532799996523,10.03,36.66,0.36,29.57,0.14,3.66,80.5,0.0,0.01,2,2,0,cruise,Unknown,0.2862503314770618,observed,556,2
2,537,1.3325499994607526,81.39351199952216,9.82,35.54,0.39,30.53,0.14,3.43,79.94,0.0,0.01,2,2,0,cruise,Unknown,0.3008320074250862,observed,557,2
2,538,1.4046719998077606,85.83349599939538,10.73,34.36,0.46,34.7,0.18,3.76,84.31,0.0,0.01,2,2,0,cruise,Unknown,0.3040672235481305,observed,558,2
2,539,1.4539600006173714,82.94317400032014,10.86,35.58,0.33,30.67,0.15,3.69,81.37,0.0,0.01,2,2,0,cruise,Unknown,0.31537224874038716,observed,559,2
2,540,1.528304999737884,80.84962100019766,10.14,34.84,0.43,30.02,0.17,3.52,79.2,0.0,0.01,2,2,0,cruise,Unknown,0.31384082471492974,observed,560,2
2,541,1.4786530000492348,93.23496300021361,9.88,34.77,0.39,40.26,0.26,5.9,91.58,0.0,0.01,2,2,0,cruise,Unknown,0.3028009811721029,observed,561,2
2,542,1.6478349998578778,82.60467299987795,12.14,34.69,0.4,29.66,0.14,3.68,80.81,0.0,0.01,2,2,0,cruise,Unknown,0.29826968973747015,observed,562,2
2,543,1.4188869999998133,79.832393000288,10.32,34.46,0.36,29.19,0.14,3.74,78.29,0.0,0.01,2,2,0,cruise,Unknown,0.29005071599045346,observed,563,2
2,544,1.5111319999050465,87.03104699998221,10.82,36.31,0.42,32.03,0.24,5.46,85.39,0.0,0.01,2,2,0,cruise,Unknown,0.29226664014850173,observed,564,2
2,545,1.664883000557893,87.29592300005606,13.55,36.6,0.56,30.99,0.19,3.53,85.51,0.0,0.01,3,2,0,cruise,Unknown,0.2838603818615752,observed,565,2
2,546,1.5036020004117745,98.34563200001867,10.86,49.62,0.5,32.17,0.14,3.33,96.72,0.0,0.01,2,2,0,cruise,Unknown,0.2826836382922302,observed,566,2
2,547,1.7309439999735332,85.3973009998299,10.91,34.82,0.53,31.85,0.17,5.12,83.52,0.0,0.01,3,2,0,cruise,Unknown,0.284127220896314,observed,567,2
2,548,1.4029180001671193,82.41139799974917,10.59,34.6,0.42,31.43,0.17,3.55,80.84,0.0,0.01,2,2,0,cruise,Unknown,0.2839548528241846,observed,568,2
2,549,1.3450729993564892,80.49965999998676,9.96,34.63,0.38,30.42,0.19,3.37,79.04,0.0,0.01,2,2,0,cruise,Unknown,0.2929627419782551,observed,569,2
2,550,2.2444189999077935,81.93836999998894,10.0,35.16,0.41,30.15,0.16,3.59,79.57,0.0,0.01,2,2,0,cruise,Unknown,0.29565267833465925,observed,570,2
2,551,1.9750630008275039,84.85596200080181,10.25,35.4,0.47,32.69,0.17,3.69,82.75,0.0,0.01,2,2,0,cruise,Unknown,0.30412523203394326,observed,571,2
2,552,1.4788959997531492,81.60446900001261,9.98,34.71,0.41,30.83,0.14,3.81,79.97,0.0,0.01,2,2,0,cruise,Unknown,0.30430257226199947,observed,572,2
2,553,1.443471000129648,83.59506500073621,10.24,34.69,0.5,32.62,0.16,3.7,82.04,0.0,0.01,2,2,0,cruise,Unknown,0.3136651418721824,observed,573,2
2,554,1.409163000062108,85.36984400052461,10.94,36.81,0.46,31.59,0.19,3.74,83.82,0.0,0.01,2,2,0,cruise,Unknown,0.30960952002121456,observed,574,2
2,555,1.4290939998318208,80.34380200024316,10.29,34.32,0.44,29.71,0.18,3.77,78.8,0.0,0.01,2,2,0,cruise,Unknown,0.3098150357995227,observed,575,2
2,556,1.3505829992936924,82.40283999930398,9.93,35.16,0.5,31.47,0.19,3.59,80.94,0.0,0.01,2,2,0,cruise,Unknown,0.31342647838769555,observed,576,2
2,557,1.4339090002977173,79.91468499949406,9.98,34.86,0.42,29.39,0.18,3.44,78.37,0.0,0.01,2,2,0,cruise,Unknown,0.3091868867674357,observed,577,2
2,558,1.4362090005306527,90.07111900064046,10.59,36.16,0.48,37.33,0.22,3.62,88.51,0.0,0.01,2,2,0,cruise,Unknown,0.30987304428533546,observed,578,2
2,559,1.520586999504303,81.92300900009286,10.72,35.37,0.44,29.6,0.13,3.94,80.29,0.0,0.01,2,2,0,cruise,Unknown,0.31728487138690004,observed,579,2
2,560,1.3381030003074557,82.22847700017155,12.19,34.59,0.51,29.9,0.13,3.33,80.76,0.0,0.01,2,2,0,cruise,Unknown,0.31280993105277116,observed,580,2
2,561,1.52601300032984,80.55702700039546,10.18,34.72,0.59,29.71,0.14,3.46,78.91,0.0,0.01,2,2,0,cruise,Unknown,0.2963603818615752,observed,581,2
2,562,1.5549199997622054,85.66877900011605,10.21,38.5,0.5,30.93,0.17,3.56,83.98,0.0,0.01,2,2,0,cruise,Unknown,0.2970564836913286,observed,582,2
2,563,1.4496379999400233,82.13620300011826,11.08,35.11,0.46,29.91,0.15,3.74,80.54,0.0,0.01,2,2,0,cruise,Unknown,0.2831957703526916,observed,583,2
2,564,1.4346569996632752,85.20351900006062,10.41,34.97,0.43,33.2,0.21,4.29,83.61,0.0,0.01,2,2,0,cruise,Unknown,0.2878430787589499,observed,584,2
2,565,1.6662090001773322,89.75039199958701,11.47,38.03,0.51,33.5,0.21,4.08,87.93,0.0,0.02,2,2,0,cruise,Unknown,0.25984486873508356,observed,585,2
2,566,1.5229410000756616,83.38831099990784,11.09,35.99,0.43,30.46,0.13,3.53,81.72,0.0,0.01,2,2,0,cruise,Unknown,0.26321267568284273,observed,586,2
2,567,1.5350239991676062,85.41537699966284,11.55,36.3,0.5,30.95,0.22,4.14,83.75,0.0,0.01,2,2,0,cruise,Unknown,0.2644905197560329,observed,587,2
2,568,1.6729899998608744,86.82822100035992,10.78,37.45,0.51,31.92,0.22,4.05,85.01,0.0,0.01,2,2,0,cruise,Unknown,0.2663931980906921,observed,588,2
2,569,1.7365060002703103,83.54656800020166,10.13,35.69,0.46,31.18,0.15,3.93,81.65,0.0,0.01,2,2,0,cruise,Unknown,0.2839101034208433,observed,589,2
2,570,1.680515999396448,97.77385599954869,11.11,36.08,0.43,44.35,0.2,3.69,95.96,0.0,0.01,2,2,0,cruise,Unknown,0.2841918589233625,observed,590,2
2,571,1.6218900000239955,87.65378200041596,11.43,36.31,0.51,33.53,0.2,3.79,85.87,0.0,0.01,2,2,0,cruise,Unknown,0.2868917395916203,observed,591,2
2,572,1.4885239997965982,89.26447300018481,11.14,37.71,0.48,33.89,0.19,4.1,87.61,0.0,0.01,2,2,0,cruise,Unknown,0.2821632193052241,observed,592,2
2,573,1.6701019994798116,92.7336569993713,11.65,37.63,0.53,36.84,0.27,3.88,90.92,0.0,0.01,2,2,0,cruise,Unknown,0.2718211349774596,observed,593,2
2,574,1.610641000297619,85.56890900035796,11.41,36.57,0.49,30.99,0.2,4.01,83.81,0.0,0.01,2,2,0,cruise,Unknown,0.27419616812516573,observed,594,2
2,575,1.5003039998191525,84.47821800018573,11.13,36.04,0.41,30.92,0.17,4.07,82.85,0.0,0.01,2,2,0,cruise,Unknown,0.23081410766374966,observed,595,2
2,576,1.629448000130651,85.40309900035936,10.52,37.22,0.65,31.06,0.2,3.87,83.64,0.0,0.01,2,2,0,cruise,Unknown,0.23696797931583136,observed,596,2
2,577,1.5713650000179769,90.92196999972657,11.23,38.23,0.59,34.76,0.35,3.95,89.22,0.0,0.01,2,2,0,cruise,Unknown,0.24931881463802705,observed,597,2
2,578,1.2649649997911183,83.52534899950115,11.67,36.34,0.57,29.67,0.15,3.64,82.13,0.0,0.01,2,2,0,cruise,Unknown,0.2501856271546009,observed,598,2
2,579,2.6721790000010515,89.06737899997097,10.4,36.5,0.58,33.84,0.16,4.66,86.24,0.0,0.01,2,2,0,cruise,Unknown,0.263860713338637,observed,599,2
2,580,1.6100389993880526,87.64926599997125,13.95,35.97,0.76,31.34,0.15,3.6,85.89,0.0,0.01,2,2,0,cruise,Unknown,0.2638723150357995,observed,600,2
2,581,1.5196529993772856,83.70329399986076,10.28,35.67,0.47,31.85,0.15,3.52,82.06,0.0,0.01,2,2,0,cruise,Unknown,0.27780429594272077,observed,601,2
2,582,1.6813479996926617,95.37380699930509,10.23,43.45,0.46,34.99,0.2,4.1,93.55,0.0,0.01,2,2,0,cruise,Unknown,0.27769988066825774,observed,602,2
2,583,1.6470729997308808,87.0292210001935,12.79,35.75,0.57,31.86,0.16,4.03,85.25,0.0,0.01,2,2,1,slow_down,Unknown,0.26265910898965794,observed,603,2
2,584,1.3715929999307264,83.22814800067135,10.03,34.92,0.41,32.22,0.18,3.87,81.73,0.0,0.01,2,2,1,slow_down,Unknown,0.27339565102094937,observed,604,2
2,585,1.561258000037924,93.88625199972012,10.84,40.76,0.47,35.32,0.24,4.41,92.17,0.0,0.01,2,2,1,slow_down,Unknown,0.27737006099177935,observed,605,2
2,586,1.6736420002416708,84.19030500044755,11.39,35.69,0.43,30.72,0.15,3.89,82.37,0.0,0.01,2,2,1,slow_down,Unknown,0.2783711217183771,observed,606,2
2,587,1.4682589999210904,85.68452400049864,10.79,36.08,0.5,32.94,0.14,3.55,84.09,0.0,0.01,2,2,1,slow_down,Unknown,0.26398998939273405,observed,607,2
2,588,1.5350870007750927,93.69422600047983,10.71,35.3,0.44,36.97,0.23,8.19,91.95,0.0,0.01,2,2,1,slow_down,Unknown,0.2667047865287722,observed,608,2
2,589,1.5263600007529021,134.66637300007278,18.53,58.18,0.77,48.97,0.27,6.11,132.98,0.0,0.02,2,2,1,slow_down,Unknown,0.27922136038186157,observed,609,2
2,590,1.493581999966409,119.8362269997233,13.13,52.24,0.47,45.86,0.31,6.03,118.19,0.0,0.01,2,2,1,slow_down,Unknown,0.27909871386900026,observed,610,2
2,591,1.3825629994244082,125.81659999978001,12.25,54.88,0.69,49.54,0.24,6.51,124.24,0.0,0.01,3,2,1,slow_down,Unknown,0.3183290241315301,observed,611,2
2,592,1.5226929999698768,133.69641400004184,12.44,53.67,0.64,56.82,0.24,7.99,131.94,0.0,0.02,3,2,1,slow_down,Unknown,0.3125596658711217,observed,612,2
2,593,3.9175299998532864,132.322476999434,17.59,56.84,0.64,46.34,0.22,6.46,128.23,0.0,0.01,2,2,1,slow_down,Unknown,0.29122248740387163,observed,613,2
