repeat,frame,read_ms,wall_ms,detection_ms,segmentation_ms,tracking_ms,anomaly_ms,decision_ms,visualization_ms,total_ms,zero_shot_ms,signal_ms,detections,tracks,anomalies,action,traffic_signal,road_mask_coverage,road_status,source_frame,torch_threads
0,0,3.0116990001261,193.55753799982267,12.91,51.42,0.83,119.32,0.3,5.47,190.4,0.0,0.01,3,3,0,cruise,Unknown,0.1786064704322461,observed,20,2
0,1,1.4835350002613268,205.6565220000266,14.65,53.18,0.74,128.52,0.25,6.51,203.99,0.0,0.01,3,3,0,cruise,Unknown,0.2751011005038451,observed,21,2
0,2,3.303851000055147,192.8170820001469,16.08,53.14,0.75,111.4,0.26,6.52,189.32,0.0,0.02,3,3,0,cruise,Unknown,0.27858160965261203,observed,22,2
0,3,1.079276999917056,205.60729499993613,16.77,60.69,0.55,119.97,0.27,5.92,204.33,0.0,0.01,3,3,1,slow_down,Unknown,0.33457968708565367,observed,23,2
0,4,4.006264000054216,207.17002399987905,17.26,55.09,0.99,123.05,0.29,6.18,203.01,0.0,0.02,3,3,1,slow_down,Unknown,0.3338305489260143,observed,24,2
0,5,3.9557539998895663,188.62237399980586,12.62,54.7,0.77,110.15,0.27,5.84,184.5,0.0,0.02,4,3,2,slow_down,Unknown,0.2972305091487669,observed,25,2
0,6,2.355967999847053,197.43846199980908,15.46,51.95,0.83,121.12,0.25,5.15,194.9,0.0,0.01,4,3,2,slow_down,Unknown,0.2859818350570141,observed,26,2
0,7,1.1498220001158188,210.57757400012633,17.91,61.96,0.88,121.45,0.43,6.43,209.24,0.0,0.01,3,3,2,slow_down,Unknown,0.27968542826836384,observed,27,2
0,8,2.902379000261135,193.78606400005083,16.42,56.49,0.83,112.55,0.2,4.08,190.72,0.0,0.02,3,3,2,slow_down,Unknown,0.2801909307875895,observed,28,2
0,9,2.417968999907316,166.19863199957763,10.39,49.01,0.56,99.4,0.21,3.9,163.61,0.0,0.03,3,3,1,slow_down,Unknown,0.2610033810660302,observed,29,2
0,10,2.0363950002320053,128.47143299995878,10.69,36.16,0.55,75.07,0.2,3.52,126.28,0.0,0.01,3,3,1,slow_down,Unknown,0.2666103155661628,observed,30,2
0,11,1.3317510001797928,128.12289400017107,10.78,35.28,0.64,76.13,0.16,3.58,126.65,0.0,0.01,3,3,0,cruise,Unknown,0.2896628878281623,observed,31,2
0,12,1.5924510003060277,124.169479000102,9.85,34.05,0.45,74.53,0.17,3.32,122.46,0.0,0.01,3,3,0,cruise,Unknown,0.2909075841951737,observed,32,2
0,13,1.39253599991207,125.08240899978773,10.09,35.02,0.49,73.88,0.27,3.71,123.56,0.0,0.01,3,3,0,cruise,Unknown,0.29285666931848314,observed,33,2
0,14,1.5373639998870203,143.2337850001204,13.71,46.91,0.79,76.3,0.19,3.53,141.55,0.0,0.01,3,3,0,cruise,Unknown,0.2908346592415805,observed,34,2
0,15,1.4535799996338028,126.74472799972136,10.81,35.72,0.53,74.37,0.16,3.47,125.16,0.0,0.01,3,3,0,cruise,Unknown,0.1891026915937417,observed,35,2
0,16,1.5158870000959723,125.55014000008669,9.92,34.22,0.58,75.47,0.2,3.42,123.91,0.0,0.01,3,3,0,cruise,Unknown,0.18762927605409704,observed,36,2
0,17,1.5225869997266273,129.30042800007868,10.59,37.43,0.61,74.91,0.16,3.81,127.63,0.0,0.01,3,3,1,slow_down,Unknown,0.2820024529302572,observed,37,2
0,18,1.5162019999479526,126.86501700000008,10.98,35.42,0.51,74.24,0.15,3.8,125.21,0.0,0.01,3,3,1,slow_down,Unknown,0.28273667462211616,observed,38,2
0,19,1.573264999933599,130.65061599991168,9.99,40.44,0.5,74.1,0.14,3.7,128.96,0.0,0.01,3,3,1,slow_down,Unknown,0.2980956642800318,observed,39,2
0,20,1.3824000002387038,130.04859600005148,10.71,35.26,0.59,77.81,0.17,3.91,128.55,0.0,0.01,3,3,1,slow_down,Unknown,0.28137430389817025,observed,40,2
0,21,1.4622369999415241,125.53298200009522,10.37,35.83,0.51,73.66,0.14,3.32,123.94,0.0,0.01,3,3,1,slow_down,Unknown,0.2694792495359321,observed,41,2
0,22,1.5424040002471884,140.66651900020588,15.16,44.13,0.79,74.86,0.17,3.75,138.99,0.0,0.01,3,3,1,slow_down,Unknown,0.2764154070538319,observed,42,2
0,23,1.646119999804796,127.17537899970921,10.54,35.2,0.6,75.17,0.23,3.56,125.4,0.0,0.01,3,3,1,slow_down,Unknown,0.3011071333863697,observed,43,2
0,24,1.452118000088376,126.96353899991664,10.2,36.3,0.57,74.15,0.24,3.82,125.38,0.0,0.01,3,3,1,slow_down,Unknown,0.3043506364359586,observed,44,2
0,25,1.5212530001917912,123.98482900016461,10.1,34.37,0.51,73.94,0.14,3.2,122.34,0.0,0.01,3,3,2,slow_down,Unknown,0.26968476531424024,observed,45,2
0,26,1.2872729998889554,125.82511499977045,10.52,35.39,0.62,73.11,0.17,4.42,124.36,0.0,0.01,3,3,1,slow_down,Unknown,0.2593774860779634,observed,46,2
0,27,1.4674529998046637,127.73326999968049,13.27,35.21,0.77,73.13,0.14,3.52,126.14,0.0,0.01,3,3,1,slow_down,Unknown,0.23475039777247414,observed,47,2
0,28,1.6129579998960253,126.25099700017017,10.08,37.6,0.51,72.29,0.16,3.77,124.52,0.0,0.01,3,3,1,slow_down,Unknown,0.22976664014850173,observed,48,2
0,29,1.3263989999359183,138.7493799998083,9.58,35.26,0.54,87.73,0.22,3.87,137.29,0.0,0.01,3,3,1,slow_down,Unknown,0.2783678069477592,observed,49,2
0,30,1.4725519999956305,145.6039609997788,16.27,47.38,0.71,75.31,0.21,3.98,143.96,0.0,0.01,3,3,1,slow_down,Unknown,0.2799323786793954,observed,50,2
0,31,1.5095480002855766,127.24636500024644,10.93,34.92,0.59,75.42,0.17,3.47,125.6,0.0,0.01,4,4,1,slow_down,Unknown,0.1875812118801379,observed,51,2
0,32,1.4948509997338988,130.3067869998813,10.8,35.5,0.59,76.34,0.25,5.03,128.62,0.0,0.01,4,4,1,slow_down,Unknown,0.1933522275258552,observed,52,2
0,33,1.6883050002434175,127.85805700013952,11.94,35.42,0.53,74.29,0.16,3.6,126.04,0.0,0.01,4,4,1,slow_down,Unknown,0.2825725934765314,observed,53,2
0,34,1.5309560003515799,126.38762500000666,10.56,35.74,0.74,73.21,0.16,4.18,124.69,0.0,0.01,4,4,1,slow_down,Unknown,0.2765811455847255,observed,54,2
0,35,1.4977630003158993,127.22187700001086,10.5,34.65,0.46,75.97,0.15,3.75,125.58,0.0,0.01,3,3,0,cruise,Unknown,0.2776915937417131,observed,55,2
0,36,1.607014999990497,125.0675940000292,9.93,34.27,0.55,74.43,0.18,3.86,123.32,0.0,0.01,3,3,0,cruise,Unknown,0.27371718377088305,observed,56,2
0,37,1.5474719998564979,128.69660600017596,10.22,35.36,0.49,76.28,0.21,4.26,126.92,0.0,0.01,3,3,0,cruise,Unknown,0.2416268894192522,observed,57,2
0,38,1.536772000235942,141.6830600001049,15.83,44.89,0.93,74.4,0.26,3.59,140.0,0.0,0.01,3,3,0,cruise,Unknown,0.23991812516573854,observed,58,2
0,39,1.5122049999263254,126.47222900022825,10.83,35.16,0.5,74.24,0.17,3.82,124.82,0.0,0.01,3,3,0,cruise,Unknown,0.29139319809069214,observed,59,2
0,40,1.419062000422855,133.0471100000068,10.6,36.57,0.5,79.66,0.22,3.85,131.49,0.0,0.01,3,3,0,cruise,Unknown,0.2979415274463007,observed,60,2
0,41,1.4510470000459463,135.2416820000144,10.78,36.67,0.56,80.9,0.26,4.34,133.63,0.0,0.01,3,3,0,cruise,Unknown,0.2332454919119597,observed,61,2
0,42,1.7217440004060336,131.6083179999623,11.03,40.11,0.51,74.12,0.13,3.72,129.74,0.0,0.01,3,3,0,cruise,Unknown,0.2297517236807213,observed,62,2
0,43,1.382705000196438,125.80888799993772,10.12,35.03,0.47,75.2,0.15,3.25,124.3,0.0,0.01,3,3,0,cruise,Unknown,0.31324913815963934,observed,63,2
0,44,1.3494080003511044,126.97325200042542,10.18,35.06,0.63,75.1,0.21,4.18,125.46,0.0,0.01,3,3,0,cruise,Unknown,0.3131496950411032,observed,64,2
0,45,1.5037439998195623,131.8759199998567,10.71,34.68,0.45,77.76,0.23,6.24,130.19,0.0,0.01,3,3,0,cruise,Unknown,0.33548793423495094,observed,65,2
0,46,1.6145270001288736,134.83432600014567,15.43,38.26,0.77,74.51,0.16,3.83,133.08,0.0,0.01,3,3,0,cruise,Unknown,0.3358707902413153,observed,66,2
0,47,1.4267689998632704,127.5836579998213,10.83,36.38,0.48,74.35,0.18,3.68,126.02,0.0,0.01,3,3,0,cruise,Unknown,0.24143960487934235,observed,67,2
0,48,1.619322999886208,123.86027499996999,10.1,34.0,0.5,73.44,0.22,3.71,122.08,0.0,0.01,3,3,0,cruise,Unknown,0.25130601962344207,observed,68,2
0,49,1.4412460000130523,139.8874199999227,10.28,34.5,0.51,87.02,0.29,5.52,138.27,0.0,0.01,4,3,0,cruise,Unknown,0.23913252452930256,observed,69,2
0,50,1.5977550001480267,134.51382500034015,11.3,36.5,0.62,80.42,0.17,3.64,132.76,0.0,0.01,4,3,0,cruise,Unknown,0.23908280297003448,observed,70,2
0,51,1.642248000280233,127.89670100028161,10.87,36.04,0.63,74.96,0.18,3.32,126.12,0.0,0.01,4,4,1,slow_down,Unknown,0.31787987271280826,observed,71,2
0,52,1.068710999788891,124.90492300003098,10.4,34.43,0.55,74.4,0.16,3.68,123.71,0.0,0.01,4,4,1,slow_down,Unknown,0.3198505038451339,observed,72,2
0,53,1.045033000082185,142.5534919999336,10.28,35.44,0.59,88.32,0.24,6.32,141.33,0.0,0.01,4,4,1,slow_down,Unknown,0.3419069875364625,observed,73,2
0,54,3.661330999875645,131.48198399994726,10.59,35.89,0.61,76.58,0.17,3.76,127.7,0.0,0.02,4,4,1,slow_down,Unknown,0.3418572659771944,observed,74,2
0,55,1.5013249999356049,125.60988799987172,11.04,35.44,0.58,72.89,0.15,3.76,123.96,0.0,0.01,4,4,1,slow_down,Unknown,0.3377718111906656,observed,75,2
0,56,1.4481840003099933,129.59762900027272,10.61,34.98,0.89,77.35,0.22,3.84,128.0,0.0,0.01,4,4,1,slow_down,Unknown,0.33892535136568547,observed,76,2
0,57,1.6093809999802033,133.6199970000962,10.06,34.34,0.62,82.91,0.17,3.62,131.82,0.0,0.01,4,4,1,slow_down,Unknown,0.3338686687881199,observed,77,2
0,58,1.3838949998898897,130.25268399997003,10.56,35.35,0.64,77.86,0.2,4.01,128.73,0.0,0.01,4,4,1,slow_down,Unknown,0.3347885176345797,observed,78,2
0,59,1.6954509997049172,131.59650199986572,10.98,36.13,0.62,77.77,0.25,3.91,129.75,0.0,0.01,4,4,2,slow_down,Unknown,0.3443648899496155,observed,79,2
0,60,1.5032490000521648,129.82322900006693,10.73,35.68,0.66,77.12,0.18,3.68,128.15,0.0,0.01,4,4,2,slow_down,Unknown,0.3444311853619729,observed,80,2
0,61,1.5348950000770856,138.9115669999228,10.06,36.09,0.59,86.24,0.19,3.94,137.22,0.0,0.01,4,4,2,slow_down,Unknown,0.3401634181914612,observed,81,2
0,62,1.3890800000808667,130.18747399974018,10.79,36.21,0.72,76.92,0.21,3.72,128.66,0.0,0.01,4,4,1,slow_down,Unknown,0.33955515778308143,observed,82,2
0,63,1.4669440001853218,126.7460890003349,11.26,35.4,0.66,73.73,0.15,3.79,125.09,0.0,0.01,4,4,1,slow_down,Unknown,0.3457968708565367,observed,83,2
0,64,1.5914700002213067,126.87655800027642,9.65,34.46,0.54,73.97,0.16,6.27,125.14,0.0,0.01,4,4,1,slow_down,Unknown,0.3457305754441793,observed,84,2
0,65,1.3572719999501714,133.1789949999802,10.49,41.0,0.66,75.47,0.16,3.8,131.68,0.0,0.01,4,4,1,slow_down,Unknown,0.33301677273932645,observed,85,2
0,66,1.5468450001208112,124.71566300018821,9.97,33.99,0.52,75.0,0.14,3.32,123.03,0.0,0.01,4,4,1,slow_down,Unknown,0.3310958631662689,observed,86,2
0,67,1.4497199999823351,125.86409899995488,10.5,34.51,0.57,74.66,0.17,3.77,124.28,0.0,0.01,4,4,1,slow_down,Unknown,0.33651219835587376,observed,87,2
0,68,1.4202769998519216,127.7618529998108,10.35,34.58,0.6,76.37,0.17,4.03,126.2,0.0,0.01,4,4,1,slow_down,Unknown,0.3379126889419252,observed,88,2
0,69,1.7320889996881306,140.2775639999163,10.21,34.34,0.56,89.08,0.21,3.87,138.37,0.0,0.01,4,4,1,slow_down,Unknown,0.24147772474144788,observed,89,2
0,70,1.6699220000191417,135.7071160000487,10.45,38.2,0.58,80.91,0.18,3.47,133.88,0.0,0.01,4,4,1,slow_down,Unknown,0.24207769822328296,observed,90,2
0,71,1.455558999623463,127.35157499992056,10.81,36.61,0.51,73.66,0.15,3.91,125.75,0.0,0.01,3,3,2,slow_down,Unknown,0.3216868867674357,observed,91,2
0,72,1.369462000184285,139.91936200000055,10.21,35.32,0.56,86.64,0.24,5.28,138.4,0.0,0.01,3,3,2,slow_down,Unknown,0.31985216123044286,observed,92,2
0,73,1.5462679998563544,130.23592299987286,10.32,36.46,0.5,77.47,0.16,3.55,128.56,0.0,0.01,3,3,1,slow_down,Unknown,0.31669815698753645,observed,93,2
0,74,1.3554399997701694,139.8362069999166,10.53,37.19,0.52,84.57,0.2,5.16,138.34,0.0,0.01,3,3,1,slow_down,Unknown,0.31442588172898434,observed,94,2
0,75,1.5387560001727252,134.48544100037907,11.57,35.16,0.44,81.21,0.26,4.05,132.78,0.0,0.01,3,3,1,slow_down,Unknown,0.3257391938477857,observed,95,2
0,76,1.5568600001643063,134.9529080002867,10.65,34.86,0.59,82.86,0.15,4.05,133.26,0.0,0.01,3,3,1,slow_down,Unknown,0.3248657517899761,observed,96,2
0,77,1.2887590000900673,134.4725010003458,10.09,35.6,0.47,83.19,0.17,3.42,133.06,0.0,0.02,3,3,1,slow_down,Unknown,0.30708863696632194,observed,97,2
0,78,1.4347169999382459,130.2292589998615,10.58,35.34,0.55,78.06,0.17,3.84,128.64,0.0,0.01,3,3,1,slow_down,Unknown,0.30758750994431183,observed,98,2
0,79,1.5988919999472273,130.44909600012033,10.82,34.69,0.59,78.63,0.2,3.67,128.69,0.0,0.01,3,3,0,cruise,Unknown,0.3112055820737205,observed,99,2
0,80,1.401954999892041,129.02995199965517,10.54,36.59,0.59,75.93,0.16,3.57,127.49,0.0,0.01,3,3,0,cruise,Unknown,0.31065533015115354,observed,100,2
0,81,1.5086769999470562,124.97756199991272,9.86,34.33,0.48,74.83,0.13,3.63,123.35,0.0,0.01,3,3,1,slow_down,Unknown,0.3211266905330151,observed,101,2
0,82,1.3645060003000253,128.181209000104,10.05,34.34,0.47,78.06,0.15,3.5,126.69,0.0,0.01,3,3,2,slow_down,Unknown,0.3246884115619199,observed,102,2
0,83,1.4969429998927808,123.83712800010471,10.06,33.66,0.44,73.91,0.21,3.8,122.2,0.0,0.02,2,2,1,slow_down,Unknown,0.3099923760275789,observed,103,2
0,84,1.5490050000153133,125.51566599995567,10.24,35.45,0.49,73.96,0.16,3.42,123.83,0.0,0.02,2,2,1,slow_down,Unknown,0.3102360116679926,observed,104,2
0,85,1.664971000082005,197.57419300003676,10.11,56.72,0.53,121.12,0.33,6.79,195.75,0.0,0.02,3,3,1,slow_down,Unknown,0.28144557146645455,observed,105,2
0,86,3.409355000258074,196.54121100029442,15.36,51.97,0.72,116.77,0.25,7.73,192.93,0.0,0.01,3,3,1,slow_down,Unknown,0.2801677273932644,observed,106,2
0,87,2.407874999789783,203.85456299982252,16.57,56.17,0.83,118.86,0.3,8.39,201.28,0.0,0.02,3,3,1,slow_down,Unknown,0.2582057146645452,observed,107,2
0,88,1.6375909999624128,201.66137900014292,15.66,58.08,0.65,118.82,0.25,6.24,199.83,0.0,0.01,3,3,1,slow_down,Unknown,0.253583267037921,observed,108,2
0,89,3.177939000124752,206.12148800000796,14.33,51.98,0.6,125.21,0.3,10.18,202.74,0.0,0.02,3,3,1,slow_down,Unknown,0.2082090294351631,observed,109,2
0,90,3.1883040001048357,208.54464600006395,15.58,54.09,0.73,127.74,0.3,6.58,205.17,0.0,0.02,3,3,1,slow_down,Unknown,0.21146413418191462,observed,110,2
0,91,1.5556120001747331,194.07738300014898,17.78,52.11,0.67,115.61,0.23,5.81,192.35,0.0,0.01,2,2,1,slow_down,Unknown,0.279864425881729,observed,111,2
0,92,3.1559460003336426,198.3007520002502,14.15,55.49,0.56,116.79,0.26,7.61,194.99,0.0,0.01,2,2,1,slow_down,Unknown,0.28411727658446034,observed,112,2
0,93,3.3255759999519796,196.19800700002088,14.42,51.35,0.61,119.44,0.28,6.43,192.67,0.0,0.01,2,2,0,cruise,Unknown,0.285537655794219,observed,113,2
0,94,3.7286640003912908,204.33621100028176,13.97,53.36,0.61,127.44,0.36,4.49,200.38,0.0,0.02,2,2,0,cruise,Unknown,0.2860564173959162,observed,114,2
0,95,3.3478390000709624,212.7862530001039,16.78,57.61,0.67,125.0,0.4,8.62,209.25,0.0,0.02,2,2,0,cruise,Unknown,0.26252154600901617,observed,115,2
0,96,5.488805999902979,205.93394500019713,18.42,55.1,0.77,118.83,0.32,6.66,200.26,0.0,0.02,2,2,0,cruise,Unknown,0.267102559002917,observed,116,2
0,97,3.5264660000393633,197.736008999982,13.79,52.67,0.59,118.9,0.32,7.62,194.03,0.0,0.02,2,2,0,cruise,Unknown,0.27302771148236543,observed,117,2
0,98,1.2629580000975693,207.2011619998193,19.96,53.17,0.7,125.24,0.3,6.2,205.74,0.0,0.01,2,2,0,cruise,Unknown,0.27086648103951205,observed,118,2
0,99,1.6006040000320354,189.33569299997544,15.96,55.4,0.65,111.65,0.17,3.63,187.59,0.0,0.01,2,2,0,cruise,Unknown,0.274058605144524,observed,119,2
0,100,1.63220399963393,141.3733989998036,10.35,35.72,0.51,88.74,0.21,3.95,139.58,0.0,0.01,2,2,0,cruise,Unknown,0.276778374436489,observed,120,2
0,101,1.3683750003110617,125.40498599992134,10.02,34.96,0.34,74.64,0.17,3.66,123.89,0.0,0.01,1,1,0,cruise,Unknown,0.28576306019623443,observed,121,2
0,102,1.225024999712332,146.7965839997305,14.21,46.76,0.49,79.75,0.23,3.86,145.42,0.0,0.01,1,1,0,cruise,Unknown,0.282478122513922,observed,122,2
0,103,1.2685370002145646,124.02760400027546,10.91,34.83,0.34,73.24,0.14,3.08,122.64,0.0,0.01,1,1,0,cruise,Unknown,0.19913981702466188,observed,123,2
0,104,1.3100300002406584,128.60619100001713,9.7,35.3,0.37,77.87,0.2,3.65,127.18,0.0,0.01,1,1,0,cruise,Unknown,0.20076736939803766,observed,124,2
0,105,1.4373239996530174,124.06487799989918,10.64,34.89,0.63,72.62,0.16,3.47,122.49,0.0,0.01,4,3,0,cruise,Unknown,0.2854663882259348,observed,125,2
0,106,1.5168610002547211,131.45700200038846,10.41,34.75,0.59,79.3,0.23,4.39,129.77,0.0,0.01,4,3,0,cruise,Unknown,0.2826206576504906,observed,126,2
0,107,1.6052850000960461,141.35499900021387,12.08,38.03,0.79,84.01,0.29,4.26,139.58,0.0,0.01,5,4,0,cruise,Unknown,0.29486542031291435,observed,127,2
0,108,1.3387120002334996,131.3774039999771,10.86,36.17,0.82,77.64,0.21,4.09,129.89,0.0,0.01,4,3,0,cruise,Unknown,0.2993668788119862,observed,128,2
0,109,1.5360409997811075,148.57450699992114,11.1,36.28,0.55,91.42,0.33,7.05,146.88,0.0,0.01,2,2,0,cruise,Unknown,0.2542594802439671,observed,129,2
0,110,1.5945119998832524,133.9240699999209,12.01,40.02,0.63,75.04,0.19,4.16,132.17,0.0,0.01,3,2,0,cruise,Unknown,0.25584062582869266,observed,130,2
0,111,1.3796700000057172,136.77106900013314,10.97,36.6,0.52,80.49,0.23,6.32,135.25,0.0,0.01,1,1,0,cruise,Unknown,0.20462410501193318,observed,131,2
0,112,1.5762709999762592,134.30833600023107,11.75,38.46,0.49,77.85,0.22,3.7,132.58,0.0,0.01,1,1,0,cruise,Unknown,0.2001176743569345,observed,132,2
0,113,1.4600789995711239,127.37204099994415,10.46,35.61,0.59,75.26,0.19,3.4,125.68,0.0,0.01,2,1,0,cruise,Unknown,0.17562814903208698,observed,133,2
0,114,1.54034600018349,133.6223160001282,11.2,37.04,0.56,79.23,0.18,3.63,131.96,0.0,0.01,2,2,0,cruise,Unknown,0.17391607000795545,observed,134,2
0,115,1.5995469998415501,132.41639899979418,11.18,36.92,0.55,78.11,0.22,3.52,130.66,0.0,0.02,2,2,0,cruise,Unknown,0.11022440997083002,observed,135,2
0,116,1.4503120000881609,132.97190799994496,11.01,37.16,0.54,78.74,0.25,3.52,131.32,0.0,0.01,2,2,0,cruise,Unknown,0.10856868204720234,observed,136,2
0,117,1.5075869996508118,161.140868000075,10.7,38.51,0.46,105.42,0.29,3.99,159.46,0.0,0.01,2,2,0,cruise,Unknown,0.1215062317687616,observed,137,2
0,118,1.5536340001744975,138.80973400000585,11.95,37.81,0.58,82.91,0.27,3.47,137.1,0.0,0.01,2,2,0,cruise,Unknown,0.11912954123574648,observed,138,2
0,119,1.3969020001241006,134.53955800014228,11.34,39.77,0.63,77.17,0.25,3.71,132.97,0.0,0.01,4,4,0,cruise,Unknown,0.11258784142137364,observed,139,2
0,120,1.175180999780423,125.40113100021699,11.12,34.78,0.58,73.77,0.24,3.41,124.02,0.0,0.01,4,4,0,cruise,Unknown,0.11049290639087775,observed,140,2
0,121,1.3322570002856082,135.2910890000203,10.73,35.39,0.53,82.96,0.23,3.86,133.8,0.0,0.01,3,3,0,cruise,Unknown,0.12994729514717582,observed,141,2
0,122,1.6316030000780302,132.63606200007416,11.31,37.57,0.55,77.4,0.19,3.71,130.85,0.0,0.01,2,2,0,cruise,Unknown,0.1318615751789976,observed,142,2
0,123,1.3450890000967775,128.64288200034935,11.66,36.43,0.54,75.31,0.24,2.86,127.16,0.0,0.01,3,3,0,cruise,Unknown,0.06408280297003448,observed,143,2
0,124,1.456928000152402,130.5418480001208,10.39,36.07,0.62,78.71,0.24,2.8,128.93,0.0,0.01,3,3,0,cruise,Unknown,0.06395021214531954,observed,144,2
0,125,1.3695699999516364,147.82701100011764,10.75,53.13,0.57,79.54,0.24,1.96,146.27,0.0,0.01,4,4,0,cruise,Unknown,0.027877220896313976,observed,145,2
0,126,1.6747170002417988,126.10468799994123,11.06,34.79,0.49,75.71,0.22,1.88,124.27,0.0,0.01,3,3,0,cruise,Unknown,0.02749602227525855,observed,146,2
0,127,1.4649730001110584,54.37860699976227,11.56,36.65,0.59,1.75,0.17,1.93,52.75,0.0,0.01,3,3,0,slow_down,Unknown,0.015244630071599045,unknown,147,2
0,128,1.5701989996159682,52.90404599963949,10.47,36.42,0.61,1.81,0.15,1.62,51.2,0.0,0.03,3,3,0,slow_down,Unknown,0.014891607000795545,unknown,148,2
0,129,1.320011999723647,51.17775400003666,10.4,35.33,0.66,1.61,0.14,1.48,49.72,0.0,0.01,4,3,0,slow_down,Unknown,0.00526882789710952,unknown,149,2
0,130,1.3808009998683701,51.579180999851815,10.51,35.71,0.57,1.49,0.14,1.56,50.08,0.0,0.01,4,3,0,slow_down,Unknown,0.005459427207637231,unknown,150,2
0,131,1.2693680000666063,52.45441400029449,10.85,36.39,0.65,1.43,0.14,1.52,51.07,0.0,0.01,5,5,0,slow_down,Unknown,0.014439140811455847,unknown,151,2
0,132,1.3329019998309377,50.94142100006138,9.97,35.28,0.81,1.57,0.15,1.59,49.48,0.0,0.01,5,5,0,slow_down,Unknown,0.010658644921771413,unknown,152,2
0,133,1.501914999607834,100.09549999995215,9.28,83.74,0.8,2.61,0.19,1.7,98.43,0.0,0.01,5,5,0,slow_down,Unknown,0.0,unknown,153,2
0,134,1.751210000293213,51.47709800030498,10.26,35.05,0.75,1.54,0.15,1.75,49.6,0.0,0.01,5,5,0,slow_down,Unknown,0.0,unknown,154,2
0,135,1.405897000040568,49.13487699968755,10.79,32.95,0.5,1.48,0.14,1.66,47.61,0.0,0.01,2,2,0,slow_down,Unknown,0.0009844868735083532,unknown,155,2
0,136,1.4810260004196607,47.295161000420194,9.04,32.86,0.5,1.58,0.16,1.47,45.7,0.0,0.01,2,2,0,slow_down,Unknown,0.002645186953062848,unknown,156,2
0,137,1.478704000419384,48.13929500005543,9.46,33.33,0.47,1.57,0.14,1.45,46.55,0.0,0.01,2,2,0,slow_down,Unknown,0.007547732696897375,unknown,157,2
0,138,1.3238760002423078,48.81213499993464,10.4,33.29,0.51,1.5,0.15,1.44,47.38,0.0,0.01,2,2,0,slow_down,Unknown,0.007350503845133916,unknown,158,2
0,139,1.4007650001985894,149.15948500038212,10.65,35.17,0.53,97.28,0.32,3.48,147.56,0.0,0.01,3,3,0,cruise,Unknown,0.037132060461416073,observed,159,2
0,140,1.3746879999416706,133.5628470001211,13.16,35.8,0.63,80.33,0.17,1.87,132.06,0.0,0.01,3,3,0,cruise,Unknown,0.025376226465128614,observed,160,2
0,141,1.3370069996199163,127.24705599976005,9.94,34.2,0.7,78.42,0.16,2.24,125.79,0.0,0.02,5,4,0,cruise,Unknown,0.05840791567223548,observed,161,2
0,142,1.2751080002999515,125.10865700005525,10.33,32.48,0.61,77.61,0.18,2.38,123.7,0.0,0.01,5,4,0,cruise,Unknown,0.05655661628215328,observed,162,2
0,143,1.7282529997828533,131.49032199999056,11.46,34.73,0.74,79.42,0.25,2.9,129.6,0.0,0.01,5,5,0,cruise,Unknown,0.06280661628215327,observed,163,2
0,144,1.5546660001746204,130.9709560000556,11.44,35.5,0.78,78.49,0.21,2.67,129.24,0.0,0.01,5,5,0,cruise,Unknown,0.06126027578891541,observed,164,2
0,145,1.6988530001071922,135.1117469998826,10.6,34.73,0.75,84.54,0.24,2.28,133.26,0.0,0.01,5,5,0,cruise,Unknown,0.03064671174754707,observed,165,2
0,146,1.6102060003504448,126.79341300008673,12.01,33.45,0.75,76.44,0.22,2.02,125.0,0.0,0.01,5,5,0,cruise,Unknown,0.03169583664810395,observed,166,2
0,147,1.660632000039186,138.5200999998233,10.96,38.91,0.67,83.56,0.21,2.28,136.69,0.0,0.01,6,6,0,cruise,Unknown,0.029088769557146645,observed,167,2
0,148,1.291389000016352,126.5345269998761,9.8,32.67,0.72,79.53,0.21,2.07,125.1,0.0,0.01,6,6,0,cruise,Unknown,0.03176378944577035,observed,168,2
0,149,1.5082069999152736,137.62973300026715,12.34,34.24,0.78,85.56,0.25,2.67,135.96,0.0,0.01,5,5,0,cruise,Unknown,0.054706974277380006,observed,169,2
0,150,1.6806110002107744,139.46331200031636,12.18,36.67,0.93,84.57,0.24,2.87,137.6,0.0,0.03,5,5,0,cruise,Unknown,0.05953659506762132,observed,170,2
0,151,2.2834840001451084,138.20466800007125,11.72,36.38,0.85,84.34,0.19,2.14,135.73,0.0,0.01,5,5,0,cruise,Unknown,0.02796837708830549,observed,171,2
0,152,1.841193000018393,134.65006700016602,9.93,37.73,0.76,81.57,0.22,2.32,132.66,0.0,0.01,5,5,0,cruise,Unknown,0.028344603553434104,observed,172,2
0,153,1.7509360000076413,132.56319400034045,11.54,36.52,0.75,79.02,0.19,2.51,130.64,0.0,0.01,5,5,0,cruise,Unknown,0.04146778042959427,observed,173,2
0,154,1.4147249999041378,131.937015999938,11.08,34.58,0.69,81.66,0.22,2.05,130.37,0.0,0.01,5,5,0,cruise,Unknown,0.03842647838769557,observed,174,2
0,155,1.4753149998796289,144.17589699996824,11.09,35.27,0.69,92.19,0.23,2.97,142.55,0.0,0.01,5,5,0,cruise,Unknown,0.07582537788385044,observed,175,2
0,156,1.5810039999450964,136.35409899961815,11.34,38.33,0.81,80.65,0.33,2.99,134.6,0.0,0.02,5,5,0,cruise,Unknown,0.069691394855476,observed,176,2
0,157,1.7256749997613952,137.72142900006656,10.99,37.63,0.88,83.42,0.25,2.51,135.78,0.0,0.01,6,6,0,cruise,Unknown,0.02592813577300451,observed,177,2
0,158,1.6853179999998247,129.4943789998797,11.78,35.89,0.71,76.79,0.19,2.16,127.63,0.0,0.01,6,6,0,cruise,Unknown,0.027381662688941925,observed,178,2
0,159,1.4531560000250465,51.21971900007338,10.54,34.97,0.57,1.69,0.16,1.61,49.64,0.0,0.01,4,4,0,slow_down,Unknown,0.012352492707504641,unknown,179,2
0,160,1.289409000037267,50.46717799996259,9.68,35.09,0.67,1.74,0.19,1.58,49.04,0.0,0.01,5,4,0,slow_down,Unknown,0.013452996552638558,unknown,180,2
0,161,1.4416109997910098,124.92105100000117,10.12,35.79,0.46,74.62,0.2,2.07,123.36,0.0,0.01,2,2,0,cruise,Unknown,0.044754375497215594,observed,181,2
0,162,1.4105260001997522,133.01914600015152,11.13,34.1,0.6,82.73,0.26,2.49,131.46,0.0,0.03,3,3,0,cruise,Unknown,0.04387098912755237,observed,182,2
0,163,1.7057240002031904,140.49542300017492,11.86,41.26,0.68,81.95,0.24,2.5,138.62,0.0,0.01,3,3,0,cruise,Unknown,0.021635507822858658,observed,183,2
0,164,1.4654830001745722,137.66844400015543,10.09,42.31,0.66,80.44,0.19,2.21,136.05,0.0,0.04,3,3,0,cruise,Unknown,0.028642932909042695,observed,184,2
0,165,1.5359970002464252,130.19639799995275,10.47,36.22,0.62,78.01,0.22,2.84,128.49,0.0,0.01,4,3,0,cruise,Unknown,0.0607846062052506,observed,185,2
0,166,1.572310000028665,129.67736299970056,11.04,36.23,0.71,77.17,0.19,2.49,127.96,0.0,0.01,4,4,0,cruise,Unknown,0.0629342349509414,observed,186,2
0,167,1.6251750002993504,126.46438100000523,10.64,33.89,0.49,76.38,0.22,2.94,124.69,0.0,0.01,2,2,0,cruise,Unknown,0.07510773004508088,observed,187,2
0,168,1.4549040001838875,138.08133500015174,10.74,37.07,0.56,84.43,0.26,3.29,136.47,0.0,0.01,2,2,0,cruise,Unknown,0.07237138690002652,observed,188,2
0,169,1.6375509999306814,135.63017599972227,11.41,35.72,0.6,81.65,0.19,4.03,133.76,0.0,0.03,2,2,0,cruise,Unknown,0.29091587112171835,observed,189,2
0,170,1.5420290001202375,131.4134419999391,10.75,36.04,0.47,78.26,0.19,3.88,129.71,0.0,0.02,2,2,0,cruise,Unknown,0.2894225669583665,observed,190,2
0,171,1.5811280004527362,124.49101800029894,10.3,34.51,0.55,73.86,0.15,3.31,122.77,0.0,0.01,2,2,0,cruise,Unknown,0.23762430389817024,observed,191,2
0,172,1.4069879998714896,142.6723149997997,10.2,48.93,0.51,76.99,0.23,4.18,141.14,0.0,0.01,2,2,0,cruise,Unknown,0.23880436223813312,observed,192,2
0,173,1.6131610000229557,132.13621699969735,11.0,34.31,0.7,80.06,0.2,3.95,130.35,0.0,0.01,3,3,0,cruise,Unknown,0.2652313709891276,observed,193,2
0,174,1.6499519997523748,137.33780399979878,10.57,36.54,0.57,83.79,0.17,3.8,135.53,0.0,0.01,3,3,0,cruise,Unknown,0.27052008750994433,observed,194,2
0,175,1.6321840003001853,128.63093700025274,11.46,35.1,0.68,75.6,0.22,3.64,126.8,0.0,0.01,3,3,0,cruise,Unknown,0.20329156722354813,observed,195,2
0,176,1.4190040001267334,129.09378299991658,11.43,36.44,0.67,74.97,0.22,3.68,127.53,0.0,0.01,3,3,0,cruise,Unknown,0.21953560063643596,observed,196,2
0,177,1.5304290000131004,128.66757799974948,10.57,35.81,0.55,75.76,0.23,3.96,126.97,0.0,0.01,3,3,0,cruise,Unknown,0.21638491116414743,observed,197,2
0,178,1.5045529999042628,131.64856399998826,11.58,35.95,0.6,77.93,0.2,3.6,129.98,0.0,0.01,3,3,0,cruise,Unknown,0.22378016441262263,observed,198,2
0,179,1.5204950000224926,130.91931200006002,11.0,34.63,0.51,76.34,0.32,6.23,129.19,0.0,0.01,2,2,0,cruise,Unknown,0.29139982763192784,observed,199,2
0,180,1.3462879996950505,148.3499649998521,15.62,43.24,0.9,83.03,0.24,3.67,146.86,0.0,0.02,2,2,0,cruise,Unknown,0.29709791832405197,observed,200,2
0,181,2.2783109998272266,126.94764700017913,11.1,35.95,0.66,72.97,0.21,3.48,124.49,0.0,0.01,4,4,0,cruise,Unknown,0.17119464333068152,observed,201,2
0,182,1.2802050000573217,141.64756800028044,11.06,35.3,0.62,86.91,0.29,5.85,140.18,0.0,0.01,4,4,0,cruise,Unknown,0.14390745160434898,observed,202,2
0,183,1.6528040000594046,211.025988000074,15.28,61.95,1.04,124.58,0.28,5.89,209.19,0.0,0.02,3,3,0,cruise,Unknown,0.1620110713338637,observed,203,2
0,184,3.8121879997561336,198.27747499994075,12.2,52.53,0.93,122.2,0.26,6.01,194.27,0.0,0.02,3,3,0,cruise,Unknown,0.16438113232564305,observed,204,2
0,185,3.1882039997981337,215.69478899982641,13.47,65.82,0.94,126.32,0.26,5.39,212.33,0.0,0.01,3,3,0,cruise,Unknown,0.15991613630336782,observed,205,2
0,186,1.4344820001497283,195.2884779998385,14.53,55.91,1.38,115.32,0.27,6.07,193.66,0.0,0.01,3,3,0,cruise,Unknown,0.15890844603553433,observed,206,2
0,187,3.446228000029805,200.23588000003656,15.29,55.87,0.97,116.9,0.25,7.17,196.61,0.0,0.01,5,4,0,cruise,Unknown,0.2432842747281888,observed,207,2
0,188,1.4243070004340552,196.51780000003782,12.81,53.74,1.04,120.6,0.3,6.27,194.9,0.0,0.01,5,4,0,cruise,Unknown,0.253059533280297,observed,208,2
0,189,1.5447170003426436,203.58545000044614,15.61,60.95,1.03,118.15,0.29,5.67,201.86,0.0,0.02,4,4,2,slow_down,Unknown,0.18966454521347123,observed,209,2
0,190,1.5134119998947426,194.73782299974118,12.69,53.04,0.91,117.3,1.74,7.21,193.04,0.0,0.01,4,4,2,slow_down,Unknown,0.18316096526120393,observed,210,2
0,191,3.2227610004156304,213.2412710002427,12.76,56.48,0.86,132.66,0.28,6.68,209.85,0.0,0.01,3,3,1,slow_down,Unknown,0.2606089233625033,observed,211,2
0,192,1.3753200000792276,194.35016299985364,12.44,56.43,0.73,116.35,0.4,6.24,192.77,0.0,0.01,3,3,0,cruise,Unknown,0.22155926809864757,observed,212,2
0,193,1.525537999896187,206.88584900017304,19.28,57.92,0.91,120.28,0.32,6.35,205.19,0.0,0.02,3,3,0,cruise,Unknown,0.2962377353487139,observed,213,2
0,194,1.3445499998852029,209.9501389998295,13.17,56.45,0.79,130.79,0.29,6.82,208.43,0.0,0.01,3,3,0,cruise,Unknown,0.29377486077963405,observed,214,2
0,195,1.5259659999173891,196.18697900023108,12.65,56.71,0.67,119.36,0.35,4.6,194.5,0.0,0.01,2,2,1,slow_down,Unknown,0.31012496685229385,observed,215,2
0,196,1.6339460003109707,219.5342840000194,13.82,60.24,0.73,135.33,0.34,7.07,217.72,0.0,0.02,2,2,1,slow_down,Unknown,0.3093691991514187,observed,216,2
0,197,2.124619999904098,192.89353099975415,17.94,54.44,2.49,110.76,0.22,4.6,190.61,0.0,0.02,3,3,0,cruise,Unknown,0.25178500397772474,observed,217,2
0,198,1.1520020002535603,141.75754000007146,12.41,38.35,0.62,84.58,0.2,4.16,140.43,0.0,0.01,3,3,0,cruise,Unknown,0.21192654468310793,observed,218,2
0,199,2.043888000116567,139.60197799997331,11.27,36.05,0.55,84.88,0.22,4.33,137.4,0.0,0.01,3,3,0,cruise,Unknown,0.2629077167859984,observed,219,2
0,200,1.444516000447038,142.40358800043396,11.42,39.74,0.58,85.19,0.22,3.56,140.81,0.0,0.01,3,3,0,cruise,Unknown,0.20993105277114824,observed,220,2
0,201,1.5131579998524103,137.2614839997368,11.13,35.23,0.7,83.91,0.2,4.29,135.59,0.0,0.01,4,3,0,cruise,Unknown,0.30036462476796605,observed,221,2
0,202,1.4220590001059463,141.88049399990632,11.23,36.09,0.66,87.9,0.24,4.09,140.31,0.0,0.01,4,3,0,cruise,Unknown,0.2986061389551843,observed,222,2
0,203,1.5323409998018178,149.0884959998766,11.56,38.8,0.7,88.79,0.32,7.05,147.34,0.0,0.01,4,4,0,cruise,Unknown,0.2934334394059931,observed,223,2
0,204,1.4264960000218707,146.15511800002423,16.74,35.91,0.76,86.4,0.23,4.41,144.55,0.0,0.01,4,4,0,cruise,Unknown,0.2914959559798462,observed,224,2
0,205,1.5511810001953563,153.08840500028964,10.85,43.72,0.57,91.39,0.25,4.48,151.38,0.0,0.01,3,3,1,slow_down,Unknown,0.2698140413683373,observed,225,2
0,206,1.5901149999990594,134.86142300007486,12.3,36.99,0.6,79.69,0.15,3.28,133.11,0.0,0.01,3,3,1,slow_down,Unknown,0.23347918324051975,observed,226,2
0,207,1.5425209999193612,137.27107000022443,11.88,40.56,0.7,78.39,0.17,3.78,135.58,0.0,0.01,4,4,0,cruise,Unknown,0.3150341421373641,observed,227,2
0,208,1.451125999665237,124.42838299966752,10.41,34.6,0.57,73.42,0.18,3.54,122.82,0.0,0.01,4,4,0,cruise,Unknown,0.3047517236807213,observed,228,2
0,209,1.6426590000264696,129.1508240001349,10.28,34.43,0.58,77.65,0.24,4.06,127.34,0.0,0.01,4,4,0,cruise,Unknown,0.3436837045876425,observed,229,2
0,210,1.6972910002550634,129.1656530002001,11.42,35.1,0.63,75.81,0.23,3.99,127.28,0.0,0.01,4,4,0,cruise,Unknown,0.3420478652877221,observed,230,2
0,211,1.6632659999231691,137.6289589998123,11.54,34.76,0.53,84.74,0.19,3.91,135.77,0.0,0.01,3,3,1,slow_down,Unknown,0.3556268231238398,observed,231,2
0,212,1.3596379999398778,139.37969000016892,10.91,37.91,0.65,83.96,0.19,4.14,137.86,0.0,0.01,3,3,2,slow_down,Unknown,0.3537838106603023,observed,232,2
0,213,1.6880559996934608,126.35423999972772,10.54,35.02,0.52,74.29,0.19,3.84,124.51,0.0,0.01,3,3,2,slow_down,Unknown,0.3540605940068947,observed,233,2
0,214,1.3555119999182352,131.80444499994337,11.03,35.68,0.59,78.42,0.24,4.24,130.31,0.0,0.01,3,3,3,slow_down,Unknown,0.3521894059931053,observed,234,2
0,215,1.5396030003103078,126.25859200034029,10.97,34.95,0.57,73.62,0.21,4.06,124.52,0.0,0.01,3,3,1,slow_down,Unknown,0.34245392468841157,observed,235,2
0,216,1.5585289997943619,125.6348099996103,10.27,35.32,0.47,73.81,0.22,3.73,123.92,0.0,0.01,3,3,1,slow_down,Unknown,0.34001922566958365,observed,236,2
0,217,1.4719579999109556,129.69052400012515,10.57,37.93,0.53,74.86,0.19,3.89,128.07,0.0,0.01,3,3,0,cruise,Unknown,0.2731569875364625,observed,237,2
0,218,1.6143590000865515,130.29980100009197,11.28,36.14,0.6,76.52,0.23,3.66,128.53,0.0,0.01,3,3,0,cruise,Unknown,0.2549804428533545,observed,238,2
0,219,1.560214999699383,137.8560230000403,11.1,35.43,0.56,85.2,0.26,3.5,136.15,0.0,0.01,3,3,0,cruise,Unknown,0.3106669318483161,observed,239,2
0,220,1.336888999958319,128.50820199992086,11.29,35.52,0.48,75.56,0.2,3.88,127.03,0.0,0.01,3,3,0,cruise,Unknown,0.3144325112702201,observed,240,2
0,221,1.6543500000807398,127.56674100000964,11.52,35.8,0.6,73.62,0.15,3.97,125.76,0.0,0.01,3,3,2,slow_down,Unknown,0.283838835852559,observed,241,2
0,222,1.6070520000539545,128.54433899974538,10.98,34.72,0.52,76.99,0.19,3.32,126.81,0.0,0.01,3,3,2,slow_down,Unknown,0.28843973747016705,observed,242,2
0,223,1.0846929999388522,133.04057400000602,10.72,34.3,0.65,82.02,0.18,3.83,131.82,0.0,0.01,4,4,0,cruise,Unknown,0.23092680986475736,observed,243,2
0,224,2.3283919999812497,130.9287540002515,10.13,34.93,0.54,78.56,0.25,3.96,128.48,0.0,0.01,3,3,0,cruise,Unknown,0.25875762397242114,observed,244,2
0,225,1.5692490001129045,129.6449000001303,10.17,35.59,0.51,77.71,0.16,3.7,127.93,0.0,0.01,4,3,1,slow_down,Unknown,0.28215824714929727,observed,245,2
0,226,1.4232429998628504,132.2088380002242,10.37,34.46,0.59,81.4,0.16,3.55,130.64,0.0,0.01,4,3,1,slow_down,Unknown,0.27456245027844073,observed,246,2
0,227,1.50169599965011,143.93986400000358,11.29,39.94,0.52,86.25,0.19,3.97,142.29,0.0,0.01,3,3,0,cruise,Unknown,0.27096095200212145,observed,247,2
0,228,1.459444999909465,132.22772000017358,10.9,36.29,0.66,78.89,0.17,3.6,130.63,0.0,0.01,3,3,0,cruise,Unknown,0.27039909838239196,observed,248,2
0,229,1.6437089998362353,156.74398099963582,10.2,35.47,0.54,104.12,0.21,4.29,154.96,0.0,0.02,4,4,0,cruise,Unknown,0.26768595863166267,observed,249,2
0,230,1.3786150002488284,124.49192500025674,10.99,35.28,0.68,72.33,0.15,3.47,122.98,0.0,0.01,3,3,0,cruise,Unknown,0.25674058605144523,observed,250,2
0,231,1.3812980000693642,124.33629900033338,9.6,34.43,0.68,74.09,0.2,3.72,122.82,0.0,0.02,4,4,0,cruise,Unknown,0.27644192521877486,observed,251,2
0,232,1.5706519998275326,131.9987219999348,10.54,40.18,0.63,75.23,0.17,3.42,130.28,0.0,0.01,4,4,0,cruise,Unknown,0.27033943251127024,observed,252,2
0,233,1.4909819997228624,126.88138199973764,10.6,36.0,0.71,74.04,0.18,3.59,125.24,0.0,0.01,4,4,0,cruise,Unknown,0.21491978255104746,observed,253,2
0,234,1.439531999949395,131.05475099973773,10.32,35.56,0.61,77.32,0.29,5.22,129.45,0.0,0.01,4,4,0,cruise,Unknown,0.231798594537258,observed,254,2
0,235,1.2253049999344512,137.0134799999505,15.39,40.72,0.86,74.75,0.16,3.67,135.66,0.0,0.01,3,3,0,cruise,Unknown,0.23301843012463538,observed,255,2
0,236,1.4145999998618208,128.96056999989014,10.69,36.24,0.51,75.88,0.17,3.8,127.39,0.0,0.01,3,3,0,cruise,Unknown,0.23802704852824186,observed,256,2
0,237,1.5154000002439716,132.06135000018548,10.88,35.96,0.54,79.21,0.18,3.54,130.41,0.0,0.01,3,3,0,cruise,Unknown,0.3052605409705648,observed,257,2
0,238,1.3340489999791316,128.096904999893,9.79,34.94,0.56,77.3,0.17,3.78,126.63,0.0,0.01,3,3,0,cruise,Unknown,0.2890015910898966,observed,258,2
0,239,1.492273000167188,128.86569600004805,9.87,34.39,0.49,78.59,0.17,3.6,127.21,0.0,0.01,3,3,0,cruise,Unknown,0.2157998541500928,observed,259,2
0,240,1.4607269999942218,132.18003100018905,10.31,35.85,0.55,80.15,0.16,3.48,130.6,0.0,0.01,3,3,0,cruise,Unknown,0.23538186157517899,observed,260,2
0,241,1.345710000350664,132.40648300006796,10.37,36.5,0.62,79.66,0.19,3.48,130.94,0.0,0.01,4,3,0,cruise,Unknown,0.30300318217979316,observed,261,2
0,242,1.421819999904983,140.24071499989077,10.14,34.87,0.53,86.64,0.27,6.09,138.66,0.0,0.01,3,2,0,cruise,Unknown,0.30544616812516573,observed,262,2
0,243,1.5043669995975506,135.59272799966493,13.54,35.38,0.69,80.33,0.17,3.74,133.96,0.0,0.01,3,3,0,cruise,Unknown,0.3045213471227791,observed,263,2
0,244,1.2834439999096503,126.74163799965754,9.9,34.07,0.47,77.52,0.14,3.14,125.34,0.0,0.01,3,3,0,cruise,Unknown,0.3030230708035004,observed,264,2
0,245,1.4093349996073812,131.36308399998597,10.61,41.11,0.62,73.69,0.15,3.54,129.84,0.0,0.01,3,3,0,cruise,Unknown,0.33568682047202336,observed,265,2
0,246,1.575362000039604,124.22473500009801,9.8,34.77,0.62,73.41,0.21,3.57,122.49,0.0,0.01,3,3,0,cruise,Unknown,0.3359801776717051,observed,266,2
0,247,1.4009180003995425,132.6798449999842,10.2,34.4,0.51,81.84,0.21,3.86,131.12,0.0,0.01,3,3,0,cruise,Unknown,0.34005568814638026,observed,267,2
0,248,1.4127030003692198,124.9393749999399,11.05,34.77,0.61,73.03,0.17,3.62,123.36,0.0,0.01,3,3,1,slow_down,Unknown,0.3381165473349244,observed,268,2
0,249,1.4339740000650636,129.0500179998162,10.5,34.49,0.57,78.04,0.14,3.65,127.48,0.0,0.03,4,4,2,slow_down,Unknown,0.34367044550517106,observed,269,2
0,250,1.4417249999496562,142.83119400033684,9.74,34.73,0.59,92.01,0.19,3.88,141.26,0.0,0.01,4,4,2,slow_down,Unknown,0.342364425881729,observed,270,2
0,251,1.0819939998327754,125.04366699977254,10.28,34.63,0.58,74.7,0.15,3.37,123.81,0.0,0.01,4,4,0,cruise,Unknown,0.3365138557411827,observed,271,2
0,252,2.0126279996475205,130.33799499999077,10.53,34.07,0.62,78.72,0.28,3.83,128.15,0.0,0.01,4,4,0,cruise,Unknown,0.3360464730840626,observed,272,2
0,253,1.56680400004916,124.56294300000081,10.96,34.37,0.51,73.31,0.15,3.47,122.87,0.0,0.01,3,3,0,cruise,Unknown,0.3347586846990188,observed,273,2
0,254,1.330673000211391,124.55106900006285,10.45,34.47,0.56,73.89,0.17,3.45,123.1,0.0,0.01,3,3,0,cruise,Unknown,0.3336482365420313,observed,274,2
0,255,1.5583420004077198,124.43023700006961,9.66,34.54,0.69,73.9,0.18,3.64,122.72,0.0,0.01,5,5,0,cruise,Unknown,0.3057063776186688,observed,275,2
0,256,1.2913360001221008,133.04887899994355,9.98,34.72,0.58,81.53,0.21,4.45,131.59,0.0,0.01,5,5,0,cruise,Unknown,0.30183638292230175,observed,276,2
0,257,1.3133970001035777,129.3152039997949,15.31,35.18,0.58,73.27,0.17,3.26,127.86,0.0,0.01,2,2,0,cruise,Unknown,0.31823786793953857,observed,277,2
0,258,1.3712770000893215,140.77722899992295,9.73,34.05,0.4,88.78,0.37,5.75,139.23,0.0,0.01,2,2,0,cruise,Unknown,0.3220382524529303,observed,278,2
0,259,1.6064999999798601,138.23999799978992,14.49,36.27,0.82,80.26,0.22,4.31,136.48,0.0,0.01,4,4,0,cruise,Unknown,0.27068085388491114,observed,279,2
0,260,1.6147770002135076,135.02391600013652,11.64,37.17,0.68,80.17,0.19,3.28,133.23,0.0,0.01,4,4,0,cruise,Unknown,0.27266971625563513,observed,280,2
0,261,1.6000430000531196,126.67078499998752,11.02,34.44,0.61,75.41,0.16,3.19,124.92,0.0,0.01,4,4,0,cruise,Unknown,0.2824549191195969,observed,281,2
0,262,1.2899469998046698,126.41637699971398,9.95,35.16,0.57,75.0,0.24,3.96,124.99,0.0,0.01,4,4,0,cruise,Unknown,0.2838056881463803,observed,282,2
0,263,1.4448400002038397,129.34781900003145,10.41,38.46,0.67,74.41,0.15,3.51,127.71,0.0,0.01,5,5,0,cruise,Unknown,0.21268396976929196,observed,283,2
0,264,1.4018750002833258,129.19317900013993,10.74,35.29,0.6,77.4,0.16,3.33,127.62,0.0,0.01,4,4,0,cruise,Unknown,0.21386900026518166,observed,284,2
0,265,1.5875899998718523,134.1638349999812,10.9,35.48,0.66,82.01,0.24,3.02,132.41,0.0,0.01,4,4,0,cruise,Unknown,0.11862569610182976,observed,285,2
0,266,1.397827999880974,143.93489899975975,10.68,37.12,0.66,90.59,0.22,3.02,142.38,0.0,0.01,4,4,0,cruise,Unknown,0.13397639883320075,observed,286,2
0,267,1.5735980000499694,132.3394470000494,10.46,35.02,0.7,80.06,0.19,4.06,130.6,0.0,0.01,4,4,0,cruise,Unknown,0.27414313179527977,observed,287,2
0,268,1.5917119999357965,140.64268299989635,15.12,39.68,0.97,78.84,0.21,3.97,138.9,0.0,0.01,4,4,0,cruise,Unknown,0.26904004242906393,observed,288,2
0,269,1.4935300000615825,124.10474499984048,10.72,33.96,0.56,73.67,0.16,3.32,122.47,0.0,0.01,4,4,0,cruise,Unknown,0.25799854150092816,observed,289,2
0,270,1.2817669999094505,127.15667500015115,10.82,35.54,0.68,74.65,0.17,3.77,125.75,0.0,0.01,4,4,0,cruise,Unknown,0.2755336780694776,observed,290,2
0,271,1.2499889999162406,123.67226500009565,10.13,34.56,0.71,72.98,0.17,3.65,122.28,0.0,0.01,6,5,0,cruise,Unknown,0.25370922832140014,observed,291,2
0,272,1.380728000185627,135.6371870001567,10.84,36.37,0.7,82.29,0.19,3.63,134.11,0.0,0.01,5,4,0,cruise,Unknown,0.2487287854680456,observed,292,2
0,273,1.672124999913649,204.55084399964107,15.7,58.55,1.25,120.94,0.33,5.75,202.68,0.0,0.02,5,5,0,cruise,Unknown,0.24970167064439142,observed,293,2
0,274,1.3845920002495404,200.16062100012277,16.39,55.32,1.36,119.12,0.29,5.91,198.55,0.0,0.02,5,5,0,cruise,Unknown,0.23921870856536728,observed,294,2
0,275,2.8013669998472324,197.3610089999056,13.89,56.07,1.13,116.67,0.25,6.13,194.29,0.0,0.02,4,4,1,slow_down,Unknown,0.2514684433837178,observed,295,2
0,276,3.106769999703829,200.48307099978047,15.35,52.91,0.77,121.78,0.26,6.0,197.21,0.0,0.01,4,4,1,slow_down,Unknown,0.2529402015380536,observed,296,2
0,277,1.442699000108405,193.1670890003261,17.41,52.23,0.92,114.52,0.24,6.09,191.54,0.0,0.01,5,5,1,slow_down,Unknown,0.26059234950941396,observed,297,2
0,278,1.4523919999192003,197.63393999983236,15.24,54.43,0.85,119.06,0.3,5.99,196.02,0.0,0.02,4,4,1,slow_down,Unknown,0.265219769291965,observed,298,2
0,279,2.856877999874996,201.43343900008404,14.04,52.41,0.97,124.24,0.29,6.3,198.38,0.0,0.02,5,4,0,cruise,Unknown,0.25188776186687883,observed,299,2
0,280,3.4443680001459143,190.85775099983948,13.53,52.88,0.82,114.29,0.23,5.34,187.23,0.0,0.01,5,4,0,cruise,Unknown,0.2539777247414479,observed,300,2
0,281,3.635221999957139,197.68789399995512,12.76,51.87,0.9,121.23,0.31,6.69,193.89,0.0,0.01,4,4,0,cruise,Unknown,0.29051975603288255,observed,301,2
0,282,1.4894070000082138,208.37571400033994,18.5,62.06,0.82,118.27,0.37,6.54,206.69,0.0,0.01,4,4,0,cruise,Unknown,0.2889038053566693,observed,302,2
0,283,3.434408999964944,204.66508499976044,19.19,53.12,0.97,120.89,0.28,6.45,201.05,0.0,0.02,4,4,0,cruise,Unknown,0.29111309997348184,observed,303,2
0,284,2.9695970001739624,208.3599160000631,14.18,53.79,0.98,128.95,0.37,6.74,205.16,0.0,0.02,4,4,0,cruise,Unknown,0.29117276584460355,observed,304,2
0,285,4.843518000143376,191.14737400013837,13.0,51.82,0.94,115.3,0.3,4.62,186.12,0.0,0.02,4,4,0,cruise,Unknown,0.283683041633519,observed,305,2
0,286,1.3913450002291938,202.6640080002835,13.55,57.44,0.85,121.88,0.33,6.84,201.05,0.0,0.01,4,4,0,cruise,Unknown,0.27771313975072925,observed,306,2
0,287,1.65386100024989,181.33728200018595,15.72,56.95,0.84,101.87,0.18,3.86,179.54,0.0,0.01,3,3,0,cruise,Unknown,0.2781042826836383,observed,307,2
0,288,1.398873000198364,127.11178600011408,10.77,34.49,0.58,75.36,0.18,4.08,125.57,0.0,0.01,3,3,0,cruise,Unknown,0.276673959162026,observed,308,2
0,289,2.45817499990153,133.30615699987902,10.94,36.73,0.6,78.06,0.18,4.05,130.67,0.0,0.01,3,3,0,cruise,Unknown,0.2930920180323522,observed,309,2
0,290,1.4710210002704116,128.53559499990297,10.84,34.32,0.55,75.95,0.22,4.91,126.9,0.0,0.01,4,4,0,cruise,Unknown,0.30270816759480246,observed,310,2
0,291,1.4687349998894206,136.01003999974637,10.56,35.73,0.6,83.65,0.17,3.59,134.41,0.0,0.01,4,4,0,cruise,Unknown,0.2746469769291965,observed,311,2
0,292,1.413497000157804,128.16164800005936,10.41,37.97,0.61,73.77,0.13,3.63,126.62,0.0,0.01,4,4,0,cruise,Unknown,0.2719868735083532,observed,312,2
0,293,1.4460560000770784,126.29965699989043,10.69,35.31,0.62,73.84,0.16,4.01,124.72,0.0,0.01,4,4,0,cruise,Unknown,0.29034904534606204,observed,313,2
0,294,1.3716490002479986,124.18190200014578,10.02,34.59,0.54,73.82,0.15,3.44,122.67,0.0,0.01,4,4,0,cruise,Unknown,0.2932842747281888,observed,314,2
0,295,1.3678270001946657,125.23259800036612,9.96,34.71,0.55,74.25,0.18,3.96,123.7,0.0,0.01,4,4,0,cruise,Unknown,0.3162738663484487,observed,315,2
0,296,1.3995079998494475,127.29310399981841,10.37,34.48,0.58,75.65,0.26,4.28,125.71,0.0,0.01,4,4,0,cruise,Unknown,0.31386071333863697,observed,316,2
0,297,1.6382030003114778,126.95156900008442,11.06,35.4,0.54,74.22,0.17,3.69,125.17,0.0,0.01,4,4,0,cruise,Unknown,0.30067952797666403,observed,317,2
0,298,1.36733399995137,135.43053299963503,10.04,35.02,0.59,83.58,0.2,4.34,133.89,0.0,0.01,4,4,0,cruise,Unknown,0.30333300185627154,observed,318,2
0,299,1.585923000220646,139.93253500029823,11.15,35.97,0.61,86.17,0.18,3.99,138.19,0.0,0.01,3,3,1,slow_down,Unknown,0.31524960222752585,observed,319,2
0,300,1.521975000287057,125.67389800005913,10.56,35.15,0.51,73.48,0.18,4.03,124.0,0.0,0.01,3,3,1,slow_down,Unknown,0.31330383187483424,observed,320,2
0,301,1.5732150000076217,140.04797300003702,11.85,38.51,0.69,83.13,0.19,3.84,138.32,0.0,0.01,4,4,1,slow_down,Unknown,0.2616249005568815,observed,321,2
0,302,1.3463939999383001,124.95293099982518,10.44,35.29,0.63,72.9,0.15,3.93,123.45,0.0,0.01,4,4,1,slow_down,Unknown,0.26072991249005567,observed,322,2
0,303,1.4312650000647409,125.56466400019417,9.63,34.45,0.45,75.38,0.14,3.86,124.01,0.0,0.01,3,3,0,cruise,Unknown,0.2546837708830549,observed,323,2
0,304,1.42015099982018,130.88199100002385,10.71,35.83,0.65,78.23,0.16,3.65,129.33,0.0,0.01,3,3,0,cruise,Unknown,0.2659158711217184,observed,324,2
0,305,1.5090740002960956,130.29809699992256,10.75,35.38,0.75,77.47,0.19,4.0,128.65,0.0,0.01,3,3,0,cruise,Unknown,0.2824184566428003,observed,325,2
0,306,1.461515999835683,128.93584299990835,10.53,35.33,0.67,76.86,0.17,3.63,127.32,0.0,0.02,3,3,0,cruise,Unknown,0.2854498143728454,observed,326,2
0,307,1.5846829996917222,135.62408500001766,10.48,36.12,0.62,82.57,0.16,3.77,133.86,0.0,0.02,3,3,0,cruise,Unknown,0.2884347653142403,observed,327,2
0,308,1.360161999855336,124.80447000007189,11.18,34.77,0.56,73.24,0.14,3.34,123.32,0.0,0.01,3,3,0,cruise,Unknown,0.2879541235746486,observed,328,2
0,309,1.4754629996787116,126.75818499974412,10.38,36.09,0.64,73.88,0.18,3.88,125.15,0.0,0.01,3,3,1,slow_down,Unknown,0.2605708035003978,observed,329,2
0,310,1.294087000133004,125.65701399989848,10.37,35.37,0.56,74.13,0.15,3.56,124.22,0.0,0.01,3,3,1,slow_down,Unknown,0.26393363829223015,observed,330,2
0,311,1.4823090000390948,126.67232600006173,10.01,35.42,0.51,74.76,0.17,4.01,125.01,0.0,0.02,3,3,0,cruise,Unknown,0.27635076902678335,observed,331,2
0,312,1.5073539998411434,128.4244899998157,11.15,36.15,0.65,74.96,0.25,3.53,126.78,0.0,0.01,3,3,0,cruise,Unknown,0.2840294351630867,observed,332,2
0,313,1.4519340002152603,126.55636800036518,10.69,35.06,0.64,74.4,0.18,3.89,124.96,0.0,0.01,3,3,0,cruise,Unknown,0.3052373375762397,observed,333,2
0,314,1.3108039997860033,128.58564399994066,10.11,39.22,0.68,73.11,0.17,3.75,127.15,0.0,0.01,3,3,0,cruise,Unknown,0.30516109785202866,observed,334,2
0,315,1.5728450002825412,136.61970600014683,10.15,34.21,0.54,86.07,0.17,3.7,134.92,0.0,0.01,3,3,0,cruise,Unknown,0.33043953858393,observed,335,2
0,316,1.3418680000540917,127.53089100033321,10.99,35.28,0.56,74.91,0.2,4.02,126.05,0.0,0.01,3,3,0,cruise,Unknown,0.33161462476796605,observed,336,2
0,317,1.5044179999676999,128.4762650002449,11.57,35.94,0.73,74.39,0.17,3.91,126.83,0.0,0.01,3,3,0,cruise,Unknown,0.2843227923627685,observed,337,2
0,318,1.4312759999484115,126.32989399980943,10.6,36.08,0.56,73.53,0.15,3.74,124.76,0.0,0.01,3,3,0,cruise,Unknown,0.2784573057544418,observed,338,2
0,319,1.5389860000141198,127.15262099982283,10.24,35.84,0.52,74.95,0.18,3.66,125.48,0.0,0.01,3,3,1,slow_down,Unknown,0.32444974807743304,observed,339,2
0,320,1.3343600003281608,129.5505360003517,11.93,35.7,0.55,75.76,0.17,3.86,128.07,0.0,0.01,3,3,1,slow_down,Unknown,0.3243337311058075,observed,340,2
0,321,1.495641000019532,132.9546990000381,11.02,35.68,0.49,79.83,0.21,4.0,131.32,0.0,0.01,3,3,3,slow_down,Unknown,0.34081477061787324,observed,341,2
0,322,1.4402880001398444,127.91675800008306,10.23,34.85,0.48,76.88,0.15,3.63,126.31,0.0,0.01,3,3,3,slow_down,Unknown,0.34153076107133384,observed,342,2
0,323,1.3570669998443918,136.9635749997542,9.81,35.17,0.47,85.76,0.2,3.95,135.48,0.0,0.01,3,3,1,slow_down,Unknown,0.33065499867409176,observed,343,2
0,324,1.3693610003429058,127.96760900027948,11.11,35.43,0.47,75.26,0.15,3.94,126.46,0.0,0.01,3,3,1,slow_down,Unknown,0.33057544417926277,observed,344,2
0,325,1.447764000204188,128.44770000037897,10.82,34.68,0.51,75.48,0.24,5.0,126.84,0.0,0.02,3,3,1,slow_down,Unknown,0.329786528772209,observed,345,2
0,326,1.5036310001050879,128.63457599996764,12.59,35.84,0.46,74.11,0.15,3.74,127.0,0.0,0.01,3,3,1,slow_down,Unknown,0.3316643463272342,observed,346,2
0,327,1.5038290002848953,127.83844500017949,9.91,34.21,0.57,76.91,0.25,4.23,126.19,0.0,0.01,3,3,0,cruise,Unknown,0.302719769291965,observed,347,2
0,328,1.551495000057912,149.39060900042023,11.15,36.39,0.57,94.93,0.24,4.29,147.67,0.0,0.01,3,3,0,cruise,Unknown,0.2996668655529037,observed,348,2
0,329,1.5615140000591055,129.84799100013333,11.39,36.36,0.6,75.64,0.16,3.76,128.11,0.0,0.02,3,3,0,cruise,Unknown,0.2742624635375232,observed,349,2
0,330,1.378599999952712,124.68985599980442,9.99,35.6,0.48,73.21,0.14,3.65,123.18,0.0,0.01,3,3,0,cruise,Unknown,0.2742392601431981,observed,350,2
0,331,1.2588879999384517,138.88163100000384,9.5,46.65,0.7,76.49,0.19,3.88,137.5,0.0,0.01,3,3,1,slow_down,Unknown,0.27818383717846723,observed,351,2
0,332,1.5464709999832849,125.72901299972727,10.34,34.07,0.44,75.26,0.15,3.67,124.02,0.0,0.01,3,3,1,slow_down,Unknown,0.27641043489790507,observed,352,2
0,333,1.3433690000965726,124.78721600018616,10.32,34.86,0.53,73.58,0.17,3.75,123.31,0.0,0.01,3,3,1,slow_down,Unknown,0.22312715460090163,observed,353,2
0,334,1.455214999623422,125.53430399975696,9.91,34.98,0.43,74.85,0.15,3.55,123.96,0.0,0.01,3,3,1,slow_down,Unknown,0.22816063378414214,observed,354,2
0,335,1.3655940001626732,128.26902300002985,10.52,35.58,0.52,75.75,0.19,4.12,126.78,0.0,0.01,3,3,1,slow_down,Unknown,0.30397109520021215,observed,355,2
0,336,1.3861899997209548,128.9970650000214,11.87,35.67,0.48,74.89,0.17,4.27,127.47,0.0,0.01,3,3,1,slow_down,Unknown,0.31227625298329353,observed,356,2
0,337,1.6792070000519743,133.57248800002708,11.51,37.17,0.53,78.52,0.19,3.74,131.76,0.0,0.01,3,3,0,cruise,Unknown,0.27390612569610184,observed,357,2
0,338,1.3862749997315404,126.07949199991708,10.98,35.34,0.49,73.7,0.17,3.78,124.55,0.0,0.01,3,3,0,cruise,Unknown,0.2779435163086714,observed,358,2
0,339,1.4704539999002009,138.490081999862,10.42,46.54,0.42,75.32,0.15,3.95,136.88,0.0,0.01,2,2,0,cruise,Unknown,0.32583532219570405,observed,359,2
0,340,1.3368509999054368,127.76918000008664,10.51,37.66,0.42,73.69,0.15,3.78,126.3,0.0,0.01,2,2,0,cruise,Unknown,0.31266076637496687,observed,360,2
0,341,1.5463630002159334,126.42993600002228,10.84,34.58,0.43,74.89,0.19,3.71,124.74,0.0,0.01,3,3,0,cruise,Unknown,0.3069212410501193,observed,361,2
0,342,1.3512840000657889,128.40060400003495,10.6,35.62,0.51,76.17,0.18,3.73,126.91,0.0,0.01,3,3,0,cruise,Unknown,0.31127684964200475,observed,362,2
0,343,1.6405159999521857,130.6258730000991,10.31,37.13,0.51,76.84,0.19,3.79,128.86,0.0,0.01,2,2,0,cruise,Unknown,0.3109934367541766,observed,363,2
0,344,1.367504999961966,128.7894749998486,10.83,34.53,0.44,77.06,0.2,4.11,127.29,0.0,0.01,2,2,0,cruise,Unknown,0.2969255502519226,observed,364,2
0,345,1.3636650000989903,125.82952800039493,10.74,34.87,0.41,74.46,0.14,3.62,124.35,0.0,0.01,2,2,0,cruise,Unknown,0.3527562317687616,observed,365,2
0,346,1.437754000107816,126.0651110001163,10.18,34.62,0.49,75.61,0.16,3.33,124.49,0.0,0.01,2,2,0,cruise,Unknown,0.3516242376027579,observed,366,2
0,347,1.4917980001882825,143.49030600033075,10.19,49.26,0.52,76.49,0.29,5.0,141.86,0.0,0.01,2,2,0,cruise,Unknown,0.2969504110315566,observed,367,2
0,348,1.599505000285717,128.08313000005,10.99,35.08,0.43,76.32,0.15,3.28,126.35,0.0,0.01,2,2,0,cruise,Unknown,0.3163782816229117,observed,368,2
0,349,1.5430599996761885,126.75266799988094,10.43,35.14,0.58,74.96,0.16,3.73,125.09,0.0,0.01,3,2,0,cruise,Unknown,0.3243619066560594,observed,369,2
0,350,1.3226810001469858,128.6742260003848,11.03,35.76,0.52,75.59,0.19,4.0,127.2,0.0,0.01,3,2,0,cruise,Unknown,0.3113099973481835,observed,370,2
0,351,1.607370000328956,125.83196300010968,10.77,36.24,0.4,73.5,0.15,2.95,124.1,0.0,0.01,2,1,0,cruise,Unknown,0.16493138424821002,observed,371,2
0,352,1.429513999937626,128.8768849999542,10.46,35.07,0.54,77.77,0.22,3.17,127.33,0.0,0.01,2,1,0,cruise,Unknown,0.16968145054362238,observed,372,2
0,353,1.6180009997697198,128.90321899976698,10.6,36.51,0.45,75.61,0.25,3.59,127.13,0.0,0.01,2,2,0,cruise,Unknown,0.1997729382126757,observed,373,2
0,354,1.4932000003682333,131.45311600010245,12.9,36.93,0.54,75.91,0.16,3.25,129.8,0.0,0.01,2,2,0,cruise,Unknown,0.18958333333333333,observed,374,2
0,355,1.602509000349528,145.15364700037026,10.59,50.29,0.67,77.44,0.22,4.1,143.43,0.0,0.01,1,1,0,cruise,Unknown,0.2612917661097852,observed,375,2
0,356,1.3014940000175557,126.5497869999308,10.31,35.34,0.35,75.08,0.37,3.55,125.11,0.0,0.01,1,1,0,cruise,Unknown,0.2645866481039512,observed,376,2
0,357,1.5577939998365764,125.50041799977407,10.4,34.42,0.38,74.77,0.18,3.56,123.81,0.0,0.01,1,1,0,cruise,Unknown,0.34950444179262796,observed,377,2
0,358,1.3501329999598966,129.16397800017876,10.71,35.19,0.41,76.93,0.2,4.13,127.69,0.0,0.01,1,1,0,cruise,Unknown,0.3477658446035534,observed,378,2
0,359,1.5658539996366017,128.40454699971815,10.94,36.17,0.42,75.14,0.17,3.76,126.7,0.0,0.01,1,1,0,cruise,Unknown,0.2528457305754442,observed,379,2
0,360,1.3635909999720752,130.29183800017563,11.32,38.71,0.37,74.23,0.19,3.87,128.8,0.0,0.02,1,1,0,cruise,Unknown,0.2510474675152479,observed,380,2
0,361,1.6694449996066396,125.58170299962512,11.1,34.9,0.33,73.43,0.16,3.74,123.78,0.0,0.01,1,1,0,cruise,Unknown,0.28973249801113765,observed,381,2
0,362,1.3532240000131424,128.2394709996879,10.28,34.96,0.48,76.57,0.29,4.09,126.76,0.0,0.01,1,1,0,cruise,Unknown,0.2877535799522673,observed,382,2
0,363,1.4755709999008104,143.4793109997372,14.04,50.62,0.56,73.98,0.16,2.35,141.85,0.0,0.01,1,1,0,cruise,Unknown,0.05699582338902148,observed,383,2
0,364,1.6270399996756169,144.3168499999956,11.49,35.27,0.4,91.34,0.32,3.56,142.51,0.0,0.01,1,1,0,cruise,Unknown,0.05608426146910634,observed,384,2
0,365,1.5512509999098256,203.03815199986275,15.09,56.85,0.67,124.23,0.32,3.98,201.31,0.0,0.02,1,1,1,slow_down,Unknown,0.03198587907716786,observed,385,2
0,366,3.29716299984284,202.22900299995672,17.58,54.24,0.55,122.65,0.28,3.27,198.75,0.0,0.01,1,1,1,slow_down,Unknown,0.041406457173163616,observed,386,2
0,367,3.004008000061731,194.11357599983603,13.79,53.52,0.56,117.14,0.32,5.45,190.95,0.0,0.02,1,1,0,cruise,Unknown,0.09277877220896313,observed,387,2
0,368,1.025284999741416,224.6300629999496,18.47,57.01,0.44,138.42,0.32,8.62,223.43,0.0,0.02,1,1,0,cruise,Unknown,0.09407816229116946,observed,388,2
0,369,4.245355999955791,201.45636600000216,17.74,55.62,0.52,118.83,0.27,3.94,197.06,0.0,0.01,1,1,0,cruise,Unknown,0.07934234950941395,observed,389,2
0,370,2.248234000035154,401.3344360000701,14.55,54.26,0.56,303.97,0.32,18.95,392.79,0.0,0.02,1,1,0,cruise,Unknown,0.07481934500132591,observed,390,2
0,371,5.394386000261875,609.0253239999583,54.52,188.96,0.58,354.31,0.29,4.63,603.44,0.0,0.02,1,1,0,cruise,Unknown,0.038350238663484484,observed,391,2
0,372,3.856262999761384,199.5135309998659,20.03,53.79,0.44,117.23,0.32,3.5,195.46,0.0,0.02,1,1,0,cruise,Unknown,0.0386402810925484,observed,392,2
0,373,1.6862380002748978,194.258321000234,14.52,53.67,0.48,120.35,0.31,2.91,192.39,0.0,0.02,1,1,0,cruise,Unknown,0.03938776186687881,observed,393,2
0,374,1.4217030002328102,189.20845000002373,12.95,52.97,0.53,117.4,0.28,3.33,187.62,0.0,0.01,1,1,0,cruise,Unknown,0.04534937682312384,observed,394,2
0,375,3.014936999989004,198.31961799991404,13.5,61.27,0.53,113.83,0.28,5.57,195.14,0.0,0.01,1,1,0,cruise,Unknown,0.10036793953858393,observed,395,2
0,376,1.7147570001725398,187.57258799996634,15.6,53.81,0.48,112.84,0.2,2.69,185.73,0.0,0.01,1,1,0,cruise,Unknown,0.09776087244762663,observed,396,2
0,377,1.3350710000850086,124.44999399986045,10.35,34.37,0.42,75.08,0.23,2.43,122.98,0.0,0.01,1,1,0,cruise,Unknown,0.07741315300981172,observed,397,2
0,378,1.3025289999859524,125.45153700011724,10.64,36.25,0.5,73.54,0.18,2.81,124.01,0.0,0.01,1,1,0,cruise,Unknown,0.0905545611243702,observed,398,2
0,379,1.393442999869876,127.21506599973509,10.22,35.27,0.45,76.43,0.16,3.04,125.68,0.0,0.01,1,1,0,cruise,Unknown,0.15744000265181649,observed,399,2
0,380,1.4134990001366532,125.61198899993542,10.57,35.39,0.38,74.43,0.15,3.05,124.06,0.0,0.01,1,1,0,cruise,Unknown,0.1609287987271281,observed,400,2
0,381,1.3761879999947269,122.85041299992372,10.51,34.17,0.38,73.78,0.17,2.25,121.36,0.0,0.01,1,1,0,cruise,Unknown,0.05678533545478653,observed,401,2
0,382,1.3046500002928951,125.20498200001384,10.22,35.71,0.39,74.58,0.18,2.59,123.77,0.0,0.01,1,1,0,cruise,Unknown,0.059273070803500395,observed,402,2
0,383,1.6042060001382197,128.5794899999928,9.93,36.58,0.39,77.79,0.17,1.89,126.85,0.0,0.01,1,1,0,cruise,Unknown,0.028848448687350835,observed,403,2
0,384,1.3352920000215818,138.00926099975186,10.2,34.94,0.37,88.64,0.18,2.1,136.53,0.0,0.01,1,1,0,cruise,Unknown,0.02833631662688942,observed,404,2
0,385,1.5712230001554417,133.52844000019104,10.07,35.72,0.34,83.05,0.2,2.33,131.82,0.0,0.01,1,1,0,cruise,Unknown,0.04650125961283479,observed,405,2
0,386,1.5410890000566724,135.742781999852,11.39,37.08,0.33,82.9,0.19,2.03,134.06,0.0,0.01,1,1,0,cruise,Unknown,0.047558671439936355,observed,406,2
0,387,1.566527000250062,135.11715399999957,11.17,35.81,0.32,82.86,0.16,2.96,133.42,0.0,0.01,1,1,0,cruise,Unknown,0.1343178202068417,observed,407,2
0,388,1.3150499999028398,130.20303799976318,10.09,35.67,0.4,78.98,0.17,3.35,128.76,0.0,0.01,1,1,0,cruise,Unknown,0.12403705913550782,observed,408,2
0,389,1.4316249998955755,129.17194999999992,10.47,34.69,0.28,78.59,0.15,3.32,127.62,0.0,0.01,1,1,0,cruise,Unknown,0.28053566693184834,observed,409,2
0,390,1.4210689996616566,131.93037599967283,10.13,34.09,0.31,82.02,0.16,3.58,130.4,0.0,0.01,1,1,0,cruise,Unknown,0.2780462741978255,observed,410,2
0,391,1.448212000013882,130.66815999991377,12.38,36.2,0.07,76.77,0.14,3.39,129.11,0.0,0.02,0,0,0,cruise,Unknown,0.2860729912490056,observed,411,2
0,392,1.2459760000638198,134.4843699998819,9.57,35.17,0.08,84.27,0.21,3.74,133.13,0.0,0.01,0,0,0,cruise,Unknown,0.28888557411827104,observed,412,2
0,393,1.5086000003066147,130.01850699993156,9.53,35.4,0.11,79.54,0.21,3.47,128.38,0.0,0.01,0,0,1,slow_down,Unknown,0.28865685494563775,observed,413,2
0,394,1.5687800000705465,133.69172600005186,10.22,37.36,0.07,80.36,0.2,3.65,131.98,0.0,0.01,0,0,1,slow_down,Unknown,0.28791766109785205,observed,414,2
0,395,1.5736179998384614,143.18100399987088,11.97,39.7,0.1,86.03,0.25,3.29,141.47,0.0,0.01,0,0,1,slow_down,Unknown,0.23774032086979582,observed,415,2
0,396,1.3233109998509462,124.8631190001106,10.93,35.57,0.09,73.17,0.15,3.37,123.41,0.0,0.01,0,0,1,slow_down,Unknown,0.23979713603818617,observed,416,2
0,397,0.9971570002562657,126.88405900007638,11.06,35.77,0.39,74.68,0.19,3.55,125.76,0.0,0.01,1,1,0,cruise,Unknown,0.24855973216653407,observed,417,2
0,398,2.401654000095732,131.2662810000802,10.79,35.26,0.32,78.72,0.17,3.32,128.69,0.0,0.01,1,1,0,cruise,Unknown,0.25211979581012994,observed,418,2
0,399,1.6729639996810874,129.05084899966823,11.32,37.78,0.35,74.35,0.14,3.19,127.24,0.0,0.01,1,1,2,slow_down,Unknown,0.25274131530098115,observed,419,2
0,400,1.408703999913996,132.94962500003749,9.84,35.66,0.28,81.53,0.21,3.76,131.41,0.0,0.01,1,1,2,slow_down,Unknown,0.2497066428003182,observed,420,2
0,401,1.6814010000416602,132.58636699993076,11.23,42.3,0.14,73.22,0.15,3.62,130.76,0.0,0.01,0,0,1,slow_down,Unknown,0.3109122248740387,observed,421,2
0,402,1.2881140000899904,139.23498100029974,11.59,35.52,0.07,86.06,0.22,4.27,137.83,0.0,0.01,0,0,1,slow_down,Unknown,0.3104647308406258,observed,422,2
0,403,1.5278279997801292,132.44876599992494,11.82,37.12,0.31,77.54,0.17,3.72,130.77,0.0,0.01,1,1,0,cruise,Unknown,0.3074632060461416,observed,423,2
0,404,1.401923000230454,124.696725999911,10.12,35.46,0.34,73.64,0.14,3.38,123.18,0.0,0.01,1,1,0,cruise,Unknown,0.30718808008485815,observed,424,2
0,405,1.289777999772923,123.98364299997411,10.01,34.87,0.32,73.3,0.19,3.8,122.58,0.0,0.01,1,1,0,cruise,Unknown,0.25748972421108457,observed,425,2
0,406,1.2998299998798757,125.5753589998676,11.12,35.03,0.29,73.9,0.17,3.56,124.16,0.0,0.01,1,1,0,cruise,Unknown,0.26145418987006097,observed,426,2
0,407,1.5491680001105124,128.2987360000334,10.43,35.26,0.31,76.78,0.18,3.55,126.63,0.0,0.01,1,1,0,cruise,Unknown,0.3095515115354017,observed,427,2
0,408,1.4361609996740299,168.95258199974705,11.05,50.0,0.07,100.09,0.2,5.84,167.38,0.0,0.01,0,0,0,cruise,Unknown,0.31214034738796076,observed,428,2
0,409,2.7938210000684194,131.9533539999611,10.8,37.04,0.08,77.18,0.17,3.65,129.01,0.0,0.01,0,0,0,cruise,Unknown,0.28085388491116414,observed,429,2
0,410,2.031013000305393,135.598729999856,9.46,42.58,0.07,77.42,0.15,3.65,133.46,0.0,0.01,0,0,0,cruise,Unknown,0.284518363829223,observed,430,2
0,411,1.3872009999431612,124.82531200021185,10.23,35.66,0.09,73.47,0.14,3.64,123.33,0.0,0.01,0,0,0,cruise,Unknown,0.28424323786793954,observed,431,2
0,412,1.3122360001034394,125.04628300030163,9.19,34.95,0.08,75.16,0.19,3.93,123.6,0.0,0.01,0,0,0,cruise,Unknown,0.29072858658180856,observed,432,2
0,413,1.4321469998321845,133.61398799997914,9.66,37.8,0.08,80.51,0.26,3.56,132.05,0.0,0.01,0,0,0,cruise,Unknown,0.28468410236011665,observed,433,2
0,414,1.3936600003034982,126.1382960001356,10.06,37.23,0.08,73.4,0.13,3.61,124.6,0.0,0.01,0,0,0,cruise,Unknown,0.28888557411827104,observed,434,2
0,415,1.4319090000753931,126.74458000037703,9.59,34.43,0.09,74.93,0.25,5.78,125.19,0.0,0.01,0,0,0,cruise,Unknown,0.2499055290373906,observed,435,2
0,416,1.3663849999829836,134.03624400007175,13.08,39.7,0.1,75.79,0.17,3.59,132.56,0.0,0.01,0,0,0,cruise,Unknown,0.24692555025192256,observed,436,2
0,417,1.2894820001747576,128.16426900008082,10.46,34.87,0.07,76.44,0.2,4.58,126.75,0.0,0.01,0,0,0,cruise,Unknown,0.3524164677804296,observed,437,2
0,418,1.40064600009282,124.62874700031534,10.71,34.93,0.07,73.83,0.16,3.33,123.12,0.0,0.01,0,0,0,cruise,Unknown,0.3514303235216123,observed,438,2
0,419,1.4702250000482309,124.58431999993991,10.6,34.35,0.12,74.12,0.15,3.57,123.0,0.0,0.01,0,0,0,cruise,Unknown,0.34066560594006895,observed,439,2
0,420,1.4225049999367911,122.5959549997242,9.74,34.16,0.08,73.27,0.13,3.59,121.05,0.0,0.01,0,0,0,cruise,Unknown,0.34076504905860516,observed,440,2
0,421,1.323142000273947,128.90718600010587,10.09,35.18,0.27,77.67,0.18,3.97,127.47,0.0,0.01,1,1,1,slow_down,Unknown,0.3414329753381066,observed,441,2
0,422,1.2933689999954368,126.46418799977255,10.65,35.34,0.33,74.81,0.16,3.66,125.05,0.0,0.01,1,1,1,slow_down,Unknown,0.34159374171307344,observed,442,2
0,423,1.5563980000479205,124.91472600004272,10.82,33.9,0.12,74.17,0.17,3.91,123.22,0.0,0.01,0,0,1,slow_down,Unknown,0.3432627287191726,observed,443,2
0,424,1.4063689995964523,150.15630899961252,11.29,50.27,0.1,82.95,0.2,3.73,148.64,0.0,0.01,0,0,1,slow_down,Unknown,0.34387430389817025,observed,444,2
0,425,2.463196999997308,132.32508100009,9.64,37.34,0.08,79.21,0.13,3.25,129.75,0.0,0.01,0,0,0,cruise,Unknown,0.3451173428798727,observed,445,2
0,426,1.4411769998332602,126.66679899984956,11.16,35.69,0.07,74.05,0.17,3.86,125.1,0.0,0.01,0,0,0,cruise,Unknown,0.3450759082471493,observed,446,2
0,427,1.6875599999366386,128.68039299974043,10.99,34.61,0.07,76.76,0.23,4.09,126.86,0.0,0.01,0,0,0,cruise,Unknown,0.3394789180588703,observed,447,2
0,428,1.4729599997735932,127.81673399967985,10.61,35.92,0.1,75.5,0.22,3.74,126.19,0.0,0.01,0,0,0,cruise,Unknown,0.33688179527976664,observed,448,2
0,429,1.6042120000747673,127.13333400006377,10.87,34.07,0.07,76.69,0.15,3.44,125.38,0.0,0.01,0,0,0,cruise,Unknown,0.3136734287987271,observed,449,2
0,430,1.3272549999783223,125.17015999992509,10.7,35.54,0.09,73.58,0.15,3.59,123.73,0.0,0.01,0,0,0,cruise,Unknown,0.31551644126226464,observed,450,2
0,431,1.4900420001140446,133.65537700019559,10.84,34.32,0.12,77.48,0.28,8.8,131.99,0.0,0.01,0,0,0,cruise,Unknown,0.33449350304958897,observed,451,2
0,432,1.4721779998581042,138.68227300008584,17.27,41.29,0.14,74.21,0.2,3.85,137.07,0.0,0.01,0,0,0,cruise,Unknown,0.3360531026252983,observed,452,2
0,433,1.69680499993774,129.7496140000476,10.39,36.12,0.27,76.95,0.16,3.93,127.92,0.0,0.01,1,1,0,cruise,Unknown,0.3273087377353487,observed,453,2
0,434,1.4402619999600574,125.53559600019071,11.28,35.61,0.34,72.85,0.15,3.63,123.96,0.0,0.01,1,1,0,cruise,Unknown,0.3280263855741183,observed,454,2
0,435,1.5034150001156377,123.75642000006337,10.56,34.06,0.24,73.51,0.15,3.54,122.14,0.0,0.01,1,0,0,cruise,Unknown,0.31288285600636434,observed,455,2
0,436,1.2751720000778732,123.38201900001877,9.42,34.85,0.31,73.46,0.18,3.66,121.98,0.0,0.01,1,0,0,cruise,Unknown,0.3114608194112967,observed,456,2
0,437,1.5079790000527282,132.35245199985002,10.94,39.22,0.37,75.87,0.17,4.05,130.71,0.0,0.01,1,1,0,cruise,Unknown,0.3114127552373376,observed,457,2
0,438,1.4531360002365545,130.3775390001647,11.17,35.99,0.27,76.99,0.2,4.02,128.77,0.0,0.01,1,1,0,cruise,Unknown,0.31086913285600637,observed,458,2
0,439,1.6695360000085202,138.67656499996883,11.98,37.85,0.41,79.6,0.38,6.48,136.83,0.0,0.01,1,1,0,cruise,Unknown,0.32394756032882527,observed,459,2
0,440,1.4163179998831765,139.51785900007962,16.07,39.65,0.52,76.52,0.24,4.8,137.96,0.0,0.01,1,1,0,cruise,Unknown,0.3278324714929727,observed,460,2
0,441,1.591609000115568,159.75918100002673,14.6,37.66,0.52,98.59,0.29,6.18,157.98,0.0,0.01,2,1,0,cruise,Unknown,0.3054262795014585,observed,461,2
0,442,1.397786999859818,133.15197600013562,14.75,37.42,0.46,74.66,0.22,3.99,131.61,0.0,0.01,2,1,0,cruise,Unknown,0.30716321930522406,observed,462,2
0,443,1.580860000103712,126.73033600003691,10.7,35.42,0.45,74.13,0.23,3.92,124.96,0.0,0.01,2,2,0,slow_down,Unknown,0.2843824582338902,observed,463,2
0,444,1.544835000004241,138.4443150000152,10.45,35.09,0.46,86.19,0.28,4.11,136.75,0.0,0.01,2,2,0,slow_down,Unknown,0.28117044550517106,observed,464,2
0,445,1.6561950001232617,127.71208000003753,11.26,35.71,0.43,74.48,0.18,3.76,125.91,0.0,0.01,1,1,0,cruise,Unknown,0.2718857730045081,observed,465,2
0,446,1.3755680001850124,127.03783599999952,10.94,35.95,0.35,74.02,0.19,3.97,125.52,0.0,0.01,1,1,0,cruise,Unknown,0.2717664412622646,observed,466,2
0,447,1.4907429999766464,146.41598800017164,10.96,35.81,0.46,93.42,0.19,3.86,144.8,0.0,0.01,1,1,0,cruise,Unknown,0.27540108724476264,observed,467,2
0,448,2.1098269999129116,145.85226600001988,9.77,39.58,0.38,87.42,0.22,6.12,143.6,0.0,0.01,1,1,0,cruise,Unknown,0.28068648899496157,observed,468,2
0,449,1.5071869997882459,131.352011999752,11.68,35.12,0.38,78.83,0.17,3.43,129.71,0.0,0.01,1,1,0,cruise,Unknown,0.283028374436489,observed,469,2
0,450,1.2572680002449488,132.01832300001115,10.88,35.63,0.35,79.72,0.18,3.73,130.58,0.0,0.01,1,1,0,cruise,Unknown,0.28177539114293293,observed,470,2
0,451,1.5342820001933433,129.17259300002115,10.49,34.87,0.36,76.24,0.3,5.14,127.5,0.0,0.01,1,1,0,cruise,Unknown,0.2874685096791302,observed,471,2
0,452,1.4703430001645756,132.92194499990728,10.41,34.69,0.38,77.05,0.27,8.36,131.27,0.0,0.01,1,1,0,cruise,Unknown,0.28905959957570937,observed,472,2
0,453,1.4627860000473447,200.17910300020958,17.67,57.09,0.6,116.01,0.28,6.7,198.54,0.0,0.01,1,1,0,cruise,Unknown,0.2852741315300981,observed,473,2
0,454,1.310072000251239,199.8268380002628,12.25,55.14,0.38,123.79,0.29,6.36,198.35,0.0,0.01,1,1,0,cruise,Unknown,0.28288915407053833,observed,474,2
0,455,1.4705690000482718,190.1522009998189,14.74,54.37,0.38,112.87,0.23,5.79,188.51,0.0,0.01,1,1,1,slow_down,Unknown,0.30474675152479447,observed,475,2
0,456,3.047058999982255,193.85821199966813,15.35,55.47,0.42,112.49,0.24,6.57,190.67,0.0,0.02,1,1,1,slow_down,Unknown,0.3026203261734288,observed,476,2
0,457,3.0851880001137033,195.0114129999747,14.95,52.95,0.45,116.82,0.27,6.18,191.76,0.0,0.01,1,1,1,slow_down,Unknown,0.3273352559002917,observed,477,2
0,458,3.058031999898958,190.7226940002147,15.81,49.83,0.5,115.51,0.22,5.47,187.49,0.0,0.01,1,1,1,slow_down,Unknown,0.3275573455316892,observed,478,2
0,459,3.3166650000566733,204.0077649999148,13.51,58.21,0.42,119.67,0.32,8.25,200.53,0.0,0.01,1,1,0,cruise,Unknown,0.30549588968443386,observed,479,2
0,460,3.051792999940517,206.5884069997992,22.47,66.57,0.56,107.72,0.22,5.7,203.38,0.0,0.01,1,1,0,cruise,Unknown,0.30643231238398305,observed,480,2
0,461,3.5431740002422885,189.4315690001349,13.85,53.9,0.13,111.91,0.21,5.63,185.76,0.0,0.02,0,0,0,cruise,Unknown,0.28891374966852296,observed,481,2
0,462,3.1774260000929644,200.68472699995255,15.71,57.68,0.16,118.89,0.28,4.52,197.39,0.0,0.01,0,0,0,cruise,Unknown,0.28940433571996815,observed,482,2
0,463,3.399011000055907,207.8787310001644,13.72,60.67,0.49,121.54,0.32,7.43,204.31,0.0,0.01,1,1,0,cruise,Unknown,0.2965609254839565,observed,483,2
0,464,3.687658999751875,217.0062019999932,19.9,55.71,0.56,129.79,0.27,6.74,213.12,0.0,0.02,1,1,0,cruise,Unknown,0.2962244762662424,observed,484,2
0,465,3.689853000196308,212.3132810002062,15.76,57.51,0.48,127.87,0.35,6.3,208.43,0.0,0.02,1,1,0,cruise,Unknown,0.32518728453990986,observed,485,2
0,466,4.047589000037988,219.66658499968617,17.44,60.72,1.08,129.11,0.34,6.51,215.35,0.0,0.01,1,1,0,cruise,Unknown,0.3235779634049324,observed,486,2
0,467,3.6728579998452915,187.81458599960388,18.03,61.21,0.57,99.64,0.22,4.19,183.99,0.0,0.02,1,1,0,cruise,Unknown,0.32102393264386103,observed,487,2
0,468,1.4934409996385511,138.8650429998961,11.65,36.6,0.39,84.14,0.19,4.15,137.23,0.0,0.01,1,1,0,cruise,Unknown,0.32205648369132855,observed,488,2
0,469,1.6128649999700428,136.89433199988343,11.1,36.64,0.32,83.13,0.16,3.71,135.15,0.0,0.01,1,1,0,cruise,Unknown,0.31375464067886505,observed,489,2
0,470,2.402835999873787,140.39461499987738,10.54,35.53,0.33,86.84,0.22,4.27,137.84,0.0,0.01,1,1,0,cruise,Unknown,0.3150507159904535,observed,490,2
0,471,1.6761980000410404,144.77271599980668,11.88,37.65,0.43,88.62,0.21,4.03,142.93,0.0,0.01,1,1,0,cruise,Unknown,0.3137844736144259,observed,491,2
0,472,1.4624810000896105,137.70999400003348,11.95,38.74,0.38,80.28,0.24,4.4,136.09,0.0,0.01,1,1,0,cruise,Unknown,0.31484685759745423,observed,492,2
0,473,1.6917919997467834,132.74062399977993,12.33,36.83,0.48,77.24,0.22,3.71,130.9,0.0,0.01,2,1,0,cruise,Unknown,0.3271214531954389,observed,493,2
0,474,1.4082350003263855,132.34701600003973,10.8,36.43,0.47,79.06,0.16,3.78,130.81,0.0,0.01,2,1,0,cruise,Unknown,0.3268015778308141,observed,494,2
0,475,1.59528499989392,133.4778339996774,10.37,35.16,0.58,81.13,0.18,4.21,131.75,0.0,0.03,2,2,1,slow_down,Unknown,0.31854448422169185,observed,495,2
0,476,1.4876980003464269,137.91783300030147,10.14,35.23,0.39,85.54,0.23,4.63,136.26,0.0,0.01,2,2,1,slow_down,Unknown,0.31651750198886236,observed,496,2
0,477,1.722345999951358,135.97372300000643,11.35,34.99,0.49,81.75,0.31,5.03,134.03,0.0,0.01,2,2,1,slow_down,Unknown,0.32199184566428,observed,497,2
0,478,1.4015250003467372,135.23307700006626,11.27,35.08,0.5,82.43,0.22,4.08,133.69,0.0,0.01,2,2,1,slow_down,Unknown,0.32030462741978255,observed,498,2
0,479,1.7295730003752396,164.47480900023947,11.22,51.1,0.71,94.46,0.25,4.57,162.59,0.0,0.02,2,2,1,slow_down,Unknown,0.30049555820737206,observed,499,2
0,480,1.6048120000959898,130.9838420002052,11.32,37.98,0.5,75.49,0.24,3.59,129.22,0.0,0.01,2,2,0,cruise,Unknown,0.2958051577830814,observed,500,2
0,481,1.5342279998549202,135.21473199989487,10.22,36.14,0.32,82.76,0.21,3.76,133.55,0.0,0.01,1,1,0,cruise,Unknown,0.30298992309732165,observed,501,2
0,482,1.4687000002595596,127.7870429998984,10.85,35.31,0.32,75.32,0.22,4.06,126.18,0.0,0.01,1,1,0,cruise,Unknown,0.2995110713338637,observed,502,2
0,483,1.5417550002894131,128.46698800012746,11.38,35.4,0.5,75.17,0.24,3.98,126.76,0.0,0.01,2,2,0,cruise,Unknown,0.33411727658446033,observed,503,2
0,484,1.3814369999636256,127.78481399982411,11.74,35.1,0.57,74.49,0.24,3.99,126.24,0.0,0.01,2,2,0,cruise,Unknown,0.33227592150623175,observed,504,2
0,485,1.379283000005671,128.96967500000756,11.03,35.7,0.48,75.66,0.19,4.25,127.41,0.0,0.01,2,2,1,slow_down,Unknown,0.32119795810129936,observed,505,2
0,486,1.3812309998684213,125.27817399995911,11.24,35.43,0.52,72.79,0.15,3.53,123.75,0.0,0.01,2,2,1,slow_down,Unknown,0.3217034606205251,observed,506,2
0,487,1.6283599998132559,141.61306500000137,11.75,48.17,0.56,75.12,0.17,3.94,139.84,0.0,0.01,2,2,2,slow_down,Unknown,0.3237354150092814,observed,507,2
0,488,1.1193939999429858,125.06914300001881,10.2,34.77,0.38,74.18,0.2,4.0,123.82,0.0,0.01,2,2,1,slow_down,Unknown,0.32331941129673825,observed,508,2
0,489,1.9071320002694847,128.4599599998728,10.28,34.51,0.38,77.38,0.17,3.62,126.43,0.0,0.01,2,2,1,slow_down,Unknown,0.3244215725271811,observed,509,2
0,490,1.363634999961505,125.85250599977371,10.45,36.03,0.4,73.48,0.16,3.74,124.35,0.0,0.01,2,2,1,slow_down,Unknown,0.324216056748873,observed,510,2
0,491,1.6580169999542704,125.92884599962417,10.66,34.31,0.4,74.84,0.16,3.66,124.15,0.0,0.01,2,2,1,slow_down,Unknown,0.32581046141607,observed,511,2
0,492,1.3636029998451704,123.84978199997931,9.97,34.67,0.42,73.16,0.15,3.88,122.35,0.0,0.01,2,2,1,slow_down,Unknown,0.32556351100503844,observed,512,2
0,493,1.5015330000096583,136.0471680000046,15.86,39.11,0.66,74.69,0.18,3.76,134.4,0.0,0.01,2,2,1,slow_down,Unknown,0.30230542296473084,observed,513,2
0,494,1.48966400001882,125.67091199980496,10.7,35.03,0.43,73.95,0.19,3.64,124.03,0.0,0.01,2,2,1,slow_down,Unknown,0.3026269557146645,observed,514,2
0,495,1.4475859998128726,142.49213199991573,10.38,52.28,0.58,73.37,0.19,4.01,140.91,0.0,0.01,2,2,1,slow_down,Unknown,0.3219089763988332,observed,515,2
0,496,1.423719000285928,130.8024029999615,10.36,36.66,0.51,77.0,0.23,4.23,129.14,0.0,0.01,2,2,1,slow_down,Unknown,0.32353155661628213,observed,516,2
0,497,1.5303200002563244,129.88595500019073,13.0,35.87,0.48,74.83,0.16,3.74,128.22,0.0,0.01,2,2,1,slow_down,Unknown,0.3209808406258287,observed,517,2
0,498,1.3833829998475267,125.25808100008362,10.41,34.93,0.41,73.65,0.18,4.07,123.75,0.0,0.01,2,2,1,slow_down,Unknown,0.32061953062848053,observed,518,2
0,499,1.674306000040815,127.9344059998948,11.39,36.18,0.5,74.22,0.15,3.58,126.14,0.0,0.01,2,2,0,cruise,Unknown,0.31775225404402013,observed,519,2
0,500,1.3119740001457103,125.54283000008581,10.14,35.05,0.42,74.37,0.17,3.85,124.08,0.0,0.01,2,2,0,cruise,Unknown,0.3176992177141342,observed,520,2
0,501,1.3742910000473785,130.4535450003641,10.7,35.65,0.43,77.46,0.25,4.37,128.95,0.0,0.01,2,2,0,cruise,Unknown,0.32261667992574916,observed,521,2
0,502,1.5069030000631756,133.84825999992245,11.67,35.75,0.46,80.33,0.15,3.73,132.2,0.0,0.01,2,2,0,cruise,Unknown,0.3206924555820737,observed,522,2
0,503,1.1400210000829247,146.4145479999388,15.93,48.26,0.56,76.66,0.17,3.48,145.17,0.0,0.01,2,2,0,cruise,Unknown,0.3251988862370724,observed,523,2
0,504,1.7011049999382521,133.32258699983868,9.94,34.76,0.39,82.31,0.18,3.83,131.5,0.0,0.01,2,2,0,cruise,Unknown,0.3247961416070008,observed,524,2
0,505,1.6671939997650043,125.2691589997994,10.09,35.19,0.36,73.68,0.14,3.91,123.47,0.0,0.01,2,2,0,cruise,Unknown,0.3161727658446036,observed,525,2
0,506,1.3422189999801049,125.88327200001004,10.69,35.15,0.42,73.97,0.17,3.89,124.4,0.0,0.01,2,2,0,cruise,Unknown,0.31771413418191463,observed,526,2
0,507,1.53339300004518,128.21516799976962,11.36,36.62,0.44,74.35,0.21,3.46,126.53,0.0,0.01,2,2,0,cruise,Unknown,0.3146330548926014,observed,527,2
0,508,1.3747550001426134,125.5781750001006,10.15,35.21,0.36,74.27,0.16,3.84,124.07,0.0,0.01,2,2,0,cruise,Unknown,0.31313146380270485,observed,528,2
0,509,1.3489490002029925,124.4179959999201,10.23,34.29,0.43,73.81,0.18,3.9,122.94,0.0,0.01,2,2,0,cruise,Unknown,0.30924986740917526,observed,529,2
0,510,1.6159229999175295,127.78166999987661,10.97,36.41,0.4,74.22,0.22,3.68,126.02,0.0,0.01,2,2,0,cruise,Unknown,0.3101017634579687,observed,530,2
0,511,1.5314050001506985,142.9309020004439,16.32,46.84,0.5,73.44,0.16,3.87,141.25,0.0,0.01,2,2,0,cruise,Unknown,0.3100072924953593,observed,531,2
0,512,1.2776510002368013,134.1465360001166,10.06,36.53,0.37,81.27,0.23,4.18,132.74,0.0,0.01,2,2,0,cruise,Unknown,0.3097354813046937,observed,532,2
0,513,1.6583379997427983,126.47061999996367,11.17,35.74,0.48,73.38,0.16,3.61,124.66,0.0,0.01,2,2,0,cruise,Unknown,0.3139767303102625,observed,533,2
0,514,1.4370600001711864,128.39890700024625,11.34,35.43,0.36,75.72,0.19,3.67,126.83,0.0,0.01,2,2,0,cruise,Unknown,0.3129375497215593,observed,534,2
0,515,1.5912099997876794,126.04183199982799,10.94,35.69,0.41,73.18,0.15,3.84,124.32,0.0,0.01,2,2,0,cruise,Unknown,0.31221161495624505,observed,535,2
0,516,1.285262000237708,133.19283800001358,13.3,35.97,0.56,77.86,0.21,3.76,131.77,0.0,0.01,2,2,0,cruise,Unknown,0.31543854415274464,observed,536,2
0,517,1.6891360000954592,131.3656729998911,10.7,35.96,0.48,77.96,0.23,4.1,129.53,0.0,0.01,2,2,0,cruise,Unknown,0.32119795810129936,observed,537,2
0,518,1.5631420001227525,134.30804500012528,11.66,36.39,0.47,77.03,0.25,6.65,132.57,0.0,0.01,2,2,1,slow_down,Unknown,0.3225735879077168,observed,538,2
0,519,1.5467399998669862,133.75963499993304,15.55,38.17,0.7,73.87,0.15,3.54,132.09,0.0,0.01,2,2,1,slow_down,Unknown,0.323927671705118,observed,539,2
0,520,1.446896999823366,127.54486799985898,10.0,36.84,0.42,74.6,0.18,3.83,125.97,0.0,0.03,2,2,1,slow_down,Unknown,0.32265479978785466,observed,540,2
0,521,1.4936840002519602,125.80644400031815,10.09,35.39,0.43,74.3,0.19,3.69,124.19,0.0,0.01,2,2,1,slow_down,Unknown,0.3252038583929992,observed,541,2
0,522,1.4557100003003143,127.3559109999951,10.4,34.55,0.49,76.17,0.21,3.8,125.73,0.0,0.01,2,2,1,slow_down,Unknown,0.32573587907716783,observed,542,2
0,523,1.4922010000191221,133.44024499974694,10.88,35.7,0.49,80.71,0.2,3.72,131.81,0.0,0.01,2,2,1,slow_down,Unknown,0.3195455449482896,observed,543,2
0,524,1.5974420002748957,128.18446400024186,10.8,35.76,0.36,75.25,0.18,3.98,126.44,0.0,0.01,2,2,1,slow_down,Unknown,0.320239989392734,observed,544,2
0,525,1.4416519998121657,126.01964799978305,10.88,35.29,0.45,73.34,0.22,4.16,124.44,0.0,0.01,2,2,0,cruise,Unknown,0.3110597321665341,observed,545,2
0,526,1.4113079996604938,128.69045099978393,10.8,35.41,0.43,74.11,0.18,6.06,127.08,0.0,0.01,2,2,0,cruise,Unknown,0.3108210686820472,observed,546,2
0,527,1.5588470000693633,139.78614000006928,15.83,41.57,0.63,75.81,0.19,3.92,138.08,0.0,0.01,2,2,0,cruise,Unknown,0.30540639087775123,observed,547,2
0,528,1.299853999626066,125.14095299957262,10.49,35.06,0.41,73.86,0.17,3.64,123.72,0.0,0.01,2,2,0,cruise,Unknown,0.30452631927870594,observed,548,2
0,529,1.4075369999773102,124.53923900011432,10.23,34.19,0.36,73.96,0.2,3.95,122.97,0.0,0.01,2,2,0,cruise,Unknown,0.3204438477857332,observed,549,2
0,530,1.3423649998003384,128.41200000002573,10.91,36.49,0.35,75.36,0.19,3.52,126.92,0.0,0.01,2,2,0,cruise,Unknown,0.3179627419782551,observed,550,2
0,531,1.5899149998404027,133.190298000045,11.02,36.13,0.5,79.74,0.2,3.77,131.46,0.0,0.01,2,2,1,slow_down,Unknown,0.3108575311588438,observed,551,2
0,532,1.3827339998897514,128.04729299978135,10.56,36.07,0.51,75.18,0.19,3.91,126.51,0.0,0.01,2,2,0,cruise,Unknown,0.312291169451074,observed,552,2
0,533,1.5935300002638542,124.8841030001131,10.57,35.35,0.39,73.14,0.18,3.43,123.16,0.0,0.01,2,2,0,cruise,Unknown,0.3124569079819676,observed,553,2
0,534,1.4901360000294517,124.953923999783,10.22,35.21,0.39,73.64,0.16,3.62,123.33,0.0,0.01,2,2,0,cruise,Unknown,0.3094487536462477,observed,554,2
0,535,1.396937000208709,147.85545499989894,14.13,47.44,0.53,80.39,0.17,3.58,146.34,0.0,0.01,2,2,0,cruise,Unknown,0.28450013259082474,observed,555,2
0,536,1.4664710001852654,127.61037900008887,10.6,35.41,0.46,75.38,0.19,3.82,125.98,0.0,0.01,2,2,0,cruise,Unknown,0.2862503314770618,observed,556,2
0,537,1.5697690000706643,130.9444989997246,10.55,35.0,0.4,79.1,0.22,3.86,129.23,0.0,0.01,2,2,0,cruise,Unknown,0.3008320074250862,observed,557,2
0,538,1.3773609998679603,136.2202039999829,12.85,37.71,0.43,78.74,0.2,4.65,134.69,0.0,0.01,2,2,0,cruise,Unknown,0.3040672235481305,observed,558,2
0,539,1.4589100001103361,130.9084869999424,13.88,35.28,0.66,75.42,0.19,3.78,129.31,0.0,0.01,2,2,0,cruise,Unknown,0.31537224874038716,observed,559,2
0,540,1.4759149999008514,128.4924079996017,10.83,35.34,0.46,76.04,0.2,3.91,126.87,0.0,0.01,2,2,0,cruise,Unknown,0.31384082471492974,observed,560,2
0,541,1.4552220000041416,125.83485200002542,10.74,35.69,0.44,73.42,0.19,3.66,124.24,0.0,0.01,2,2,0,cruise,Unknown,0.3028009811721029,observed,561,2
0,542,1.5824890001567837,133.78587600027458,10.87,34.68,0.39,78.72,0.32,6.88,132.02,0.0,0.01,2,2,0,cruise,Unknown,0.29826968973747015,observed,562,2
0,543,1.5412170000672631,174.62331300021106,16.53,35.8,0.5,112.84,0.44,6.67,172.9,0.0,0.01,2,2,0,cruise,Unknown,0.29005071599045346,observed,563,2
0,544,2.9991749997861916,196.32413299996188,17.77,54.2,0.45,114.09,0.27,6.21,193.13,0.0,0.01,2,2,0,cruise,Unknown,0.29226664014850173,observed,564,2
0,545,3.414080999846192,201.1680069999784,13.4,52.61,0.57,124.02,0.29,6.55,197.58,0.0,0.01,3,2,0,cruise,Unknown,0.2838603818615752,observed,565,2
0,546,1.4763230001335614,197.5985210001454,18.43,55.86,0.68,114.26,0.26,6.34,195.96,0.0,0.01,2,2,0,cruise,Unknown,0.2826836382922302,observed,566,2
0,547,3.0445490001511644,189.2257590002373,14.64,51.57,0.59,112.63,0.32,6.11,186.04,0.0,0.01,3,2,0,cruise,Unknown,0.284127220896314,observed,567,2
0,548,3.7028740002824634,199.85254499988514,12.81,56.27,0.47,120.11,0.32,5.89,196.01,0.0,0.01,2,2,0,cruise,Unknown,0.2839548528241846,observed,568,2
0,549,2.9460470000231,183.77072500015856,13.04,51.88,0.5,108.82,0.23,6.06,180.67,0.0,0.02,2,2,0,cruise,Unknown,0.2929627419782551,observed,569,2
0,550,3.2447419998788973,192.4332619996676,15.95,53.55,0.6,112.64,0.21,5.97,189.04,0.0,0.01,2,2,0,cruise,Unknown,0.29565267833465925,observed,570,2
0,551,2.905619000102888,214.04015699999945,14.99,71.75,0.59,117.39,0.24,5.89,210.98,0.0,0.01,2,2,0,cruise,Unknown,0.30412523203394326,observed,571,2
0,552,3.5167070000170497,203.9562320001096,12.98,52.88,0.6,126.56,0.31,6.78,200.29,0.0,0.01,2,2,0,cruise,Unknown,0.30430257226199947,observed,572,2
0,553,2.5632249999034684,213.29754399994272,17.2,62.21,0.63,123.64,0.35,6.32,210.54,0.0,0.01,2,2,0,cruise,Unknown,0.3136651418721824,observed,573,2
0,554,3.6132469999756722,191.54114000002664,14.02,55.6,0.54,110.89,0.33,6.25,187.77,0.0,0.01,2,2,0,cruise,Unknown,0.30960952002121456,observed,574,2
0,555,1.158526999915921,190.78448800019032,14.19,54.14,0.52,113.96,0.29,6.22,189.45,0.0,0.01,2,2,0,cruise,Unknown,0.3098150357995227,observed,575,2
0,556,1.8397849999018945,201.23857699991277,13.54,55.82,0.54,121.86,0.33,6.98,199.23,0.0,0.01,2,2,0,cruise,Unknown,0.31342647838769555,observed,576,2
0,557,3.5948700001426914,203.7371209999037,17.69,56.67,0.74,118.31,0.36,6.02,199.96,0.0,0.01,2,2,0,cruise,Unknown,0.3091868867674357,observed,577,2
0,558,1.8860139998650993,133.50225999965915,15.07,35.61,0.53,76.28,0.2,3.68,131.47,0.0,0.01,2,2,0,cruise,Unknown,0.30987304428533546,observed,578,2
0,559,1.4953139998397091,133.8199669999085,10.52,34.54,0.38,82.77,0.2,3.66,132.19,0.0,0.01,2,2,0,cruise,Unknown,0.31728487138690004,observed,579,2
0,560,1.3595420000456215,123.46470200009207,10.29,34.48,0.47,72.94,0.16,3.54,121.98,0.0,0.01,2,2,0,cruise,Unknown,0.31280993105277116,observed,580,2
0,561,1.4010979998602124,125.37202800012892,10.52,35.83,0.47,72.93,0.17,3.75,123.85,0.0,0.01,2,2,0,cruise,Unknown,0.2963603818615752,observed,581,2
0,562,1.4007999998284504,128.38216000000102,11.93,37.72,0.56,72.71,0.17,3.64,126.86,0.0,0.01,2,2,0,cruise,Unknown,0.2970564836913286,observed,582,2
0,563,1.4182859999891662,126.89838199958103,10.02,35.11,0.41,75.9,0.17,3.66,125.35,0.0,0.01,2,2,0,cruise,Unknown,0.2831957703526916,observed,583,2
0,564,1.4069219996599713,125.62824599990563,10.07,36.26,0.52,72.95,0.22,3.96,124.09,0.0,0.01,2,2,0,cruise,Unknown,0.2878430787589499,observed,584,2
0,565,1.501055000062479,125.06958099993426,10.78,34.85,0.45,73.55,0.17,3.52,123.42,0.0,0.01,2,2,0,cruise,Unknown,0.25984486873508356,observed,585,2
0,566,1.4631540002483234,132.96243200011304,10.77,35.84,0.47,80.13,0.18,3.84,131.37,0.0,0.01,2,2,0,cruise,Unknown,0.26321267568284273,observed,586,2
0,567,1.589911999872129,135.96232499958205,10.88,34.14,0.41,84.75,0.23,3.72,134.24,0.0,0.01,2,2,0,cruise,Unknown,0.2644905197560329,observed,587,2
0,568,1.3989399999445595,128.31226300022536,10.86,36.49,0.45,75.01,0.18,3.67,126.75,0.0,0.01,2,2,0,cruise,Unknown,0.2663931980906921,observed,588,2
0,569,1.4101530000516505,126.27949499983515,9.94,34.06,0.4,75.9,0.2,4.16,124.75,0.0,0.01,2,2,0,cruise,Unknown,0.2839101034208433,observed,589,2
0,570,1.3080369999443064,123.20102299963764,10.5,34.24,0.43,73.08,0.14,3.3,121.78,0.0,0.01,2,2,0,cruise,Unknown,0.2841918589233625,observed,590,2
0,571,1.43053100009638,131.8241499998294,10.66,39.56,0.41,75.83,0.17,3.57,130.28,0.0,0.01,2,2,0,cruise,Unknown,0.2868917395916203,observed,591,2
0,572,1.2312480002947268,123.13797100023294,9.84,34.39,0.44,73.19,0.17,3.67,121.79,0.0,0.01,2,2,0,cruise,Unknown,0.2821632193052241,observed,592,2
0,573,1.56024099987917,161.5024849998008,9.84,34.75,0.39,107.83,0.28,6.55,159.77,0.0,0.01,2,2,0,cruise,Unknown,0.2718211349774596,observed,593,2
0,574,1.3022090001868492,242.44588500005193,18.74,65.25,0.69,149.32,0.31,6.5,240.96,0.0,0.01,2,2,0,cruise,Unknown,0.27419616812516573,observed,594,2
0,575,1.5303350000976934,303.899347999959,16.13,62.77,0.6,218.57,0.21,3.81,302.22,0.0,0.02,2,2,0,cruise,Unknown,0.23081410766374966,observed,595,2
0,576,2.323258000160422,127.29744299986123,9.68,35.28,0.41,75.29,0.23,3.8,124.8,0.0,0.02,2,2,0,cruise,Unknown,0.23696797931583136,observed,596,2
0,577,1.5314649999709218,125.85866000017631,10.92,35.25,0.41,73.49,0.22,3.83,124.2,0.0,0.01,2,2,0,cruise,Unknown,0.24931881463802705,observed,597,2
0,578,1.3368009999794594,126.39363300013429,10.75,35.32,0.46,74.53,0.17,3.55,124.89,0.0,0.01,2,2,0,cruise,Unknown,0.2501856271546009,observed,598,2
0,579,1.546020000205317,127.24523700035206,11.25,34.69,0.4,75.35,0.14,3.62,125.56,0.0,0.01,2,2,0,cruise,Unknown,0.263860713338637,observed,599,2
0,580,1.3736330001847818,123.28164200016545,9.82,34.64,0.38,72.87,0.16,3.81,121.78,0.0,0.01,2,2,0,cruise,Unknown,0.2638723150357995,observed,600,2
0,581,1.5464910002265242,134.87648099999205,9.77,34.55,0.45,84.46,0.21,3.63,133.2,0.0,0.01,2,2,0,cruise,Unknown,0.27780429594272077,observed,601,2
0,582,1.405386999977054,126.05677799956538,10.64,36.46,0.47,73.26,0.19,3.38,124.51,0.0,0.01,2,2,0,cruise,Unknown,0.27769988066825774,observed,602,2
0,583,1.6751759999351634,132.21851199978119,13.27,36.45,0.62,75.84,0.19,3.88,130.38,0.0,0.01,2,2,1,slow_down,Unknown,0.26265910898965794,observed,603,2
0,584,1.497319999998581,128.42698000031305,10.9,35.18,0.38,76.43,0.15,3.64,126.79,0.0,0.01,2,2,1,slow_down,Unknown,0.27339565102094937,observed,604,2
0,585,1.3761280001745035,126.03283099997498,10.56,35.57,0.38,74.14,0.14,3.64,124.54,0.0,0.01,2,2,1,slow_down,Unknown,0.27737006099177935,observed,605,2
0,586,1.3131360001352732,128.83304099977977,10.49,35.92,0.44,76.55,0.19,3.7,127.39,0.0,0.01,2,2,1,slow_down,Unknown,0.2783711217183771,observed,606,2
0,587,1.5284619998965354,128.26663099986035,10.64,35.15,0.39,76.36,0.18,3.76,126.59,0.0,0.01,2,2,1,slow_down,Unknown,0.26398998939273405,observed,607,2
0,588,1.429047999863542,125.64061400007631,10.3,35.52,0.42,74.12,0.17,3.45,124.08,0.0,0.01,2,2,1,slow_down,Unknown,0.2667047865287722,observed,608,2
0,589,1.4911339999343909,135.90977400008342,10.4,34.88,0.39,84.59,0.25,3.66,134.29,0.0,0.01,2,2,1,slow_down,Unknown,0.27922136038186157,observed,609,2
0,590,3.07969100003902,131.85397200004445,10.15,35.23,0.49,78.69,0.2,3.77,128.64,0.0,0.01,2,2,1,slow_down,Unknown,0.27909871386900026,observed,610,2
0,591,1.0525599996071833,123.9751289999731,10.07,34.76,0.46,73.72,0.14,3.56,122.81,0.0,0.01,3,2,1,slow_down,Unknown,0.3183290241315301,observed,611,2
0,592,0.9724750002533256,124.34121700016476,9.37,35.51,0.45,74.15,0.15,3.54,123.26,0.0,0.01,3,2,1,slow_down,Unknown,0.3125596658711217,observed,612,2
0,593,1.1527219999152294,134.7693339998841,10.36,37.86,0.44,80.61,0.21,3.93,133.49,0.0,0.01,2,2,1,slow_down,Unknown,0.29122248740387163,observed,613,2
1,0,1.5782159998707357,129.400940999858,11.93,35.3,0.79,75.66,0.19,3.71,127.68,0.0,0.01,3,3,0,cruise,Unknown,0.1786064704322461,observed,20,2
1,1,1.533378000203811,125.50507300011304,10.79,34.93,0.54,73.85,0.17,3.44,123.81,0.0,0.01,3,3,0,cruise,Unknown,0.2751011005038451,observed,21,2
1,2,1.6598560000602447,124.01258499994583,10.49,34.71,0.52,72.43,0.2,3.79,122.23,0.0,0.01,3,3,0,cruise,Unknown,0.27858160965261203,observed,22,2
1,3,1.4629190000050585,127.08952000002682,10.46,35.57,0.59,74.71,0.2,3.85,125.47,0.0,0.01,3,3,1,slow_down,Unknown,0.33457968708565367,observed,23,2
1,4,1.4434179997806496,129.92110099958154,12.87,35.37,0.73,75.29,0.2,3.77,128.33,0.0,0.01,3,3,1,slow_down,Unknown,0.3338305489260143,observed,24,2
1,5,1.5701290003562463,126.27329900033146,10.25,34.84,0.58,74.62,0.21,3.97,124.57,0.0,0.01,4,3,2,slow_down,Unknown,0.2972305091487669,observed,25,2
1,6,1.4670579998892208,144.62761499999033,10.69,36.89,0.68,90.03,0.27,4.35,143.02,0.0,0.01,4,3,2,slow_down,Unknown,0.2859818350570141,observed,26,2
1,7,3.6198610000610643,128.05536099995152,10.19,35.31,0.64,74.12,0.23,3.69,124.28,0.0,0.01,3,3,2,slow_down,Unknown,0.27968542826836384,observed,27,2
1,8,2.092729000196414,131.7635949999385,10.71,36.12,0.64,77.77,0.19,3.97,129.53,0.0,0.01,3,3,2,slow_down,Unknown,0.2801909307875895,observed,28,2
1,9,1.4496580001832626,128.92253300015,11.14,35.96,0.69,75.34,0.16,3.91,127.31,0.0,0.01,3,3,1,slow_down,Unknown,0.2610033810660302,observed,29,2
1,10,1.6257259999292728,127.44388600003731,10.89,35.15,0.59,74.92,0.19,3.84,125.67,0.0,0.01,3,3,1,slow_down,Unknown,0.2666103155661628,observed,30,2
1,11,1.5141260000746115,133.09990700008711,11.43,36.48,0.57,78.78,0.18,3.87,131.41,0.0,0.01,3,3,0,cruise,Unknown,0.2896628878281623,observed,31,2
1,12,1.5470789999199042,129.39477200006877,10.49,34.96,0.64,74.76,0.23,6.46,127.68,0.0,0.02,3,3,0,cruise,Unknown,0.2909075841951737,observed,32,2
1,13,3.2928350001384388,127.88838000005853,10.13,34.61,0.54,75.13,0.15,3.81,124.47,0.0,0.01,3,3,0,cruise,Unknown,0.29285666931848314,observed,33,2
1,14,1.599796999926184,138.02524499988067,10.72,34.38,0.53,86.71,0.17,3.69,136.3,0.0,0.01,3,3,0,cruise,Unknown,0.2908346592415805,observed,34,2
1,15,1.2988769999537908,125.08272500008388,10.54,34.85,0.61,73.4,0.17,3.97,123.64,0.0,0.01,3,3,0,cruise,Unknown,0.1891026915937417,observed,35,2
1,16,1.596427000094991,127.89655999995375,10.76,35.58,0.55,75.61,0.19,3.38,126.16,0.0,0.01,3,3,0,cruise,Unknown,0.18762927605409704,observed,36,2
1,17,1.463025000248308,124.36664000006203,10.18,34.84,0.5,73.56,0.15,3.47,122.78,0.0,0.01,3,3,1,slow_down,Unknown,0.2820024529302572,observed,37,2
1,18,1.407671000379196,177.81750600033774,11.05,37.01,0.5,118.3,0.32,8.91,176.22,0.0,0.01,3,3,1,slow_down,Unknown,0.28273667462211616,observed,38,2
1,19,2.6017569998657564,198.4067129997129,18.99,53.13,1.06,115.5,0.25,6.56,195.62,0.0,0.01,3,3,1,slow_down,Unknown,0.2980956642800318,observed,39,2
1,20,3.4033000001727487,189.8393810001835,17.23,51.12,0.47,110.74,0.22,6.32,186.26,0.0,0.03,3,3,1,slow_down,Unknown,0.28137430389817025,observed,40,2
1,21,3.0098839997663163,211.99611399970308,24.27,63.95,0.84,111.84,0.24,6.66,207.95,0.0,0.01,3,3,1,slow_down,Unknown,0.2694792495359321,observed,41,2
1,22,4.0694770000300196,192.27516000000833,13.39,56.29,0.69,111.09,0.27,6.16,188.03,0.0,0.01,3,3,1,slow_down,Unknown,0.2764154070538319,observed,42,2
1,23,3.2657820001986693,193.89241799990486,15.33,53.07,0.73,114.62,0.27,6.27,190.45,0.0,0.01,3,3,1,slow_down,Unknown,0.3011071333863697,observed,43,2
1,24,1.3834269998369564,198.61650499979078,12.24,58.33,0.59,118.43,0.32,6.95,197.02,0.0,0.01,3,3,1,slow_down,Unknown,0.3043506364359586,observed,44,2
1,25,3.235941000184539,195.30852500020046,15.16,58.41,0.76,110.58,0.24,6.59,191.89,0.0,0.01,3,3,2,slow_down,Unknown,0.26968476531424024,observed,45,2
1,26,1.588386000094033,192.6172950002183,15.64,53.56,0.91,114.02,0.25,6.22,190.84,0.0,0.02,3,3,1,slow_down,Unknown,0.2593774860779634,observed,46,2
1,27,3.886980999595835,200.0530919999619,14.41,52.72,0.68,121.8,0.3,5.92,195.97,0.0,0.01,3,3,1,slow_down,Unknown,0.23475039777247414,observed,47,2
1,28,3.908804999809945,192.01018100011424,14.45,52.95,0.84,113.39,0.24,5.93,187.94,0.0,0.01,3,3,1,slow_down,Unknown,0.22976664014850173,observed,48,2
1,29,2.6472079998711706,195.67821300006472,12.91,52.7,0.58,120.2,0.26,6.01,192.8,0.0,0.02,3,3,1,slow_down,Unknown,0.2783678069477592,observed,49,2
1,30,1.31516700002976,203.61500099988916,12.41,65.7,0.62,116.92,0.28,6.03,202.13,0.0,0.02,3,3,1,slow_down,Unknown,0.2799323786793954,observed,50,2
1,31,1.0697620000428287,197.54100000000108,17.27,53.13,1.05,118.29,0.31,6.09,196.28,0.0,0.01,4,4,1,slow_down,Unknown,0.1875812118801379,observed,51,2
1,32,1.5645630001017707,204.54993800012744,16.41,53.31,0.98,124.97,0.32,6.61,202.76,0.0,0.02,4,4,1,slow_down,Unknown,0.1933522275258552,observed,52,2
1,33,3.0517749996761268,165.62623999971038,19.09,53.59,1.18,84.57,0.18,3.64,162.41,0.0,0.05,4,4,1,slow_down,Unknown,0.2825725934765314,observed,53,2
1,34,1.1395219999030815,128.87362199990093,11.33,34.82,0.49,76.36,0.3,4.17,127.57,0.0,0.01,4,4,1,slow_down,Unknown,0.2765811455847255,observed,54,2
1,35,1.1873470002683462,126.18012800021461,11.44,35.33,0.55,73.64,0.17,3.62,124.86,0.0,0.01,3,3,0,cruise,Unknown,0.2776915937417131,observed,55,2
1,36,1.1113870000372117,125.49524199994266,10.29,35.37,0.44,74.6,0.15,3.31,124.25,0.0,0.01,3,3,0,cruise,Unknown,0.27371718377088305,observed,56,2
1,37,1.9539220002116053,123.34874299995136,9.91,33.99,0.48,72.8,0.15,3.83,121.27,0.0,0.01,3,3,0,cruise,Unknown,0.2416268894192522,observed,57,2
1,38,1.41324700007317,128.23660300000483,10.3,34.91,0.52,76.63,0.2,3.99,126.66,0.0,0.01,3,3,0,cruise,Unknown,0.23991812516573854,observed,58,2
1,39,1.5055339999889839,136.99269500011724,10.95,37.4,0.51,82.46,0.17,3.75,135.35,0.0,0.01,3,3,0,cruise,Unknown,0.29139319809069214,observed,59,2
1,40,1.5338469997914217,125.4888270000265,10.63,35.54,0.6,73.11,0.18,3.64,123.8,0.0,0.01,3,3,0,cruise,Unknown,0.2979415274463007,observed,60,2
1,41,1.5200769998955366,128.8200029998734,10.08,34.88,0.44,77.55,0.22,3.89,127.16,0.0,0.01,3,3,0,cruise,Unknown,0.2332454919119597,observed,61,2
1,42,1.4483949998975731,126.46378699992056,10.81,34.64,0.59,74.86,0.2,3.66,124.87,0.0,0.01,3,3,0,cruise,Unknown,0.2297517236807213,observed,62,2
1,43,1.460539999698085,124.27708099994561,10.74,34.94,0.51,72.61,0.16,3.62,122.67,0.0,0.01,3,3,0,cruise,Unknown,0.31324913815963934,observed,63,2
1,44,1.4382329995896725,123.67918199970518,9.85,34.28,0.53,73.66,0.16,3.52,122.11,0.0,0.01,3,3,0,cruise,Unknown,0.3131496950411032,observed,64,2
1,45,1.331666000169207,128.04921599990848,9.97,34.65,0.49,77.58,0.15,3.66,126.58,0.0,0.01,3,3,0,cruise,Unknown,0.33548793423495094,observed,65,2
1,46,1.4871860003040638,123.63578700023936,10.32,34.56,0.46,73.06,0.15,3.38,122.02,0.0,0.01,3,3,0,cruise,Unknown,0.3358707902413153,observed,66,2
1,47,1.4595970001209935,144.58361300012257,10.96,34.95,0.55,91.67,0.26,4.49,142.98,0.0,0.01,3,3,0,cruise,Unknown,0.24143960487934235,observed,67,2
1,48,1.6923369998949056,128.08605400005035,11.25,36.54,0.54,74.15,0.15,3.49,126.22,0.0,0.02,3,3,0,cruise,Unknown,0.25130601962344207,observed,68,2
1,49,1.390769000408909,124.25772700044035,9.89,34.45,0.55,74.02,0.14,3.58,122.75,0.0,0.01,4,3,0,cruise,Unknown,0.23913252452930256,observed,69,2
1,50,1.4183709999997518,131.99061199975404,10.65,35.31,0.67,79.43,0.23,4.06,130.44,0.0,0.01,4,3,0,cruise,Unknown,0.23908280297003448,observed,70,2
1,51,1.4702609996675164,125.48176699965552,11.1,34.81,0.69,73.1,0.14,3.91,123.87,0.0,0.01,4,4,1,slow_down,Unknown,0.31787987271280826,observed,71,2
1,52,1.5243929997268424,127.61034599998311,10.05,34.57,0.67,76.47,0.17,3.9,125.94,0.0,0.01,4,4,1,slow_down,Unknown,0.3198505038451339,observed,72,2
1,53,1.5780799999447481,128.2743010001468,10.91,38.08,0.76,73.12,0.18,3.37,126.55,0.0,0.01,4,4,1,slow_down,Unknown,0.3419069875364625,observed,73,2
1,54,1.3840759997947316,122.9826899998443,9.81,34.07,0.68,73.18,0.16,3.47,121.47,0.0,0.01,4,4,1,slow_down,Unknown,0.3418572659771944,observed,74,2
1,55,1.440215000002354,135.5134390000785,10.49,33.94,0.7,84.73,0.17,3.81,133.94,0.0,0.01,4,4,1,slow_down,Unknown,0.3377718111906656,observed,75,2
1,56,1.4452360001087072,124.11857100005363,10.26,34.91,0.57,72.72,0.14,3.85,122.55,0.0,0.01,4,4,1,slow_down,Unknown,0.33892535136568547,observed,76,2
1,57,1.2685530000453582,124.40779700000348,10.01,34.68,0.64,74.0,0.14,3.46,123.02,0.0,0.01,4,4,1,slow_down,Unknown,0.3338686687881199,observed,77,2
1,58,1.3382850002017221,127.94365699983246,10.2,34.64,0.59,76.71,0.23,4.0,126.47,0.0,0.01,4,4,1,slow_down,Unknown,0.3347885176345797,observed,78,2
1,59,1.7021470002873684,132.56043199999112,10.79,35.96,0.64,78.61,0.19,4.37,130.67,0.0,0.01,4,4,2,slow_down,Unknown,0.3443648899496155,observed,79,2
1,60,1.5844399999878078,138.1707909999932,11.32,37.5,0.73,82.35,0.23,4.18,136.43,0.0,0.01,4,4,2,slow_down,Unknown,0.3444311853619729,observed,80,2
1,61,1.486878999912733,125.31805400021767,10.5,34.95,0.57,73.8,0.18,3.58,123.67,0.0,0.01,4,4,2,slow_down,Unknown,0.3401634181914612,observed,81,2
1,62,1.5949589997035218,127.68549799966422,10.35,35.27,0.57,75.76,0.17,3.72,125.96,0.0,0.01,4,4,1,slow_down,Unknown,0.33955515778308143,observed,82,2
1,63,1.4027689999238646,138.86289199990642,10.63,35.28,0.71,86.3,0.19,4.09,137.31,0.0,0.01,4,4,1,slow_down,Unknown,0.3457968708565367,observed,83,2
1,64,1.5580650001538743,124.95677100014291,10.23,34.94,0.58,73.44,0.14,3.83,123.26,0.0,0.02,4,4,1,slow_down,Unknown,0.3457305754441793,observed,84,2
1,65,1.4235140001801483,127.42224200019336,9.87,34.51,0.64,76.91,0.17,3.64,125.85,0.0,0.01,4,4,1,slow_down,Unknown,0.33301677273932645,observed,85,2
1,66,1.4533250000567932,131.196632999945,10.59,37.8,0.59,76.53,0.2,3.76,129.58,0.0,0.01,4,4,1,slow_down,Unknown,0.3310958631662689,observed,86,2
1,67,1.619034999748692,125.16220899988184,10.69,35.05,0.61,73.07,0.17,3.71,123.39,0.0,0.01,4,4,1,slow_down,Unknown,0.33651219835587376,observed,87,2
1,68,3.0151810001370905,149.64330300017537,10.01,37.11,0.6,93.92,0.22,4.48,146.46,0.0,0.01,4,4,1,slow_down,Unknown,0.3379126889419252,observed,88,2
1,69,2.01049499992223,133.48581099990042,10.42,37.85,0.61,78.49,0.17,3.67,131.3,0.0,0.01,4,4,1,slow_down,Unknown,0.24147772474144788,observed,89,2
1,70,1.5348160000030475,131.67971900020348,10.93,36.52,0.6,77.62,0.23,3.98,129.98,0.0,0.01,4,4,1,slow_down,Unknown,0.24207769822328296,observed,90,2
1,71,1.6189299999496143,145.34137600003305,10.65,49.74,0.55,78.69,0.15,3.7,143.57,0.0,0.01,3,3,2,slow_down,Unknown,0.3216868867674357,observed,91,2
1,72,1.4340230000016163,128.7740739999208,10.29,34.58,0.39,77.77,0.16,3.93,127.21,0.0,0.01,3,3,2,slow_down,Unknown,0.31985216123044286,observed,92,2
1,73,1.2358640001366439,126.7698830001791,10.71,34.95,0.48,75.33,0.15,3.67,125.38,0.0,0.01,3,3,1,slow_down,Unknown,0.31669815698753645,observed,93,2
1,74,1.7759120000846451,125.90950999992856,10.13,34.82,0.48,74.71,0.16,3.59,123.99,0.0,0.01,3,3,1,slow_down,Unknown,0.31442588172898434,observed,94,2
1,75,1.3341359999685665,125.74463200007813,10.95,34.7,0.57,73.9,0.16,3.91,124.28,0.0,0.01,3,3,1,slow_down,Unknown,0.3257391938477857,observed,95,2
1,76,1.5330419996644196,132.8867449997233,11.73,37.41,0.58,77.87,0.16,3.37,131.23,0.0,0.01,3,3,1,slow_down,Unknown,0.3248657517899761,observed,96,2
1,77,2.2305819998109655,130.68238500000007,9.52,34.89,0.51,79.53,0.15,3.62,128.33,0.0,0.01,3,3,1,slow_down,Unknown,0.30708863696632194,observed,97,2
1,78,1.2740380002469465,131.2881600001674,9.93,34.4,0.46,81.28,0.17,3.57,129.9,0.0,0.01,3,3,1,slow_down,Unknown,0.30758750994431183,observed,98,2
1,79,1.4670420000584272,147.94951500016396,15.05,45.42,0.7,81.03,0.15,3.87,146.34,0.0,0.01,3,3,0,cruise,Unknown,0.3112055820737205,observed,99,2
1,80,1.6839019999679294,129.05747100012377,10.32,35.08,0.52,77.65,0.15,3.44,127.25,0.0,0.01,3,3,0,cruise,Unknown,0.31065533015115354,observed,100,2
1,81,1.3395519999903627,131.7970309996781,9.79,36.63,0.45,79.08,0.22,4.07,130.32,0.0,0.01,3,3,1,slow_down,Unknown,0.3211266905330151,observed,101,2
1,82,1.5827140000510553,131.04147699959867,10.46,35.36,0.57,78.85,0.18,3.76,129.3,0.0,0.01,3,3,2,slow_down,Unknown,0.3246884115619199,observed,102,2
1,83,1.639668999814603,138.6638399999356,11.8,35.18,0.6,85.54,0.17,3.46,136.87,0.0,0.01,2,2,1,slow_down,Unknown,0.3099923760275789,observed,103,2
1,84,1.3907849997849553,133.15882599999895,10.11,34.78,0.41,82.26,0.17,3.82,131.62,0.0,0.01,2,2,1,slow_down,Unknown,0.3102360116679926,observed,104,2
1,85,1.6832109999995737,131.32630599966433,10.58,35.67,0.53,78.79,0.15,3.68,129.5,0.0,0.01,3,3,1,slow_down,Unknown,0.28144557146645455,observed,105,2
1,86,1.6819610000311513,151.1467850000372,11.49,34.14,0.5,98.72,0.2,4.16,149.3,0.0,0.01,3,3,1,slow_down,Unknown,0.2801677273932644,observed,106,2
1,87,1.5503920003538951,135.4570460002833,11.66,34.93,0.49,82.68,0.18,3.71,133.76,0.0,0.01,3,3,1,slow_down,Unknown,0.2582057146645452,observed,107,2
1,88,1.4926399999239948,138.18804600032308,10.44,36.28,0.59,84.75,0.21,4.18,136.55,0.0,0.01,3,3,1,slow_down,Unknown,0.253583267037921,observed,108,2
1,89,1.5194509996945271,137.9152639997301,10.78,36.14,0.58,84.83,0.25,3.56,136.23,0.0,0.01,3,3,1,slow_down,Unknown,0.2082090294351631,observed,109,2
1,90,1.6108690001601644,133.9273960002174,11.1,35.66,0.55,81.38,0.16,3.21,132.15,0.0,0.01,3,3,1,slow_down,Unknown,0.21146413418191462,observed,110,2
1,91,1.432946000022639,123.76686300012807,10.46,34.1,0.5,73.08,0.17,3.78,122.21,0.0,0.01,2,2,1,slow_down,Unknown,0.279864425881729,observed,111,2
1,92,1.526216000002023,127.0206720000715,9.93,35.62,0.39,75.61,0.17,3.54,125.37,0.0,0.01,2,2,1,slow_down,Unknown,0.28411727658446034,observed,112,2
1,93,1.0686809996514057,132.8467839998666,10.77,34.87,0.48,81.49,0.16,3.75,131.64,0.0,0.01,2,2,0,cruise,Unknown,0.285537655794219,observed,113,2
1,94,1.6008659999897645,144.25126399964938,10.47,36.0,0.48,91.54,0.2,3.73,142.53,0.0,0.01,2,2,0,cruise,Unknown,0.2860564173959162,observed,114,2
1,95,1.4818660001765238,127.76155000028666,10.58,35.23,0.45,75.69,0.21,3.88,126.14,0.0,0.01,2,2,0,cruise,Unknown,0.26252154600901617,observed,115,2
1,96,1.6287689995806431,139.28945299994666,11.07,38.53,0.46,82.95,0.22,4.16,137.52,0.0,0.01,2,2,0,cruise,Unknown,0.267102559002917,observed,116,2
1,97,1.5041090000522672,130.6948290002765,11.0,36.85,0.45,76.39,0.21,4.01,129.02,0.0,0.01,2,2,0,cruise,Unknown,0.27302771148236543,observed,117,2
1,98,1.61811799989664,130.96406999966348,10.54,35.73,0.42,78.61,0.2,3.6,129.2,0.0,0.01,2,2,0,cruise,Unknown,0.27086648103951205,observed,118,2
1,99,1.3879779999115271,126.70748600021398,10.7,35.85,0.44,74.4,0.16,3.52,125.17,0.0,0.01,2,2,0,cruise,Unknown,0.274058605144524,observed,119,2
1,100,1.4622539997617423,125.94721300001765,10.27,34.62,0.43,75.36,0.14,3.46,124.36,0.0,0.01,2,2,0,cruise,Unknown,0.276778374436489,observed,120,2
1,101,1.3645670001096732,124.56826099969476,9.89,35.35,0.41,73.57,0.22,3.57,123.1,0.0,0.01,1,1,0,cruise,Unknown,0.28576306019623443,observed,121,2
1,102,1.3278660003379628,134.66087100005097,10.47,39.58,0.39,78.77,0.16,3.72,133.21,0.0,0.01,1,1,0,cruise,Unknown,0.282478122513922,observed,122,2
1,103,1.4934579999135167,124.99858299997868,10.65,34.85,0.33,73.8,0.16,3.49,123.38,0.0,0.01,1,1,0,cruise,Unknown,0.19913981702466188,observed,123,2
1,104,1.4391909999176278,124.31094800012943,10.13,35.69,0.37,73.05,0.16,3.25,122.76,0.0,0.01,1,1,0,cruise,Unknown,0.20076736939803766,observed,124,2
1,105,1.4157999999042659,125.5548229996748,10.07,34.7,0.51,74.73,0.18,3.69,123.98,0.0,0.01,4,3,0,cruise,Unknown,0.2854663882259348,observed,125,2
1,106,1.4344310002343263,129.12231700011034,10.69,38.43,0.6,73.9,0.15,3.7,127.55,0.0,0.01,4,3,0,cruise,Unknown,0.2826206576504906,observed,126,2
1,107,1.603515000169864,133.36767500004498,10.58,35.72,0.76,77.94,0.29,6.18,131.59,0.0,0.01,5,4,0,cruise,Unknown,0.29486542031291435,observed,127,2
1,108,2.8643780001402774,132.31173399981344,14.88,35.44,1.09,73.79,0.17,3.81,129.29,0.0,0.01,4,3,0,cruise,Unknown,0.2993668788119862,observed,128,2
1,109,1.4468540002781083,162.41776200013192,10.37,34.5,0.46,107.89,0.33,7.08,160.79,0.0,0.01,2,2,0,cruise,Unknown,0.2542594802439671,observed,129,2
1,110,5.833088999679603,221.87066899959973,23.89,59.83,1.16,123.75,0.27,6.8,215.85,0.0,0.02,3,2,0,cruise,Unknown,0.25584062582869266,observed,130,2
1,111,1.5874290002102498,190.2855369999088,13.36,55.97,0.67,111.68,0.32,6.35,188.51,0.0,0.01,1,1,0,cruise,Unknown,0.20462410501193318,observed,131,2
1,112,3.4519770001679717,189.08308800018858,14.88,52.36,0.48,112.0,0.23,5.37,185.47,0.0,0.01,1,1,0,cruise,Unknown,0.2001176743569345,observed,132,2
1,113,1.652569000270887,194.19747600022674,12.71,51.6,0.73,120.26,0.28,6.69,192.4,0.0,0.01,2,1,0,cruise,Unknown,0.17562814903208698,observed,133,2
1,114,3.0357870000443654,194.52072600006431,16.18,53.14,0.68,114.59,0.26,6.35,191.33,0.0,0.01,2,2,0,cruise,Unknown,0.17391607000795545,observed,134,2
1,115,1.6020789998947293,205.59774200000902,12.97,54.01,0.82,130.19,0.26,5.44,203.84,0.0,0.01,2,2,0,cruise,Unknown,0.11022440997083002,observed,135,2
1,116,3.8097480000942596,190.19451700023637,15.56,51.74,0.81,112.22,0.3,5.44,186.21,0.0,0.01,2,2,0,cruise,Unknown,0.10856868204720234,observed,136,2
1,117,1.4315809999061457,192.4263239998254,12.04,53.06,0.58,119.94,0.32,4.79,190.84,0.0,0.01,2,2,0,cruise,Unknown,0.1215062317687616,observed,137,2
1,118,3.249781000249641,198.76094300025215,15.28,54.84,0.56,117.63,1.4,5.48,195.35,0.0,0.02,2,2,0,cruise,Unknown,0.11912954123574648,observed,138,2
1,119,2.5732280000738683,198.2846820001214,20.32,56.72,0.98,111.07,0.32,5.97,195.52,0.0,0.01,4,4,0,cruise,Unknown,0.11258784142137364,observed,139,2
1,120,3.023085000222636,203.31783700021333,17.66,52.46,0.94,123.48,0.3,5.11,200.12,0.0,0.01,4,4,0,cruise,Unknown,0.11049290639087775,observed,140,2
1,121,1.3994569999340456,194.2587700000331,13.96,55.86,0.96,115.63,0.25,5.87,192.7,0.0,0.01,3,3,0,cruise,Unknown,0.12994729514717582,observed,141,2
1,122,1.507313999809412,207.91823899980955,17.96,53.51,0.87,127.29,0.35,6.05,206.21,0.0,0.02,2,2,0,cruise,Unknown,0.1318615751789976,observed,142,2
1,123,3.396676999727788,213.964482999927,22.17,59.1,0.83,123.75,0.28,4.1,210.37,0.0,0.01,3,3,0,cruise,Unknown,0.06408280297003448,observed,143,2
1,124,3.2094759999381495,152.66006899992135,17.25,53.93,0.82,74.54,0.19,2.45,149.3,0.0,0.01,3,3,0,cruise,Unknown,0.06395021214531954,observed,144,2
1,125,2.961678999781725,128.39655799962202,9.45,35.65,0.66,77.42,0.2,1.83,125.31,0.0,0.01,4,4,0,cruise,Unknown,0.027877220896313976,observed,145,2
1,126,2.778791999844543,124.33681599986812,9.95,35.73,0.54,73.19,0.17,1.75,121.44,0.0,0.02,3,3,0,cruise,Unknown,0.02749602227525855,observed,146,2
1,127,1.160770999831584,69.88005499988503,11.95,52.06,0.56,1.81,0.24,1.84,68.56,0.0,0.01,3,3,0,slow_down,Unknown,0.015244630071599045,unknown,147,2
1,128,1.221921999785991,53.427347999786434,11.13,36.77,0.62,1.71,0.19,1.54,52.07,0.0,0.01,3,3,0,slow_down,Unknown,0.014891607000795545,unknown,148,2
1,129,1.016947000152868,51.100433000101475,10.18,35.56,0.59,1.74,0.15,1.66,49.97,0.0,0.01,4,3,0,slow_down,Unknown,0.00526882789710952,unknown,149,2
1,130,2.7778740000030666,57.94844900037788,10.81,39.72,0.69,1.75,0.16,1.8,55.05,0.0,0.01,4,3,0,slow_down,Unknown,0.005459427207637231,unknown,150,2
1,131,1.6297229999509,55.14227799994842,13.71,35.47,0.68,1.63,0.16,1.62,53.37,0.0,0.01,5,5,0,slow_down,Unknown,0.014439140811455847,unknown,151,2
1,132,1.4808810001341044,49.79604499976631,9.81,34.55,0.61,1.43,0.18,1.54,48.2,0.0,0.01,5,5,0,slow_down,Unknown,0.010658644921771413,unknown,152,2
1,133,1.404881000325986,49.389447000066866,10.05,33.92,0.69,1.48,0.15,1.49,47.87,0.0,0.01,5,5,0,slow_down,Unknown,0.0,unknown,153,2
1,134,1.333489999979065,48.31350899985409,9.57,33.05,0.6,1.72,0.14,1.67,46.84,0.0,0.01,5,5,0,slow_down,Unknown,0.0,unknown,154,2
1,135,1.475971999752801,48.024899999745685,10.57,32.08,0.5,1.45,0.16,1.55,46.4,0.0,0.01,2,2,0,slow_down,Unknown,0.0009844868735083532,unknown,155,2
1,136,1.4207009999154252,46.54665999987628,9.02,32.34,0.48,1.48,0.14,1.42,44.96,0.0,0.01,2,2,0,slow_down,Unknown,0.002645186953062848,unknown,156,2
1,137,1.457147000110126,48.14683699987654,10.22,32.57,0.62,1.52,0.14,1.41,46.57,0.0,0.01,2,2,0,slow_down,Unknown,0.007547732696897375,unknown,157,2
1,138,1.2793250002687273,46.699694999915664,9.81,31.82,0.42,1.63,0.14,1.4,45.31,0.0,0.01,2,2,0,slow_down,Unknown,0.007350503845133916,unknown,158,2
1,139,1.580502999786404,127.54728199979581,10.84,31.48,0.47,80.74,0.16,2.06,125.84,0.0,0.01,3,3,0,cruise,Unknown,0.037132060461416073,observed,159,2
1,140,1.38980800011268,125.46027799999138,9.69,31.75,0.55,79.94,0.15,1.74,123.92,0.0,0.01,3,3,0,cruise,Unknown,0.025376226465128614,observed,160,2
1,141,1.2934249998579617,126.65536799977417,9.5,31.43,0.64,81.09,0.17,2.27,125.2,0.0,0.01,5,4,0,cruise,Unknown,0.05840791567223548,observed,161,2
1,142,1.641881000068679,141.03103399975225,11.15,36.79,0.67,88.11,0.24,2.14,139.24,0.0,0.02,5,4,0,cruise,Unknown,0.05655661628215328,observed,162,2
1,143,1.4816960001553525,124.72217700042165,10.43,32.84,0.77,76.01,0.21,2.67,123.04,0.0,0.01,5,5,0,cruise,Unknown,0.06280661628215327,observed,163,2
1,144,2.2570280002582876,133.61224100026448,16.26,35.51,1.15,75.33,0.19,2.58,131.16,0.0,0.01,5,5,0,cruise,Unknown,0.06126027578891541,observed,164,2
1,145,1.6337649999513815,121.51002499967944,10.03,31.8,0.71,74.85,0.18,2.06,119.72,0.0,0.01,5,5,0,cruise,Unknown,0.03064671174754707,observed,165,2
1,146,1.6613440002402058,120.91958500013789,10.71,32.9,0.64,72.54,0.15,2.08,119.12,0.0,0.01,5,5,0,cruise,Unknown,0.03169583664810395,observed,166,2
1,147,1.3582769997810828,123.57238799995685,10.16,31.88,0.65,76.68,0.2,2.24,121.91,0.0,0.01,6,6,0,cruise,Unknown,0.029088769557146645,observed,167,2
1,148,1.689153999905102,121.83644399965488,9.6,32.65,0.89,74.44,0.18,2.07,119.97,0.0,0.01,6,6,0,cruise,Unknown,0.03176378944577035,observed,168,2
1,149,1.6534890000912128,130.53066300017235,9.66,32.32,0.7,83.09,0.2,2.53,128.73,0.0,0.01,5,5,0,cruise,Unknown,0.054706974277380006,observed,169,2
1,150,1.4388970002983115,136.6899760000706,10.51,32.83,0.71,88.26,0.2,2.47,135.08,0.0,0.01,5,5,0,cruise,Unknown,0.05953659506762132,observed,170,2
1,151,1.6555860001972178,123.39782800017929,11.1,31.53,0.77,75.21,0.26,2.51,121.53,0.0,0.01,5,5,0,cruise,Unknown,0.02796837708830549,observed,171,2
1,152,1.5004580000095302,122.45599499965465,12.11,31.56,0.71,73.94,0.22,2.15,120.81,0.0,0.01,5,5,0,cruise,Unknown,0.028344603553434104,observed,172,2
1,153,1.5159120002863347,120.69277699993108,10.33,32.01,0.64,73.29,0.17,2.44,118.97,0.0,0.01,5,5,0,cruise,Unknown,0.04146778042959427,observed,173,2
1,154,1.5423670001837309,125.64369500023531,11.29,35.23,0.67,74.41,0.17,2.06,123.94,0.0,0.01,5,5,0,cruise,Unknown,0.03842647838769557,observed,174,2
1,155,1.7017029999806255,124.13021200018193,10.47,34.97,0.68,73.44,0.17,2.47,122.29,0.0,0.01,5,5,0,cruise,Unknown,0.07582537788385044,observed,175,2
1,156,1.486844000282872,125.40343799992115,10.61,35.76,0.64,73.86,0.2,2.59,123.76,0.0,0.01,5,5,0,cruise,Unknown,0.069691394855476,observed,176,2
1,157,1.5853099998821563,124.9071349998303,10.62,34.7,0.73,74.45,0.22,2.32,123.14,0.0,0.01,6,6,0,cruise,Unknown,0.02592813577300451,observed,177,2
1,158,1.5507209996030724,136.33598299975347,10.97,36.68,0.72,83.86,0.2,2.07,134.62,0.0,0.01,6,6,0,cruise,Unknown,0.027381662688941925,observed,178,2
1,159,1.490654999997787,50.718420000066544,10.94,34.2,0.59,1.39,0.16,1.7,49.08,0.0,0.01,4,4,0,slow_down,Unknown,0.012352492707504641,unknown,179,2
1,160,1.347873999748117,50.09538300009808,9.52,35.25,0.57,1.38,0.13,1.66,48.61,0.0,0.01,5,4,0,slow_down,Unknown,0.013452996552638558,unknown,180,2
1,161,1.3880789997529064,126.98515400006727,11.59,37.28,0.62,73.61,0.22,2.05,125.48,0.0,0.01,2,2,0,cruise,Unknown,0.044754375497215594,observed,181,2
1,162,1.3808789999529836,122.83275300023888,10.4,34.44,0.65,73.29,0.17,2.23,121.29,0.0,0.01,3,3,0,cruise,Unknown,0.04387098912755237,observed,182,2
1,163,1.3768019998678938,123.24649499987572,10.12,34.67,0.66,74.15,0.17,1.89,121.75,0.0,0.01,3,3,0,cruise,Unknown,0.021635507822858658,observed,183,2
1,164,1.5216219999274472,127.28933000016696,9.6,34.78,0.62,77.76,0.26,2.48,125.6,0.0,0.01,3,3,0,cruise,Unknown,0.028642932909042695,observed,184,2
1,165,1.563454000006459,123.7903629998982,10.48,34.4,0.59,73.89,0.16,2.49,122.1,0.0,0.01,4,3,0,cruise,Unknown,0.0607846062052506,observed,185,2
1,166,1.4412360001188063,122.9742340001394,9.96,34.58,0.61,73.37,0.18,2.6,121.41,0.0,0.01,4,4,0,cruise,Unknown,0.0629342349509414,observed,186,2
1,167,1.6594280000390427,124.79791000032492,11.04,35.01,0.52,72.97,0.21,3.15,123.0,0.0,0.01,2,2,0,cruise,Unknown,0.07510773004508088,observed,187,2
1,168,1.42950400004338,140.13222599987785,9.99,50.48,0.47,73.98,0.29,3.26,138.57,0.0,0.01,2,2,0,cruise,Unknown,0.07237138690002652,observed,188,2
1,169,1.4498730001832882,128.20647199987434,13.55,34.96,0.73,73.28,0.17,3.8,126.6,0.0,0.01,2,2,0,cruise,Unknown,0.29091587112171835,observed,189,2
1,170,1.5466250001736626,124.25102800034438,10.36,34.6,0.5,73.19,0.15,3.67,122.56,0.0,0.01,2,2,0,cruise,Unknown,0.2894225669583665,observed,190,2
1,171,1.3497299996743095,125.72028099975796,11.08,35.68,0.47,73.46,0.13,3.35,124.26,0.0,0.01,2,2,0,cruise,Unknown,0.23762430389817024,observed,191,2
1,172,1.4992070000516833,125.03936700022678,9.52,34.6,0.56,75.18,0.17,3.29,123.42,0.0,0.02,2,2,0,cruise,Unknown,0.23880436223813312,observed,192,2
1,173,1.5986539997356886,127.17040000006818,10.44,36.23,0.57,74.58,0.17,3.34,125.42,0.0,0.01,3,3,0,cruise,Unknown,0.2652313709891276,observed,193,2
1,174,1.3891060002606537,133.27617300001293,10.23,34.85,0.56,82.69,0.19,3.15,131.77,0.0,0.01,3,3,0,cruise,Unknown,0.27052008750994433,observed,194,2
1,175,1.3741399998252746,133.92984199981584,10.4,38.97,0.46,78.65,0.16,3.7,132.43,0.0,0.01,3,3,0,cruise,Unknown,0.20329156722354813,observed,195,2
1,176,1.4745079997737776,149.56561100007093,10.45,51.41,0.85,81.46,0.17,3.51,147.95,0.0,0.01,3,3,0,cruise,Unknown,0.21953560063643596,observed,196,2
1,177,1.5157210000324994,126.14895999968212,10.52,35.32,0.6,74.24,0.21,3.48,124.47,0.0,0.01,3,3,0,cruise,Unknown,0.21638491116414743,observed,197,2
1,178,1.403403999574948,126.19791199995234,10.76,35.5,0.53,73.89,0.2,3.68,124.65,0.0,0.01,3,3,0,cruise,Unknown,0.22378016441262263,observed,198,2
1,179,1.386270999773842,124.47354599999017,10.88,34.82,0.53,73.01,0.18,3.4,122.94,0.0,0.01,2,2,0,cruise,Unknown,0.29139982763192784,observed,199,2
1,180,1.3391980000960757,127.30585500003144,10.11,35.88,0.43,75.56,0.18,3.56,125.82,0.0,0.01,2,2,0,cruise,Unknown,0.29709791832405197,observed,200,2
1,181,1.5485769999941112,125.74787600033233,10.38,35.15,0.66,74.36,0.18,3.22,124.05,0.0,0.01,4,4,0,cruise,Unknown,0.17119464333068152,observed,201,2
1,182,1.5551789997516607,127.06182199963223,10.32,34.75,0.74,75.91,0.16,3.38,125.36,0.0,0.01,4,4,0,cruise,Unknown,0.14390745160434898,observed,202,2
1,183,1.4711310000166122,124.1627219997099,11.37,34.38,0.63,72.32,0.15,3.59,122.56,0.0,0.01,3,3,0,cruise,Unknown,0.1620110713338637,observed,203,2
1,184,1.460259999930713,143.55850099991585,9.56,50.51,0.52,77.42,0.19,3.63,141.94,0.0,0.01,3,3,0,cruise,Unknown,0.16438113232564305,observed,204,2
1,185,1.4919360000931192,127.29399999989255,10.32,35.75,0.58,74.41,0.22,4.27,125.64,0.0,0.01,3,3,0,cruise,Unknown,0.15991613630336782,observed,205,2
1,186,1.6702840002835728,140.5914430001758,12.24,38.09,0.65,83.65,0.19,3.8,138.74,0.0,0.01,3,3,0,cruise,Unknown,0.15890844603553433,observed,206,2
1,187,1.6798870001366595,141.01621100007833,11.98,37.53,0.82,84.4,0.18,4.16,139.18,0.0,0.01,5,4,0,cruise,Unknown,0.2432842747281888,observed,207,2
1,188,1.679664000221237,137.13769000014508,11.22,37.94,0.98,80.64,0.19,4.23,135.31,0.0,0.01,5,4,0,cruise,Unknown,0.253059533280297,observed,208,2
1,189,1.5014430000519496,129.29033399996115,11.11,35.57,0.7,76.41,0.16,3.58,127.63,0.0,0.01,4,4,2,slow_down,Unknown,0.18966454521347123,observed,209,2
1,190,1.550932000100147,126.01631100005761,10.7,34.83,0.71,74.56,0.16,3.26,124.33,0.0,0.01,4,4,2,slow_down,Unknown,0.18316096526120393,observed,210,2
1,191,1.372226000057708,140.3342319999865,11.0,35.15,0.59,86.66,0.2,5.1,138.83,0.0,0.01,3,3,1,slow_down,Unknown,0.2606089233625033,observed,211,2
1,192,1.43069200021273,139.31499299997085,12.57,41.15,0.68,79.19,0.19,3.85,137.73,0.0,0.01,3,3,0,cruise,Unknown,0.22155926809864757,observed,212,2
1,193,1.5338839998548792,132.83103000003393,10.79,36.52,0.66,78.92,0.2,3.95,131.14,0.0,0.01,3,3,0,cruise,Unknown,0.2962377353487139,observed,213,2
1,194,1.7472610002187139,127.69137499981298,11.45,35.08,0.6,74.72,0.18,3.63,125.77,0.0,0.01,3,3,0,cruise,Unknown,0.29377486077963405,observed,214,2
1,195,1.3772079996670072,130.44967799987717,10.94,34.67,0.61,77.53,0.2,4.86,128.94,0.0,0.01,2,2,1,slow_down,Unknown,0.31012496685229385,observed,215,2
1,196,1.4002210000398918,127.69747700031076,12.23,35.16,0.49,74.34,0.15,3.7,126.17,0.0,0.01,2,2,1,slow_down,Unknown,0.3093691991514187,observed,216,2
1,197,1.4591210001526633,125.47160499980237,10.21,34.81,0.52,74.32,0.23,3.61,123.8,0.0,0.01,3,3,0,cruise,Unknown,0.25178500397772474,observed,217,2
1,198,1.3860760000170558,124.57180699993842,10.72,34.34,0.57,73.76,0.15,3.4,123.07,0.0,0.01,3,3,0,cruise,Unknown,0.21192654468310793,observed,218,2
1,199,1.4601070001845073,137.57870300014474,10.82,34.22,0.56,86.33,0.17,3.8,135.99,0.0,0.01,3,3,0,cruise,Unknown,0.2629077167859984,observed,219,2
1,200,1.481948999753513,125.52616799985117,10.48,35.22,0.51,74.08,0.16,3.34,123.9,0.0,0.01,3,3,0,cruise,Unknown,0.20993105277114824,observed,220,2
1,201,1.4309869998214708,124.21901800007618,10.23,34.11,0.72,73.67,0.15,3.66,122.65,0.0,0.01,4,3,0,cruise,Unknown,0.30036462476796605,observed,221,2
1,202,1.5827590000299097,124.56966299987471,10.37,34.04,0.58,74.05,0.19,3.54,122.86,0.0,0.01,4,3,0,cruise,Unknown,0.2986061389551843,observed,222,2
1,203,1.4098120000198833,125.90740300038306,10.5,34.87,0.63,74.48,0.14,3.65,124.36,0.0,0.01,4,4,0,cruise,Unknown,0.2934334394059931,observed,223,2
1,204,1.3626709996970021,124.99501699994653,10.02,33.86,0.53,75.02,0.15,3.81,123.49,0.0,0.01,4,4,0,cruise,Unknown,0.2914959559798462,observed,224,2
1,205,1.5067590002217912,128.86252099997364,10.53,35.06,0.64,77.07,0.18,3.63,127.23,0.0,0.01,3,3,1,slow_down,Unknown,0.2698140413683373,observed,225,2
1,206,1.5644519999113982,127.93463700018037,10.87,35.75,0.61,75.13,0.16,3.6,126.23,0.0,0.01,3,3,1,slow_down,Unknown,0.23347918324051975,observed,226,2
1,207,1.3770010000371258,142.1254530000624,11.02,37.34,0.65,87.82,0.17,3.48,140.6,0.0,0.01,4,4,0,cruise,Unknown,0.3150341421373641,observed,227,2
1,208,1.4903450000929297,124.30340399987472,10.45,34.55,0.57,73.19,0.17,3.62,122.65,0.0,0.01,4,4,0,cruise,Unknown,0.3047517236807213,observed,228,2
1,209,1.5743900003144518,125.29821600037394,10.21,35.16,0.67,73.72,0.17,3.53,123.57,0.0,0.01,4,4,0,cruise,Unknown,0.3436837045876425,observed,229,2
1,210,1.4352709999911895,174.86303199984832,10.84,34.44,0.6,119.89,0.35,6.93,173.21,0.0,0.01,4,4,0,cruise,Unknown,0.3420478652877221,observed,230,2
1,211,3.188969000348152,207.09099400028208,16.97,58.54,0.76,120.39,0.3,6.6,203.7,0.0,0.01,3,3,1,slow_down,Unknown,0.3556268231238398,observed,231,2
1,212,3.7555810004050727,209.02240200030064,17.39,51.18,0.98,127.81,0.31,7.25,205.09,0.0,0.02,3,3,2,slow_down,Unknown,0.3537838106603023,observed,232,2
1,213,1.5775540000504407,208.52973299997757,17.29,54.35,0.76,127.31,0.29,6.6,206.75,0.0,0.01,3,3,2,slow_down,Unknown,0.3540605940068947,observed,233,2
1,214,3.587442000025476,203.07968600036475,17.54,51.19,0.77,123.63,0.32,5.72,199.32,0.0,0.02,3,3,3,slow_down,Unknown,0.3521894059931053,observed,234,2
1,215,1.6190760002245952,195.0942510002278,17.16,55.77,0.72,112.89,0.24,6.37,193.28,0.0,0.01,3,3,1,slow_down,Unknown,0.34245392468841157,observed,235,2
1,216,3.3912960002453474,190.3272200001993,13.69,52.23,0.83,113.77,0.23,5.87,186.77,0.0,0.01,3,3,1,slow_down,Unknown,0.34001922566958365,observed,236,2
1,217,2.9578329999822017,187.18037199960236,14.25,51.64,0.85,111.51,0.22,5.48,184.08,0.0,0.01,3,3,0,cruise,Unknown,0.2731569875364625,observed,237,2
1,218,1.4408139995794045,224.81585399964388,18.03,58.65,0.67,139.22,0.33,6.17,223.22,0.0,0.02,3,3,0,cruise,Unknown,0.2549804428533545,observed,238,2
1,219,4.978873999789357,226.1268399997789,13.66,61.01,0.67,138.84,0.32,6.33,220.97,0.0,0.02,3,3,0,cruise,Unknown,0.3106669318483161,observed,239,2
1,220,1.5196129998003016,198.99757299981502,16.54,54.27,0.97,119.44,0.22,5.71,197.3,0.0,0.01,3,3,0,cruise,Unknown,0.3144325112702201,observed,240,2
1,221,3.843355000299198,195.23531400000138,13.47,54.67,0.77,115.91,0.27,5.98,191.23,0.0,0.02,3,3,2,slow_down,Unknown,0.283838835852559,observed,241,2
1,222,3.4549319998404826,208.36577799991574,16.21,59.68,0.77,121.74,0.33,5.84,204.74,0.0,0.01,3,3,2,slow_down,Unknown,0.28843973747016705,observed,242,2
1,223,1.0356560001127946,206.1520060001385,14.69,64.38,0.8,118.29,0.26,6.33,204.92,0.0,0.01,4,4,0,cruise,Unknown,0.23092680986475736,observed,243,2
1,224,3.327299999909883,184.91566700004114,14.46,53.96,0.92,107.99,0.2,3.72,181.44,0.0,0.05,3,3,0,cruise,Unknown,0.25875762397242114,observed,244,2
1,225,2.3551299996142916,131.84580799998002,9.82,34.81,0.59,80.21,0.21,3.6,129.34,0.0,0.01,4,3,1,slow_down,Unknown,0.28215824714929727,observed,245,2
1,226,1.1702020001393976,133.53421100009655,11.31,34.9,0.61,81.48,0.17,3.63,132.21,0.0,0.01,4,3,1,slow_down,Unknown,0.27456245027844073,observed,246,2
1,227,1.5145190000112052,127.24237199972777,10.7,34.82,0.51,75.68,0.16,3.62,125.59,0.0,0.01,3,3,0,cruise,Unknown,0.27096095200212145,observed,247,2
1,228,1.5907140000308573,127.48024400025315,10.7,34.36,0.54,76.21,0.2,3.61,125.74,0.0,0.01,3,3,0,cruise,Unknown,0.27039909838239196,observed,248,2
1,229,1.6202090000660974,130.93130100014605,10.87,35.17,0.59,77.55,0.24,4.61,129.15,0.0,0.01,4,4,0,cruise,Unknown,0.26768595863166267,observed,249,2
1,230,1.4906600003996573,129.45710400026655,14.1,34.39,0.53,74.6,0.21,3.85,127.81,0.0,0.01,3,3,0,cruise,Unknown,0.25674058605144523,observed,250,2
1,231,1.420131000031688,126.44799600002443,10.48,35.72,0.68,73.89,0.17,3.86,124.89,0.0,0.01,4,4,0,cruise,Unknown,0.27644192521877486,observed,251,2
1,232,1.442170999780501,137.84609999993336,10.48,37.59,0.61,83.27,0.2,3.97,136.24,0.0,0.02,4,4,0,cruise,Unknown,0.27033943251127024,observed,252,2
1,233,1.5418150001096365,131.69403300025806,11.38,36.41,0.67,77.08,0.19,4.11,129.98,0.0,0.01,4,4,0,cruise,Unknown,0.21491978255104746,observed,253,2
1,234,1.481060000060097,132.33817000036652,10.82,36.55,0.64,78.79,0.17,3.64,130.72,0.0,0.01,4,4,0,cruise,Unknown,0.231798594537258,observed,254,2
1,235,1.539290999971854,130.60799699997006,10.81,36.36,0.55,77.0,0.2,3.89,128.9,0.0,0.01,3,3,0,cruise,Unknown,0.23301843012463538,observed,255,2
1,236,1.5368379999927129,126.53346100023555,10.9,35.53,0.63,73.77,0.15,3.8,124.86,0.0,0.01,3,3,0,cruise,Unknown,0.23802704852824186,observed,256,2
1,237,1.4496940002572956,130.80776300012076,10.92,35.07,0.48,78.41,0.2,4.04,129.22,0.0,0.01,3,3,0,cruise,Unknown,0.3052605409705648,observed,257,2
1,238,1.495996999892668,125.86936600018817,10.23,34.96,0.54,74.52,0.19,3.66,124.2,0.0,0.01,3,3,0,cruise,Unknown,0.2890015910898966,observed,258,2
1,239,1.6949939999904018,127.08096899996235,10.74,35.05,0.64,74.93,0.17,3.61,125.25,0.0,0.01,3,3,0,cruise,Unknown,0.2157998541500928,observed,259,2
1,240,1.4215520000107063,134.76774799983104,10.66,43.78,0.55,74.43,0.13,3.53,133.2,0.0,0.01,3,3,0,cruise,Unknown,0.23538186157517899,observed,260,2
1,241,1.480170999911934,126.86634400006369,10.61,34.26,0.56,76.06,0.15,3.5,125.25,0.0,0.01,4,3,0,cruise,Unknown,0.30300318217979316,observed,261,2
1,242,1.4683610002066416,126.81512100016334,10.52,36.17,0.58,73.96,0.18,3.69,125.22,0.0,0.01,3,2,0,cruise,Unknown,0.30544616812516573,observed,262,2
1,243,1.4933279999240767,130.6266289998348,10.49,34.42,0.49,79.16,0.2,4.11,129.0,0.0,0.04,3,3,0,cruise,Unknown,0.3045213471227791,observed,263,2
1,244,1.6905970001062087,132.60184799992203,11.53,38.3,0.91,76.26,0.17,3.48,130.77,0.0,0.01,3,3,0,cruise,Unknown,0.3030230708035004,observed,264,2
1,245,1.4569459999620449,129.4376280002325,10.81,35.69,0.62,76.53,0.2,3.79,127.81,0.0,0.01,3,3,0,cruise,Unknown,0.33568682047202336,observed,265,2
1,246,1.4106220000940084,128.05296299984548,10.66,34.14,0.65,76.94,0.19,3.82,126.5,0.0,0.01,3,3,0,cruise,Unknown,0.3359801776717051,observed,266,2
1,247,1.567910000176198,127.87130800006707,10.8,35.47,0.57,75.16,0.19,3.86,126.14,0.0,0.01,3,3,0,cruise,Unknown,0.34005568814638026,observed,267,2
1,248,1.5083980001691089,143.49042300000292,11.22,49.39,0.56,76.33,0.24,3.97,141.81,0.0,0.01,3,3,1,slow_down,Unknown,0.3381165473349244,observed,268,2
1,249,1.571704999605572,130.09361599961267,11.37,35.01,0.7,77.52,0.16,3.5,128.36,0.0,0.01,4,4,2,slow_down,Unknown,0.34367044550517106,observed,269,2
1,250,1.469933999942441,127.31933700024456,10.36,34.98,0.7,75.66,0.18,3.73,125.71,0.0,0.01,4,4,2,slow_down,Unknown,0.342364425881729,observed,270,2
1,251,1.5664709999327897,130.27945500016358,10.65,35.54,0.6,78.25,0.15,3.28,128.59,0.0,0.01,4,4,0,cruise,Unknown,0.3365138557411827,observed,271,2
1,252,1.3195550000091316,128.7279939997461,10.65,35.47,0.67,75.42,0.2,4.71,127.28,0.0,0.01,4,4,0,cruise,Unknown,0.3360464730840626,observed,272,2
1,253,1.402137000241055,128.47435699995913,13.5,35.34,0.78,73.5,0.14,3.55,126.9,0.0,0.01,3,3,0,cruise,Unknown,0.3347586846990188,observed,273,2
1,254,1.583340999786742,125.55325599987555,9.74,34.54,0.54,75.24,0.2,3.48,123.85,0.0,0.01,3,3,0,cruise,Unknown,0.3336482365420313,observed,274,2
1,255,1.4581999998881656,124.5533040000737,10.23,34.95,0.81,72.99,0.16,3.68,122.93,0.0,0.01,5,5,0,cruise,Unknown,0.3057063776186688,observed,275,2
1,256,1.5176339998106414,140.8068769997044,10.66,49.56,0.69,74.23,0.15,3.76,139.15,0.0,0.01,5,5,0,cruise,Unknown,0.30183638292230175,observed,276,2
1,257,1.4064689999031543,145.08990100011943,10.79,34.6,0.48,91.33,0.31,5.9,143.54,0.0,0.01,2,2,0,cruise,Unknown,0.31823786793953857,observed,277,2
1,258,1.4153659999465162,137.95320899998842,14.41,41.56,0.75,75.92,0.15,3.49,136.41,0.0,0.01,2,2,0,cruise,Unknown,0.3220382524529303,observed,278,2
1,259,1.5753120001136267,126.04397899985997,10.79,35.21,0.64,73.74,0.16,3.71,124.33,0.0,0.01,4,4,0,cruise,Unknown,0.27068085388491114,observed,279,2
1,260,1.6013550002753618,130.98348899984558,10.6,34.03,0.55,80.06,0.16,3.74,129.25,0.0,0.01,4,4,0,cruise,Unknown,0.27266971625563513,observed,280,2
1,261,1.4133289996607346,126.07534699964162,10.45,34.55,0.56,75.08,0.17,3.61,124.52,0.0,0.01,4,4,0,cruise,Unknown,0.2824549191195969,observed,281,2
1,262,1.6224929995587445,131.01170299978548,10.57,34.83,0.64,78.37,0.21,4.46,129.2,0.0,0.01,4,4,0,cruise,Unknown,0.2838056881463803,observed,282,2
1,263,1.7308420001427294,154.66528900014964,11.21,35.95,0.77,97.89,0.32,6.39,152.68,0.0,0.01,5,5,0,cruise,Unknown,0.21268396976929196,observed,283,2
1,264,1.642150999941805,131.05140500010748,11.65,36.27,0.65,76.94,0.2,3.44,129.24,0.0,0.01,4,4,0,cruise,Unknown,0.21386900026518166,observed,284,2
1,265,1.4729289996466832,127.95250299996042,11.47,35.6,0.62,74.89,0.23,3.37,126.3,0.0,0.01,4,4,0,cruise,Unknown,0.11862569610182976,observed,285,2
1,266,1.6377490001104889,136.00392800026384,11.0,35.53,0.76,83.56,0.24,3.0,134.2,0.0,0.01,4,4,0,cruise,Unknown,0.13397639883320075,observed,286,2
1,267,1.580050000029587,134.59991899981105,10.68,36.37,0.61,81.03,0.2,3.88,132.87,0.0,0.01,4,4,0,cruise,Unknown,0.27414313179527977,observed,287,2
1,268,1.5742189998491085,137.3759709999831,11.26,36.88,0.6,82.61,0.21,3.97,135.63,0.0,0.01,4,4,0,cruise,Unknown,0.26904004242906393,observed,288,2
1,269,1.5254189997904177,132.99275400004262,10.82,37.51,0.65,77.99,0.23,3.99,131.31,0.0,0.01,4,4,0,cruise,Unknown,0.25799854150092816,observed,289,2
1,270,1.6570899997532251,137.1473609997338,10.73,37.64,0.68,81.64,0.3,4.23,135.32,0.0,0.01,4,4,0,cruise,Unknown,0.2755336780694776,observed,290,2
1,271,1.693432000138273,145.9211689998483,11.57,40.9,1.0,86.6,0.19,3.69,144.05,0.0,0.01,6,5,0,cruise,Unknown,0.25370922832140014,observed,291,2
1,272,1.1696470000970294,131.21807500010618,11.56,36.86,0.68,76.79,0.19,3.71,129.89,0.0,0.01,5,4,0,cruise,Unknown,0.2487287854680456,observed,292,2
1,273,1.1509519999890472,132.72368900015863,11.7,36.85,0.75,78.12,0.18,3.7,131.41,0.0,0.01,5,5,0,cruise,Unknown,0.24970167064439142,observed,293,2
1,274,1.5423869999722228,132.75689899955978,10.41,37.88,0.71,77.54,0.22,4.15,131.05,0.0,0.01,5,5,0,cruise,Unknown,0.23921870856536728,observed,294,2
1,275,1.507608000338223,140.88483800014728,10.52,38.32,0.59,85.24,0.22,4.19,139.19,0.0,0.01,4,4,1,slow_down,Unknown,0.2514684433837178,observed,295,2
1,276,1.6844700003275648,133.34183000006306,11.24,38.37,0.67,77.09,0.19,3.8,131.48,0.0,0.01,4,4,1,slow_down,Unknown,0.2529402015380536,observed,296,2
1,277,1.6130310000335157,129.78130000010424,11.23,35.5,0.68,76.5,0.23,3.75,127.99,0.0,0.01,5,5,1,slow_down,Unknown,0.26059234950941396,observed,297,2
1,278,1.4707410000482923,130.13332499986063,11.38,36.68,0.71,75.04,0.2,4.34,128.47,0.0,0.01,4,4,1,slow_down,Unknown,0.265219769291965,observed,298,2
1,279,1.697057000001223,147.82708799975808,11.54,52.06,0.77,77.4,0.22,3.82,145.92,0.0,0.01,5,4,0,cruise,Unknown,0.25188776186687883,observed,299,2
1,280,1.5902499999356223,132.38632000002326,11.35,35.37,1.14,78.45,0.21,3.96,130.6,0.0,0.01,5,4,0,cruise,Unknown,0.2539777247414479,observed,300,2
1,281,1.6959740000856982,136.1679510000613,10.8,37.89,0.64,79.88,0.24,4.72,134.29,0.0,0.01,4,4,0,cruise,Unknown,0.29051975603288255,observed,301,2
1,282,1.6637700000501354,140.43551800023124,12.22,37.83,0.79,83.75,0.21,3.68,138.61,0.0,0.01,4,4,0,cruise,Unknown,0.2889038053566693,observed,302,2
1,283,1.4509600000565115,127.85286700000142,11.04,35.74,0.64,74.54,0.2,3.99,126.25,0.0,0.01,4,4,0,cruise,Unknown,0.29111309997348184,observed,303,2
1,284,1.4499809999506397,127.06066100008684,10.69,35.92,0.74,73.83,0.24,3.93,125.47,0.0,0.01,4,4,0,cruise,Unknown,0.29117276584460355,observed,304,2
1,285,1.495203000104084,124.64896600022257,10.11,34.86,0.68,73.44,0.2,3.63,123.02,0.0,0.01,4,4,0,cruise,Unknown,0.283683041633519,observed,305,2
1,286,1.5556970001853188,133.45557599996027,11.16,35.7,0.65,77.74,0.36,5.97,131.72,0.0,0.01,4,4,0,cruise,Unknown,0.27771313975072925,observed,306,2
1,287,1.5541259999736212,134.3749719999323,16.42,36.85,0.99,74.25,0.14,3.9,132.66,0.0,0.01,3,3,0,cruise,Unknown,0.2781042826836383,observed,307,2
1,288,1.3988259997859132,125.67641699979504,10.54,35.1,0.58,74.12,0.15,3.56,124.15,0.0,0.01,3,3,0,cruise,Unknown,0.276673959162026,observed,308,2
1,289,1.5381970001726586,126.40999799987185,10.55,35.45,0.68,74.25,0.17,3.53,124.73,0.0,0.01,3,3,0,cruise,Unknown,0.2930920180323522,observed,309,2
1,290,1.5283400002772396,138.34646900022562,10.05,36.19,0.64,85.29,0.23,4.16,136.67,0.0,0.01,4,4,0,cruise,Unknown,0.30270816759480246,observed,310,2
1,291,1.5072780001901265,125.44694500002151,10.48,35.41,0.62,73.65,0.21,3.29,123.76,0.0,0.01,4,4,0,cruise,Unknown,0.2746469769291965,observed,311,2
1,292,1.6686300000401388,131.4177090002886,10.68,34.48,0.58,80.11,0.14,3.51,129.58,0.0,0.01,4,4,0,cruise,Unknown,0.2719868735083532,observed,312,2
1,293,1.6074109998953645,124.60216999988916,10.07,35.0,0.65,72.88,0.16,4.0,122.85,0.0,0.01,4,4,0,cruise,Unknown,0.29034904534606204,observed,313,2
1,294,1.6069799999058887,130.63869699999486,10.21,35.37,0.58,75.84,0.24,6.52,128.85,0.0,0.01,4,4,0,cruise,Unknown,0.2932842747281888,observed,314,2
1,295,1.4594099998248566,133.94120800012388,16.26,37.5,1.09,73.44,0.15,3.76,132.34,0.0,0.01,4,4,0,cruise,Unknown,0.3162738663484487,observed,315,2
1,296,1.713400999960868,125.59449399986988,10.96,34.48,0.59,73.7,0.22,3.67,123.72,0.0,0.01,4,4,0,cruise,Unknown,0.31386071333863697,observed,316,2
1,297,1.3606529996650352,125.95681699986017,10.97,35.4,1.05,72.95,0.16,3.85,124.47,0.0,0.01,4,4,0,cruise,Unknown,0.30067952797666403,observed,317,2
1,298,1.4659130001746234,130.1228320003247,9.88,39.81,0.59,74.25,0.15,3.71,128.5,0.0,0.01,4,4,0,cruise,Unknown,0.30333300185627154,observed,318,2
1,299,1.5205659997263865,124.7666469998876,9.84,34.64,0.53,74.05,0.19,3.77,123.13,0.0,0.01,3,3,1,slow_down,Unknown,0.31524960222752585,observed,319,2
1,300,1.425280000148632,160.31198000018776,10.77,34.72,0.52,105.58,0.33,6.66,158.71,0.0,0.01,3,3,1,slow_down,Unknown,0.31330383187483424,observed,320,2
1,301,3.2414120000794355,189.0886539999883,19.55,50.69,0.96,107.03,0.3,6.93,185.65,0.0,0.03,4,4,1,slow_down,Unknown,0.2616249005568815,observed,321,2
1,302,2.334420999886788,209.82886499996312,15.04,61.74,0.77,122.44,0.28,6.89,207.3,0.0,0.02,4,4,1,slow_down,Unknown,0.26072991249005567,observed,322,2
1,303,4.210951999993995,198.54000100031044,13.28,52.87,0.89,120.19,0.28,6.51,194.15,0.0,0.01,3,3,0,cruise,Unknown,0.2546837708830549,observed,323,2
1,304,3.443796999818005,195.53002799966634,16.47,55.74,0.8,112.34,0.29,6.14,191.93,0.0,0.02,3,3,0,cruise,Unknown,0.2659158711217184,observed,324,2
1,305,2.709803000016109,189.06293899999582,15.53,51.64,0.69,111.63,0.29,6.27,186.2,0.0,0.02,3,3,0,cruise,Unknown,0.2824184566428003,observed,325,2
1,306,3.4290890002921515,191.02384300003905,13.18,52.28,0.71,114.47,0.29,6.3,187.4,0.0,0.01,3,3,0,cruise,Unknown,0.2854498143728454,observed,326,2
1,307,1.1683669999911217,202.12181900024007,16.48,54.44,0.77,122.47,0.29,6.16,200.76,0.0,0.02,3,3,0,cruise,Unknown,0.2884347653142403,observed,327,2
1,308,2.8090260002500145,194.72619199996188,16.09,52.7,0.86,115.69,0.27,5.93,191.76,0.0,0.01,3,3,0,cruise,Unknown,0.2879541235746486,observed,328,2
1,309,1.0519900001781934,214.0810269997928,17.06,55.9,0.76,130.93,0.28,7.77,212.86,0.0,0.01,3,3,1,slow_down,Unknown,0.2605708035003978,observed,329,2
1,310,3.5591400001067086,199.72928900006082,18.01,53.27,0.78,117.13,0.28,6.35,195.98,0.0,0.02,3,3,1,slow_down,Unknown,0.26393363829223015,observed,330,2
1,311,6.192362000092544,199.84684400014885,12.72,55.4,0.8,117.71,0.25,6.44,193.45,0.0,0.01,3,3,0,cruise,Unknown,0.27635076902678335,observed,331,2
1,312,3.0523359996550425,201.86566199981826,14.77,52.81,0.76,121.78,0.29,8.02,198.58,0.0,0.02,3,3,0,cruise,Unknown,0.2840294351630867,observed,332,2
1,313,3.5364280001886073,225.10896399990088,26.56,61.42,1.05,124.89,0.35,6.94,221.36,0.0,0.01,3,3,0,cruise,Unknown,0.3052373375762397,observed,333,2
1,314,1.6796139998405124,208.45552299988412,18.6,57.82,0.88,122.08,0.27,6.75,206.57,0.0,0.02,3,3,0,cruise,Unknown,0.30516109785202866,observed,334,2
1,315,1.5599530001964013,130.357770000046,10.72,36.06,0.54,77.53,0.17,3.49,128.61,0.0,0.01,3,3,0,cruise,Unknown,0.33043953858393,observed,335,2
1,316,1.408749999882275,126.79568799967456,10.91,35.11,0.5,74.21,0.18,4.25,125.25,0.0,0.01,3,3,0,cruise,Unknown,0.33161462476796605,observed,336,2
1,317,1.6332299996975053,134.71079999999347,11.52,36.03,0.54,80.53,0.2,3.99,132.93,0.0,0.01,3,3,0,cruise,Unknown,0.2843227923627685,observed,337,2
1,318,1.5395089999401534,128.55395999986285,10.91,35.09,0.59,75.96,0.22,3.98,126.85,0.0,0.01,3,3,0,cruise,Unknown,0.2784573057544418,observed,338,2
1,319,1.6510310001649486,137.79541900021286,10.91,35.75,0.59,84.3,0.19,4.07,135.95,0.0,0.01,3,3,1,slow_down,Unknown,0.32444974807743304,observed,339,2
1,320,1.4825590001237288,130.37502499992115,10.51,38.17,0.51,74.73,0.22,4.44,128.72,0.0,0.01,3,3,1,slow_down,Unknown,0.3243337311058075,observed,340,2
1,321,1.3676379999196797,130.75317599987102,13.37,35.68,0.58,75.57,0.17,3.8,129.26,0.0,0.01,3,3,3,slow_down,Unknown,0.34081477061787324,observed,341,2
1,322,1.112055999783479,125.39491799998359,10.88,35.04,0.51,73.71,0.15,3.74,124.13,0.0,0.01,3,3,3,slow_down,Unknown,0.34153076107133384,observed,342,2
1,323,2.3289219998332555,125.0672719997965,9.43,34.8,0.5,74.09,0.18,3.49,122.6,0.0,0.01,3,3,1,slow_down,Unknown,0.33065499867409176,observed,343,2
1,324,1.2863480001215066,124.59164499978215,10.57,34.66,0.5,73.19,0.16,3.98,123.16,0.0,0.01,3,3,1,slow_down,Unknown,0.33057544417926277,observed,344,2
1,325,1.6241200000877143,126.90997600020637,10.48,34.56,0.65,75.19,0.21,3.95,125.13,0.0,0.01,3,3,1,slow_down,Unknown,0.329786528772209,observed,345,2
1,326,1.49405599995589,127.78299899991907,10.29,35.65,0.55,75.5,0.22,3.81,126.13,0.0,0.01,3,3,1,slow_down,Unknown,0.3316643463272342,observed,346,2
1,327,1.4814619999015122,138.66258400003062,10.72,36.33,0.51,84.9,0.28,4.19,137.05,0.0,0.01,3,3,0,cruise,Unknown,0.302719769291965,observed,347,2
1,328,1.8885790000240377,139.67324299983375,12.7,36.24,0.63,83.66,0.22,4.09,137.64,0.0,0.01,3,3,0,cruise,Unknown,0.2996668655529037,observed,348,2
1,329,1.3102459997753613,129.31496400005926,12.38,36.73,0.67,73.8,0.16,4.02,127.86,0.0,0.01,3,3,0,cruise,Unknown,0.2742624635375232,observed,349,2
1,330,1.3825440000800882,124.84566200009795,9.87,34.46,0.45,74.39,0.16,3.91,123.34,0.0,0.01,3,3,0,cruise,Unknown,0.2742392601431981,observed,350,2
1,331,1.4870840000185126,128.10044200023185,10.61,34.61,0.62,76.73,0.21,3.59,126.46,0.0,0.01,3,3,1,slow_down,Unknown,0.27818383717846723,observed,351,2
1,332,1.4329420000649407,126.34378400025525,10.76,34.89,0.44,74.28,0.17,4.14,124.77,0.0,0.01,3,3,1,slow_down,Unknown,0.27641043489790507,observed,352,2
1,333,1.4247389999582083,126.10113199980333,11.03,35.9,0.6,73.22,0.17,3.5,124.52,0.0,0.01,3,3,1,slow_down,Unknown,0.22312715460090163,observed,353,2
1,334,1.4623360002588015,133.02116100021522,10.42,35.45,0.55,78.0,0.28,6.52,131.34,0.0,0.01,3,3,1,slow_down,Unknown,0.22816063378414214,observed,354,2
1,335,1.623699999981909,151.35741300036898,14.14,40.61,0.49,89.87,0.2,4.17,149.57,0.0,0.01,3,3,1,slow_down,Unknown,0.30397109520021215,observed,355,2
1,336,1.4626299998781178,142.95073599987518,11.61,40.42,0.56,84.5,0.2,3.94,141.33,0.0,0.01,3,3,1,slow_down,Unknown,0.31227625298329353,observed,356,2
1,337,1.6388569997616287,125.83424099966578,11.86,34.59,0.51,73.12,0.15,3.72,124.04,0.0,0.01,3,3,0,cruise,Unknown,0.27390612569610184,observed,357,2
1,338,1.5924819999781903,128.23957799992058,10.26,34.94,0.47,76.86,0.18,3.71,126.52,0.0,0.01,3,3,0,cruise,Unknown,0.2779435163086714,observed,358,2
1,339,1.675436999903468,123.76979500004381,10.05,33.89,0.54,73.33,0.14,3.9,121.98,0.0,0.01,2,2,0,cruise,Unknown,0.32583532219570405,observed,359,2
1,340,1.451625999834505,126.76081800009342,11.17,35.35,0.56,74.1,0.15,3.72,125.14,0.0,0.01,2,2,0,cruise,Unknown,0.31266076637496687,observed,360,2
1,341,1.4947119998396374,126.58052200004022,9.94,35.2,0.51,74.91,0.2,4.08,124.94,0.0,0.01,3,3,0,cruise,Unknown,0.3069212410501193,observed,361,2
1,342,1.4278899998316774,125.74405899977137,10.49,35.15,0.49,73.8,0.16,4.0,124.18,0.0,0.01,3,3,0,cruise,Unknown,0.31127684964200475,observed,362,2
1,343,1.4071129999138066,142.6733539997258,9.84,34.53,0.37,92.23,0.22,3.82,141.12,0.0,0.03,2,2,0,cruise,Unknown,0.3109934367541766,observed,363,2
1,344,1.2198019999232201,135.36935000001904,11.86,37.02,0.44,80.82,0.18,3.58,134.0,0.0,0.01,2,2,0,cruise,Unknown,0.2969255502519226,observed,364,2
1,345,1.1849959996652615,141.5238549998321,11.03,34.44,0.39,89.46,0.24,4.53,140.19,0.0,0.01,2,2,0,cruise,Unknown,0.3527562317687616,observed,365,2
1,346,1.2491210000007413,130.2003880000484,11.18,35.98,0.51,76.95,0.15,3.93,128.8,0.0,0.01,2,2,0,cruise,Unknown,0.3516242376027579,observed,366,2
1,347,1.1173269999744662,125.84276400002636,10.14,34.46,0.48,75.81,0.18,3.45,124.61,0.0,0.01,2,2,0,cruise,Unknown,0.2969504110315566,observed,367,2
1,348,3.780836000260024,128.7456610002664,9.77,34.84,0.42,75.61,0.2,3.91,124.84,0.0,0.01,2,2,0,cruise,Unknown,0.3163782816229117,observed,368,2
1,349,1.8347940003877738,130.62889000002542,10.47,37.0,0.62,76.19,0.19,4.06,128.64,0.0,0.01,3,2,0,cruise,Unknown,0.3243619066560594,observed,369,2
1,350,1.5527240002484177,140.2782099999058,12.95,37.23,0.66,82.99,0.21,4.41,138.57,0.0,0.01,3,2,0,cruise,Unknown,0.3113099973481835,observed,370,2
1,351,1.590361000125995,151.4175250003973,11.94,48.08,0.53,85.63,0.2,3.19,149.69,0.0,0.02,2,1,0,cruise,Unknown,0.16493138424821002,observed,371,2
1,352,1.2410990002535982,136.07992700008253,10.83,34.82,0.47,84.73,0.25,3.47,134.68,0.0,0.01,2,1,0,cruise,Unknown,0.16968145054362238,observed,372,2
1,353,3.1800930000827066,139.63602800004082,9.77,36.61,0.54,85.36,0.21,3.66,136.24,0.0,0.01,2,2,0,cruise,Unknown,0.1997729382126757,observed,373,2
1,354,1.152025000010326,136.14536100021724,11.2,35.27,0.5,84.22,0.2,3.33,134.82,0.0,0.01,2,2,0,cruise,Unknown,0.18958333333333333,observed,374,2
1,355,1.1816800001724914,138.6730549997992,10.85,35.62,0.43,86.51,0.21,3.65,137.36,0.0,0.01,1,1,0,cruise,Unknown,0.2612917661097852,observed,375,2
1,356,1.3172229996598617,142.51249099970664,11.27,37.68,0.43,87.3,0.19,4.07,141.06,0.0,0.01,1,1,0,cruise,Unknown,0.2645866481039512,observed,376,2
1,357,2.157110999633005,133.9868589998332,10.4,37.73,0.39,79.36,0.18,3.52,131.67,0.0,0.01,1,1,0,cruise,Unknown,0.34950444179262796,observed,377,2
1,358,2.173155000036786,153.35716700019475,10.31,37.44,0.37,96.82,0.25,5.7,151.01,0.0,0.01,1,1,0,cruise,Unknown,0.3477658446035534,observed,378,2
1,359,1.6752940000515082,127.21414099996764,10.76,35.69,0.42,74.44,0.17,3.78,125.39,0.0,0.01,1,1,0,cruise,Unknown,0.2528457305754442,observed,379,2
1,360,1.4319769998110132,128.92133499963165,11.17,37.6,0.43,74.32,0.14,3.58,127.36,0.0,0.01,1,1,0,cruise,Unknown,0.2510474675152479,observed,380,2
1,361,1.557180999952834,126.10310799982472,11.36,35.22,0.41,73.3,0.16,3.86,124.41,0.0,0.01,1,1,0,cruise,Unknown,0.28973249801113765,observed,381,2
1,362,1.58886999997776,125.23869300002843,9.76,34.93,0.54,74.29,0.18,3.73,123.52,0.0,0.01,1,1,0,cruise,Unknown,0.2877535799522673,observed,382,2
1,363,1.5702300001976255,126.46056599987787,10.41,35.12,0.47,76.12,0.16,2.39,124.76,0.0,0.01,1,1,0,cruise,Unknown,0.05699582338902148,observed,383,2
1,364,1.5333669998653932,129.38217499959137,11.5,36.9,0.43,76.36,0.19,2.24,127.73,0.0,0.01,1,1,0,cruise,Unknown,0.05608426146910634,observed,384,2
1,365,1.6529599997738842,133.45514399998137,10.48,38.05,0.42,80.2,0.17,2.25,131.67,0.0,0.01,1,1,1,slow_down,Unknown,0.03198587907716786,observed,385,2
1,366,1.4625150001847942,140.21944400019493,11.19,39.02,0.48,85.58,0.19,2.07,138.62,0.0,0.01,1,1,1,slow_down,Unknown,0.041406457173163616,observed,386,2
1,367,1.47920300014448,126.03269800001726,10.56,34.76,0.37,75.15,0.21,3.26,124.41,0.0,0.01,1,1,0,cruise,Unknown,0.09277877220896313,observed,387,2
1,368,1.6478470001857204,126.32901799997853,11.03,34.92,0.37,74.9,0.2,3.02,124.54,0.0,0.01,1,1,0,cruise,Unknown,0.09407816229116946,observed,388,2
1,369,1.5806340002200159,124.51106500020614,10.96,34.55,0.39,73.8,0.21,2.78,122.79,0.0,0.01,1,1,0,cruise,Unknown,0.07934234950941395,observed,389,2
1,370,1.5125630002330581,122.96018300003198,10.46,34.95,0.42,72.86,0.15,2.38,121.32,0.0,0.01,1,1,0,cruise,Unknown,0.07481934500132591,observed,390,2
1,371,1.4107870001680567,122.17155900043508,9.68,34.62,0.36,73.68,0.17,2.02,120.63,0.0,0.01,1,1,0,cruise,Unknown,0.038350238663484484,observed,391,2
1,372,1.5689540000494162,127.05575100017086,10.91,35.5,0.4,76.09,0.17,2.16,125.33,0.0,0.01,1,1,0,cruise,Unknown,0.0386402810925484,observed,392,2
1,373,1.5697839999120333,124.89188800009288,10.64,35.3,0.42,74.58,0.15,2.01,123.2,0.0,0.01,1,1,0,cruise,Unknown,0.03938776186687881,observed,393,2
1,374,1.4909649999026442,139.57097299999077,10.72,39.52,0.39,84.81,0.19,2.19,137.92,0.0,0.01,1,1,0,cruise,Unknown,0.04534937682312384,observed,394,2
1,375,1.4560580002580537,125.42136000001847,10.68,34.4,0.38,75.31,0.17,2.8,123.84,0.0,0.02,1,1,0,cruise,Unknown,0.10036793953858393,observed,395,2
1,376,1.4942590000828204,123.09883899979468,10.34,34.84,0.37,72.92,0.15,2.76,121.49,0.0,0.01,1,1,0,cruise,Unknown,0.09776087244762663,observed,396,2
1,377,1.662705999933678,124.659131000044,10.06,34.17,0.36,75.53,0.18,2.48,122.88,0.0,0.01,1,1,0,cruise,Unknown,0.07741315300981172,observed,397,2
1,378,1.4249740002014732,127.67820099998062,11.05,36.41,0.42,75.0,0.2,2.92,126.11,0.0,0.01,1,1,0,cruise,Unknown,0.0905545611243702,observed,398,2
1,379,1.4946679998502077,125.52410399985092,10.21,35.03,0.43,74.76,0.17,3.19,123.9,0.0,0.01,1,1,0,cruise,Unknown,0.15744000265181649,observed,399,2
1,380,1.4887120000821596,130.59003600028518,10.66,35.03,0.42,79.49,0.22,3.07,128.98,0.0,0.01,1,1,0,cruise,Unknown,0.1609287987271281,observed,400,2
1,381,1.6765919999670587,135.213087000011,10.44,34.86,0.41,83.82,0.31,3.45,133.39,0.0,0.01,1,1,0,cruise,Unknown,0.05678533545478653,observed,401,2
1,382,1.526293000097212,143.07966199976363,11.62,34.92,0.38,91.76,0.24,2.39,141.4,0.0,0.01,1,1,0,cruise,Unknown,0.059273070803500395,observed,402,2
1,383,1.3941439997324778,124.2087430000538,10.08,35.16,0.36,74.78,0.17,2.0,122.64,0.0,0.01,1,1,0,cruise,Unknown,0.028848448687350835,observed,403,2
1,384,1.541653000003862,127.71798500034492,10.2,34.83,0.33,78.62,0.16,1.82,126.05,0.0,0.01,1,1,0,cruise,Unknown,0.02833631662688942,observed,404,2
1,385,1.6289290001623158,123.92629299984037,9.94,35.04,0.37,74.25,0.24,2.24,122.18,0.0,0.01,1,1,0,cruise,Unknown,0.04650125961283479,observed,405,2
1,386,1.4129350001894636,123.05218200026502,10.26,35.03,0.31,73.68,0.16,2.0,121.52,0.0,0.01,1,1,0,cruise,Unknown,0.047558671439936355,observed,406,2
1,387,1.3661409998348972,126.48404399988067,10.69,34.99,0.32,75.21,0.17,3.48,124.96,0.0,0.01,1,1,0,cruise,Unknown,0.1343178202068417,observed,407,2
1,388,1.6731129999243421,128.299651999896,11.0,37.72,0.39,74.17,0.16,2.96,126.5,0.0,0.01,1,1,0,cruise,Unknown,0.12403705913550782,observed,408,2
1,389,1.711471999897185,126.91510400009065,9.79,35.28,0.35,76.25,0.19,3.12,125.08,0.0,0.01,1,1,0,cruise,Unknown,0.28053566693184834,observed,409,2
1,390,1.3974389999020786,135.44103699996413,10.86,34.77,0.38,83.86,0.24,3.67,133.92,0.0,0.01,1,1,0,cruise,Unknown,0.2780462741978255,observed,410,2
1,391,1.1878599998453865,176.00737199973082,10.76,35.19,0.08,122.78,0.35,5.37,174.66,0.0,0.01,0,0,0,cruise,Unknown,0.2860729912490056,observed,411,2
1,392,1.4917260000402166,186.06425699999818,11.34,53.6,0.1,113.05,0.25,5.96,184.41,0.0,0.01,0,0,0,cruise,Unknown,0.28888557411827104,observed,412,2
1,393,3.3424829998693895,190.65274600006887,14.55,50.82,0.14,114.97,0.34,6.21,187.17,0.0,0.01,0,0,1,slow_down,Unknown,0.28865685494563775,observed,413,2
1,394,1.5669560002606886,195.13498800006346,12.48,55.57,0.11,118.78,0.29,6.01,193.38,0.0,0.01,0,0,1,slow_down,Unknown,0.28791766109785205,observed,414,2
1,395,1.6817689997878915,199.48531000000003,17.35,53.29,0.09,120.38,0.25,6.17,197.65,0.0,0.01,0,0,1,slow_down,Unknown,0.23774032086979582,observed,415,2
1,396,1.5686629999436263,194.5370250000451,12.46,58.89,0.1,115.05,0.27,5.95,192.83,0.0,0.01,0,0,1,slow_down,Unknown,0.23979713603818617,observed,416,2
1,397,3.6415750000742264,185.4353000003357,12.89,54.34,0.41,108.33,0.21,5.32,181.63,0.0,0.01,1,1,0,cruise,Unknown,0.24855973216653407,observed,417,2
1,398,1.7044490000444057,190.4579729998659,12.47,55.0,0.35,115.29,0.27,5.06,188.6,0.0,0.01,1,1,0,cruise,Unknown,0.25211979581012994,observed,418,2
1,399,3.552811999725236,198.5468839998248,15.61,53.97,0.42,118.46,0.29,5.93,194.84,0.0,0.01,1,1,2,slow_down,Unknown,0.25274131530098115,observed,419,2
1,400,1.599301000169362,206.78264500020305,12.99,57.17,0.37,126.11,0.32,7.77,204.92,0.0,0.01,1,1,2,slow_down,Unknown,0.2497066428003182,observed,420,2
1,401,2.640994000103092,210.80202799976178,16.79,60.48,0.11,121.21,0.36,8.81,207.93,0.0,0.02,0,0,1,slow_down,Unknown,0.3109122248740387,observed,421,2
1,402,3.445276000093145,199.86689400002433,16.78,54.37,0.09,118.55,0.36,5.9,196.22,0.0,0.03,0,0,1,slow_down,Unknown,0.3104647308406258,observed,422,2
1,403,6.557192999935069,205.7550170002287,12.67,58.17,0.42,121.4,0.29,5.9,199.04,0.0,0.03,1,1,0,cruise,Unknown,0.3074632060461416,observed,423,2
1,404,1.4220680000107677,205.07362699981968,19.87,57.67,0.42,117.83,0.32,7.21,203.49,0.0,0.02,1,1,0,cruise,Unknown,0.30718808008485815,observed,424,2
1,405,2.3306910002247605,212.95293000002857,18.19,58.25,0.46,125.98,0.37,6.99,210.43,0.0,0.01,1,1,0,cruise,Unknown,0.25748972421108457,observed,425,2
1,406,3.643360999831202,157.05345600008513,19.88,51.22,0.41,76.68,0.21,4.7,153.23,0.0,0.01,1,1,0,cruise,Unknown,0.26145418987006097,observed,426,2
1,407,1.5440749998560932,149.88437200008775,15.5,49.3,0.34,79.26,0.23,3.49,148.21,0.0,0.01,1,1,0,cruise,Unknown,0.3095515115354017,observed,427,2
1,408,1.6207469998335,127.4708539999665,10.58,35.92,0.1,75.31,0.16,3.56,125.73,0.0,0.01,0,0,0,cruise,Unknown,0.31214034738796076,observed,428,2
1,409,1.456796000184113,125.56977199983521,9.69,36.03,0.08,74.18,0.25,3.68,124.0,0.0,0.01,0,0,0,cruise,Unknown,0.28085388491116414,observed,429,2
1,410,1.6413710000051651,146.40148900025451,9.78,35.73,0.08,95.04,0.22,3.69,144.65,0.0,0.01,0,0,0,cruise,Unknown,0.284518363829223,observed,430,2
1,411,1.4113140000517888,131.12709899996844,10.63,37.74,0.08,77.34,0.19,3.49,129.57,0.0,0.01,0,0,0,cruise,Unknown,0.28424323786793954,observed,431,2
1,412,1.4640800000051968,133.70119500041255,11.28,39.64,0.12,76.71,0.24,3.95,132.05,0.0,0.01,0,0,0,cruise,Unknown,0.29072858658180856,observed,432,2
1,413,1.477630999943358,125.73399099983362,9.14,35.91,0.1,75.13,0.15,3.6,124.14,0.0,0.01,0,0,0,cruise,Unknown,0.28468410236011665,observed,433,2
1,414,1.4611659998990945,128.12007799993808,9.87,35.69,0.08,74.66,0.27,5.82,126.51,0.0,0.01,0,0,0,cruise,Unknown,0.28888557411827104,observed,434,2
1,415,1.380382999741414,137.48332999966806,13.62,42.51,0.12,75.62,0.15,3.88,136.0,0.0,0.01,0,0,0,cruise,Unknown,0.2499055290373906,observed,435,2
1,416,1.5019310003481223,130.52641000012954,9.88,35.27,0.09,79.32,0.21,4.04,128.91,0.0,0.01,0,0,0,cruise,Unknown,0.24692555025192256,observed,436,2
1,417,1.5180909999799042,135.5974339999193,10.66,35.9,0.09,83.15,0.16,3.9,133.97,0.0,0.01,0,0,0,cruise,Unknown,0.3524164677804296,observed,437,2
1,418,1.6340839997610601,143.39875199993912,11.44,37.8,0.11,87.71,0.19,4.3,141.63,0.0,0.01,0,0,0,cruise,Unknown,0.3514303235216123,observed,438,2
1,419,1.6129730001921416,145.62683700023626,12.25,39.05,0.1,88.8,0.19,3.38,143.88,0.0,0.01,0,0,0,cruise,Unknown,0.34066560594006895,observed,439,2
1,420,1.4489029999822378,134.06221200011714,10.15,37.18,0.08,80.98,0.18,3.8,132.46,0.0,0.01,0,0,0,cruise,Unknown,0.34076504905860516,observed,440,2
1,421,1.5250410001499404,136.02314500030843,10.22,35.25,0.35,84.12,0.16,4.19,134.38,0.0,0.01,1,1,1,slow_down,Unknown,0.3414329753381066,observed,441,2
1,422,1.4789500000915723,139.70243900030255,10.6,34.87,0.36,88.67,0.18,3.34,138.11,0.0,0.01,1,1,1,slow_down,Unknown,0.34159374171307344,observed,442,2
1,423,1.398306999817578,131.69615500009968,11.79,34.7,0.1,79.38,0.2,3.92,130.18,0.0,0.01,0,0,1,slow_down,Unknown,0.3432627287191726,observed,443,2
1,424,1.6318400003001443,133.43415500003175,10.41,34.91,0.08,82.04,0.16,3.99,131.68,0.0,0.01,0,0,1,slow_down,Unknown,0.34387430389817025,observed,444,2
1,425,1.512130000264733,139.7461330002443,10.46,35.81,0.1,87.23,0.26,4.13,138.11,0.0,0.01,0,0,0,cruise,Unknown,0.3451173428798727,observed,445,2
1,426,1.607663000413595,144.81488600040393,11.73,38.32,0.1,87.11,0.33,5.25,142.98,0.0,0.01,0,0,0,cruise,Unknown,0.3450759082471493,observed,446,2
1,427,1.68959199982055,151.6421379997155,17.5,41.63,0.13,86.77,0.17,3.49,149.81,0.0,0.01,0,0,0,cruise,Unknown,0.3394789180588703,observed,447,2
1,428,1.6062959998635051,135.0387510001383,10.56,38.09,0.08,80.39,0.2,3.9,133.31,0.0,0.01,0,0,0,cruise,Unknown,0.33688179527976664,observed,448,2
1,429,1.3815380002597522,132.61287500017716,10.71,34.98,0.09,79.14,0.28,5.72,131.08,0.0,0.01,0,0,0,cruise,Unknown,0.3136734287987271,observed,449,2
1,430,1.5359960002570006,145.02788400022837,17.57,40.72,0.1,80.93,0.17,3.79,143.38,0.0,0.01,0,0,0,cruise,Unknown,0.31551644126226464,observed,450,2
1,431,1.4569439999831957,135.8321950001482,11.07,35.05,0.09,84.1,0.17,3.68,134.26,0.0,0.01,0,0,0,cruise,Unknown,0.33449350304958897,observed,451,2
1,432,1.4525439996759815,136.4749029999075,10.29,38.0,0.08,82.1,0.21,4.14,134.91,0.0,0.01,0,0,0,cruise,Unknown,0.3360531026252983,observed,452,2
1,433,1.5477130000363104,137.7134629997272,11.23,37.07,0.31,82.97,0.19,4.14,136.02,0.0,0.01,1,1,0,cruise,Unknown,0.3273087377353487,observed,453,2
1,434,1.527070000065578,141.52206200014916,12.14,41.24,0.44,81.9,0.16,3.89,139.87,0.0,0.01,1,1,0,cruise,Unknown,0.3280263855741183,observed,454,2
1,435,1.403253000262339,134.55532300031336,10.93,36.07,0.26,81.88,0.23,3.53,133.02,0.0,0.01,1,0,0,cruise,Unknown,0.31288285600636434,observed,455,2
1,436,1.530415000161156,134.78584199992838,10.57,36.72,0.36,81.28,0.17,3.95,133.14,0.0,0.01,1,0,0,cruise,Unknown,0.3114608194112967,observed,456,2
1,437,1.5280049997272727,144.61525700016864,10.47,34.98,0.34,93.29,0.18,3.59,142.97,0.0,0.01,1,1,0,cruise,Unknown,0.3114127552373376,observed,457,2
1,438,1.4185840000209282,135.34418599965647,11.57,34.84,0.39,82.63,0.2,4.07,133.8,0.0,0.01,1,1,0,cruise,Unknown,0.31086913285600637,observed,458,2
1,439,1.5076660001795972,135.93744200034052,11.5,35.85,0.34,82.47,0.2,3.81,134.29,0.0,0.01,1,1,0,cruise,Unknown,0.32394756032882527,observed,459,2
1,440,1.6338770001311786,138.46573299997544,11.43,36.32,0.35,84.48,0.18,3.84,136.69,0.0,0.01,1,1,0,cruise,Unknown,0.3278324714929727,observed,460,2
1,441,1.3817630001540238,140.7175660001485,11.59,36.55,0.44,86.3,0.22,3.98,139.21,0.0,0.02,2,1,0,cruise,Unknown,0.3054262795014585,observed,461,2
1,442,1.6280769996228628,138.06445299996994,11.92,37.0,0.47,83.01,0.19,3.59,136.28,0.0,0.01,2,1,0,cruise,Unknown,0.30716321930522406,observed,462,2
1,443,1.5558380000584293,133.6794449998706,10.61,36.08,0.41,81.09,0.18,3.53,132.0,0.0,0.01,2,2,0,slow_down,Unknown,0.2843824582338902,observed,463,2
1,444,1.6115440002977266,136.3738730001387,11.11,35.18,0.45,82.03,0.23,5.46,134.6,0.0,0.01,2,2,0,slow_down,Unknown,0.28117044550517106,observed,464,2
1,445,1.3623909999296302,145.67179100004068,15.59,46.49,0.45,77.36,0.18,3.97,144.16,0.0,0.01,1,1,0,cruise,Unknown,0.2718857730045081,observed,465,2
1,446,1.5726250003353925,136.34283000010328,11.1,36.56,0.38,82.67,0.17,3.65,134.63,0.0,0.01,1,1,0,cruise,Unknown,0.2717664412622646,observed,466,2
1,447,1.4095609999458247,135.57123800001136,10.15,35.92,0.4,83.29,0.16,4.0,134.03,0.0,0.02,1,1,0,cruise,Unknown,0.27540108724476264,observed,467,2
1,448,1.5482660000998294,136.9429559999844,10.94,35.42,0.34,84.58,0.21,3.68,135.27,0.0,0.01,1,1,0,cruise,Unknown,0.28068648899496157,observed,468,2
1,449,1.5576890000374988,133.33977299998878,10.98,35.31,0.31,80.74,0.2,4.01,131.65,0.0,0.01,1,1,0,cruise,Unknown,0.283028374436489,observed,469,2
1,450,1.443502000256558,141.83204400023897,11.17,35.4,0.37,88.76,0.2,4.24,140.25,0.0,0.01,1,1,0,cruise,Unknown,0.28177539114293293,observed,470,2
1,451,1.656396000271343,141.2749520000034,11.3,37.96,0.4,85.51,0.21,3.99,139.49,0.0,0.01,1,1,0,cruise,Unknown,0.2874685096791302,observed,471,2
1,452,1.4183859998411208,146.26155199994173,10.24,37.0,0.41,92.36,0.23,4.34,144.68,0.0,0.01,1,1,0,cruise,Unknown,0.28905959957570937,observed,472,2
1,453,1.4073749998715357,136.9838779996826,10.57,36.46,0.37,83.86,0.16,3.93,135.44,0.0,0.01,1,1,0,cruise,Unknown,0.2852741315300981,observed,473,2
1,454,1.648017999741569,144.5800829997097,10.76,36.74,0.35,90.19,0.24,4.41,142.81,0.0,0.01,1,1,0,cruise,Unknown,0.28288915407053833,observed,474,2
1,455,1.6935200001171324,139.321332000236,10.72,38.69,0.41,83.71,0.22,3.65,137.5,0.0,0.01,1,1,1,slow_down,Unknown,0.30474675152479447,observed,475,2
1,456,1.399836000018695,138.94524699981048,11.0,38.4,0.37,83.28,0.18,4.1,137.43,0.0,0.01,1,1,1,slow_down,Unknown,0.3026203261734288,observed,476,2
1,457,1.4270070000748092,134.1048019999107,11.09,36.16,0.4,80.83,0.16,3.83,132.55,0.0,0.01,1,1,1,slow_down,Unknown,0.3273352559002917,observed,477,2
1,458,1.5139770002861042,133.37379600034183,10.18,35.36,0.35,81.67,0.18,3.9,131.73,0.0,0.01,1,1,1,slow_down,Unknown,0.3275573455316892,observed,478,2
1,459,1.4627750001636741,137.1707419998529,10.66,36.41,0.33,82.39,0.22,5.42,135.56,0.0,0.01,1,1,0,cruise,Unknown,0.30549588968443386,observed,479,2
1,460,1.4672799998152186,143.4181899999203,14.88,39.93,0.58,82.24,0.21,3.85,141.81,0.0,0.01,1,1,0,cruise,Unknown,0.30643231238398305,observed,480,2
1,461,1.4835140000286628,139.03784300009647,10.73,36.26,0.11,85.92,0.19,4.12,137.43,0.0,0.01,0,0,0,cruise,Unknown,0.28891374966852296,observed,481,2
1,462,1.5904270003375132,139.52506400028142,11.15,35.97,0.12,85.24,0.28,4.88,137.73,0.0,0.01,0,0,0,cruise,Unknown,0.28940433571996815,observed,482,2
1,463,1.6948810002759274,138.4536680002384,14.4,37.34,0.43,80.66,0.17,3.5,136.61,0.0,0.01,1,1,0,cruise,Unknown,0.2965609254839565,observed,483,2
1,464,1.633760999993683,135.47639800026445,10.97,34.92,0.36,83.01,0.24,4.1,133.69,0.0,0.01,1,1,0,cruise,Unknown,0.2962244762662424,observed,484,2
1,465,1.4247439999053313,132.05188399979306,11.41,35.86,0.39,79.25,0.16,3.34,130.49,0.0,0.01,1,1,0,cruise,Unknown,0.32518728453990986,observed,485,2
1,466,1.4166040000418434,136.30664900028933,10.56,38.05,0.34,81.6,0.16,3.95,134.76,0.0,0.01,1,1,0,cruise,Unknown,0.3235779634049324,observed,486,2
1,467,1.47314700006973,144.50984499990227,10.42,35.6,0.39,92.43,0.18,3.8,142.92,0.0,0.01,1,1,0,cruise,Unknown,0.32102393264386103,observed,487,2
1,468,1.136489000145957,140.19744500001252,12.66,37.23,0.4,79.86,0.27,8.33,138.9,0.0,0.01,1,1,0,cruise,Unknown,0.32205648369132855,observed,488,2
1,469,1.6272510001726914,164.31300200019905,15.35,59.36,0.39,83.1,0.17,4.05,162.52,0.0,0.01,1,1,0,cruise,Unknown,0.31375464067886505,observed,489,2
1,470,1.5049920002638828,140.08650300002046,13.17,39.64,0.53,80.37,0.22,4.36,138.45,0.0,0.03,1,1,0,cruise,Unknown,0.3150507159904535,observed,490,2
1,471,1.3682449998668744,137.35032100021272,10.7,36.39,0.31,84.41,0.19,3.73,135.83,0.0,0.01,1,1,0,cruise,Unknown,0.3137844736144259,observed,491,2
1,472,1.6589660003774043,142.1438290003607,11.68,40.78,0.48,82.91,0.18,4.13,140.28,0.0,0.01,1,1,0,cruise,Unknown,0.31484685759745423,observed,492,2
1,473,1.5283660000022792,141.9121950002591,11.25,37.68,0.42,86.06,0.21,4.53,140.26,0.0,0.01,2,1,0,cruise,Unknown,0.3271214531954389,observed,493,2
1,474,1.4789430001656,148.34776599991528,10.71,38.1,0.65,92.97,0.17,4.03,146.73,0.0,0.01,2,1,0,cruise,Unknown,0.3268015778308141,observed,494,2
1,475,1.5099679999366344,136.33082399974228,10.51,36.27,0.4,83.33,0.17,3.9,134.68,0.0,0.01,2,2,1,slow_down,Unknown,0.31854448422169185,observed,495,2
1,476,1.494209000156843,137.3815580000155,10.78,35.7,0.48,85.0,0.19,3.52,135.77,0.0,0.01,2,2,1,slow_down,Unknown,0.31651750198886236,observed,496,2
1,477,1.3735960001213243,139.18913599991356,11.35,37.31,0.44,84.25,0.19,4.03,137.69,0.0,0.01,2,2,1,slow_down,Unknown,0.32199184566428,observed,497,2
1,478,1.5037860002848902,180.84552900018025,12.36,38.69,0.55,119.85,0.33,7.25,179.15,0.0,0.01,2,2,1,slow_down,Unknown,0.32030462741978255,observed,498,2
1,479,2.0782219999091467,206.77095800010648,23.14,57.13,0.84,114.22,0.26,7.55,203.29,0.0,0.02,2,2,1,slow_down,Unknown,0.30049555820737206,observed,499,2
1,480,2.618069000163814,208.88825900010488,15.55,57.15,0.61,124.06,0.29,8.27,206.09,0.0,0.01,2,2,0,cruise,Unknown,0.2958051577830814,observed,500,2
1,481,3.717772999607405,200.67691999975068,16.93,52.99,0.43,119.29,0.26,6.75,196.79,0.0,0.01,1,1,0,cruise,Unknown,0.30298992309732165,observed,501,2
1,482,2.9803100001117855,207.9067390000091,16.55,56.07,0.4,124.74,0.25,6.63,204.78,0.0,0.02,1,1,0,cruise,Unknown,0.2995110713338637,observed,502,2
1,483,4.903521999949589,205.0405770000907,16.61,58.07,0.5,118.01,0.24,6.34,199.95,0.0,0.02,2,2,0,cruise,Unknown,0.33411727658446033,observed,503,2
1,484,3.142255000057048,205.00874900017152,14.62,56.74,0.5,123.45,0.24,6.02,201.69,0.0,0.01,2,2,0,cruise,Unknown,0.33227592150623175,observed,504,2
1,485,4.415657000208739,195.2593250002792,12.45,55.87,0.47,115.13,0.25,6.37,190.69,0.0,0.01,2,2,1,slow_down,Unknown,0.32119795810129936,observed,505,2
1,486,3.688233000048058,235.60815200016805,18.68,64.05,0.58,140.42,0.55,7.29,231.74,0.0,0.02,2,2,1,slow_down,Unknown,0.3217034606205251,observed,506,2
1,487,1.8607920001159073,210.84600999984104,19.58,59.62,0.58,121.83,0.29,6.74,208.79,0.0,0.01,2,2,2,slow_down,Unknown,0.3237354150092814,observed,507,2
1,488,1.4080390001254273,213.40264700029365,18.76,57.42,0.82,127.47,0.27,6.93,211.84,0.0,0.02,2,2,1,slow_down,Unknown,0.32331941129673825,observed,508,2
1,489,1.6235719999713183,194.27047400040465,12.84,53.08,0.55,119.73,0.22,5.91,192.47,0.0,0.01,2,2,1,slow_down,Unknown,0.3244215725271811,observed,509,2
1,490,1.6018569999687315,194.44758100007675,12.95,55.3,0.53,116.89,0.26,6.58,192.66,0.0,0.02,2,2,1,slow_down,Unknown,0.324216056748873,observed,510,2
1,491,1.545251999687025,210.87737699963327,15.47,56.95,0.65,128.01,0.33,7.58,209.14,0.0,0.01,2,2,1,slow_down,Unknown,0.32581046141607,observed,511,2
1,492,1.609167999959027,208.1536849996155,17.31,62.31,0.78,118.49,0.27,7.03,206.35,0.0,0.02,2,2,1,slow_down,Unknown,0.32556351100503844,observed,512,2
1,493,2.8446549999898707,149.5247279999603,19.11,46.3,0.55,76.02,0.16,4.29,146.54,0.0,0.01,2,2,1,slow_down,Unknown,0.30230542296473084,observed,513,2
1,494,1.4295380001385638,129.04748200026006,10.77,36.65,0.4,75.38,0.16,4.02,127.49,0.0,0.01,2,2,1,slow_down,Unknown,0.3026269557146645,observed,514,2
1,495,1.350988000012876,126.1021149998669,10.96,35.08,0.49,74.48,0.18,3.31,124.63,0.0,0.01,2,2,1,slow_down,Unknown,0.3219089763988332,observed,515,2
1,496,1.377205999688158,125.69234299962773,9.88,34.73,0.52,74.76,0.22,3.98,124.18,0.0,0.01,2,2,1,slow_down,Unknown,0.32353155661628213,observed,516,2
1,497,1.4427050000449526,127.99305099997582,11.31,36.07,0.43,74.38,0.18,3.94,126.41,0.0,0.01,2,2,1,slow_down,Unknown,0.3209808406258287,observed,517,2
1,498,1.4735830000063288,140.7069209999463,11.69,36.02,0.43,86.74,0.17,3.96,139.11,0.0,0.01,2,2,1,slow_down,Unknown,0.32061953062848053,observed,518,2
1,499,1.4960309999878518,133.60530499994638,13.88,37.18,0.55,76.42,0.16,3.68,131.96,0.0,0.01,2,2,0,cruise,Unknown,0.31775225404402013,observed,519,2
1,500,1.4700159999847529,127.32150099964201,10.6,34.92,0.5,75.36,0.18,4.09,125.73,0.0,0.01,2,2,0,cruise,Unknown,0.3176992177141342,observed,520,2
1,501,1.3670960001945787,126.6030619999583,10.74,35.51,0.37,74.71,0.16,3.47,125.1,0.0,0.03,2,2,0,cruise,Unknown,0.32261667992574916,observed,521,2
1,502,1.761493999765662,125.99439099994925,10.57,34.33,0.43,74.71,0.15,3.77,124.06,0.0,0.01,2,2,0,cruise,Unknown,0.3206924555820737,observed,522,2
1,503,1.430317000085779,124.53761699998722,10.5,34.88,0.42,73.34,0.15,3.56,122.97,0.0,0.01,2,2,0,cruise,Unknown,0.3251988862370724,observed,523,2
1,504,1.5248409999912838,126.73947399980534,10.04,34.65,0.42,76.04,0.17,3.68,125.08,0.0,0.01,2,2,0,cruise,Unknown,0.3247961416070008,observed,524,2
1,505,1.476483999795164,126.70575399988593,9.94,35.33,0.39,75.36,0.17,3.82,125.11,0.0,0.01,2,2,0,cruise,Unknown,0.3161727658446036,observed,525,2
1,506,1.5854940002100193,151.52537099993424,11.1,36.41,0.33,96.69,0.35,4.76,149.76,0.0,0.01,2,2,0,cruise,Unknown,0.31771413418191463,observed,526,2
1,507,1.348217999748158,138.68932000013956,13.51,37.61,0.47,81.78,0.18,3.55,137.22,0.0,0.01,2,2,0,cruise,Unknown,0.3146330548926014,observed,527,2
1,508,2.22421199987366,137.00838899967493,9.84,35.58,0.44,84.55,0.19,3.94,134.64,0.0,0.01,2,2,0,cruise,Unknown,0.31313146380270485,observed,528,2
1,509,1.6159789997800544,141.42486899982032,10.51,35.76,0.43,88.26,0.2,4.41,139.67,0.0,0.01,2,2,0,cruise,Unknown,0.30924986740917526,observed,529,2
1,510,1.3571620002039708,138.91007700021873,11.11,38.54,0.61,83.02,0.17,3.87,137.42,0.0,0.01,2,2,0,cruise,Unknown,0.3101017634579687,observed,530,2
1,511,1.3903140002184955,137.46151099985582,11.31,36.46,0.42,83.38,0.17,4.03,135.94,0.0,0.03,2,2,0,cruise,Unknown,0.3100072924953593,observed,531,2
1,512,1.67939099992509,135.75899199986452,11.26,35.87,0.48,82.42,0.19,3.64,133.95,0.0,0.01,2,2,0,cruise,Unknown,0.3097354813046937,observed,532,2
1,513,1.3596719995803142,147.6406329998099,11.35,35.89,0.37,91.49,0.26,6.62,146.12,0.0,0.01,2,2,0,cruise,Unknown,0.3139767303102625,observed,533,2
1,514,1.4400969998860091,142.61687699990944,16.14,38.44,0.57,79.68,0.19,5.9,141.02,0.0,0.01,2,2,0,cruise,Unknown,0.3129375497215593,observed,534,2
1,515,3.7120699998922646,139.94688200000382,12.13,35.94,0.5,83.45,0.21,3.77,136.09,0.0,0.01,2,2,0,cruise,Unknown,0.31221161495624505,observed,535,2
1,516,1.5559690000372939,138.82547000002887,13.28,36.61,0.87,82.01,0.18,4.02,137.12,0.0,0.02,2,2,0,cruise,Unknown,0.31543854415274464,observed,536,2
1,517,1.4904970003044582,137.62648500005525,10.31,37.15,0.58,83.89,0.19,3.76,136.0,0.0,0.01,2,2,0,cruise,Unknown,0.32119795810129936,observed,537,2
1,518,1.401353999881394,138.41954400004397,11.76,37.86,0.36,82.83,0.19,3.79,136.89,0.0,0.01,2,2,1,slow_down,Unknown,0.3225735879077168,observed,538,2
1,519,1.5928829998301808,142.92339599978732,11.13,36.61,0.41,88.6,0.2,4.14,141.18,0.0,0.01,2,2,1,slow_down,Unknown,0.323927671705118,observed,539,2
1,520,1.4227189999473921,138.97410300023694,10.86,36.38,0.37,85.39,0.17,4.15,137.4,0.0,0.01,2,2,1,slow_down,Unknown,0.32265479978785466,observed,540,2
1,521,1.6938800004027144,153.7773550003294,15.5,46.14,0.65,83.74,0.2,5.53,151.95,0.0,0.02,2,2,1,slow_down,Unknown,0.3252038583929992,observed,541,2
1,522,1.4352369998960057,135.20392600003106,11.31,35.64,0.43,82.02,0.18,3.91,133.59,0.0,0.01,2,2,1,slow_down,Unknown,0.32573587907716783,observed,542,2
1,523,1.6004990002329578,135.73984100003145,11.95,35.99,0.47,81.42,0.18,3.87,134.0,0.0,0.01,2,2,1,slow_down,Unknown,0.3195455449482896,observed,543,2
1,524,1.4829669999016915,136.96179799990205,10.98,35.74,0.45,83.55,0.2,4.28,135.32,0.0,0.01,2,2,1,slow_down,Unknown,0.320239989392734,observed,544,2
1,525,1.3963699998384982,137.02705400010018,10.76,36.88,0.45,83.28,0.18,3.84,135.5,0.0,0.01,2,2,0,cruise,Unknown,0.3110597321665341,observed,545,2
1,526,1.6580530000283034,136.3562470000943,11.2,35.17,0.42,83.53,0.17,3.97,134.56,0.0,0.01,2,2,0,cruise,Unknown,0.3108210686820472,observed,546,2
1,527,1.6696420002517698,138.06482200016035,11.13,35.78,0.39,84.49,0.27,4.09,136.26,0.0,0.01,2,2,0,cruise,Unknown,0.30540639087775123,observed,547,2
1,528,1.6149670000231708,156.28532399978212,11.28,39.78,0.46,98.77,0.2,3.91,154.52,0.0,0.01,2,2,0,cruise,Unknown,0.30452631927870594,observed,548,2
1,529,1.557310999942274,140.4578090000541,10.93,38.84,0.47,83.97,0.2,4.24,138.75,0.0,0.01,2,2,0,cruise,Unknown,0.3204438477857332,observed,549,2
1,530,1.5206080001917144,144.34139100012544,11.4,36.82,0.38,89.41,0.21,4.32,142.68,0.0,0.01,2,2,0,cruise,Unknown,0.3179627419782551,observed,550,2
1,531,1.5754949999973178,142.32764000007592,11.88,38.65,0.45,85.57,0.17,3.75,140.59,0.0,0.01,2,2,1,slow_down,Unknown,0.3108575311588438,observed,551,2
1,532,1.7473530001552717,134.8332840002513,10.19,35.92,0.45,82.37,0.18,3.66,132.95,0.0,0.02,2,2,0,cruise,Unknown,0.312291169451074,observed,552,2
1,533,1.492737000262423,138.94056300023294,10.8,35.65,0.42,86.15,0.2,4.01,137.32,0.0,0.01,2,2,0,cruise,Unknown,0.3124569079819676,observed,553,2
1,534,1.4221000001271022,139.57922600002348,11.12,36.95,0.62,84.93,0.21,4.08,138.02,0.0,0.01,2,2,0,cruise,Unknown,0.3094487536462477,observed,554,2
1,535,1.581567999892286,148.93939099965792,11.97,41.53,0.43,84.66,0.18,8.3,147.18,0.0,0.01,2,2,0,cruise,Unknown,0.28450013259082474,observed,555,2
1,536,1.60496000034982,151.59890600034487,15.42,45.97,0.59,83.11,0.2,4.43,149.84,0.0,0.01,2,2,0,cruise,Unknown,0.2862503314770618,observed,556,2
1,537,1.4692529998683312,133.9017039999817,11.09,37.09,0.51,79.73,0.17,3.59,132.28,0.0,0.01,2,2,0,cruise,Unknown,0.3008320074250862,observed,557,2
1,538,1.6164519997801108,142.57787899987306,11.41,35.83,0.46,88.67,0.32,3.98,140.79,0.0,0.01,2,2,0,cruise,Unknown,0.3040672235481305,observed,558,2
1,539,1.6934790000959765,139.8099190000721,11.74,38.08,0.39,83.85,0.2,3.6,137.97,0.0,0.01,2,2,0,cruise,Unknown,0.31537224874038716,observed,559,2
1,540,1.4126900000519527,137.3759620000783,10.96,36.37,0.45,83.98,0.18,3.8,135.84,0.0,0.01,2,2,0,cruise,Unknown,0.31384082471492974,observed,560,2
1,541,1.4943830001357128,132.21217900036208,10.66,35.98,0.39,79.88,0.14,3.42,130.59,0.0,0.01,2,2,0,cruise,Unknown,0.3028009811721029,observed,561,2
1,542,1.5870790002736612,143.32302599996183,11.75,36.75,0.53,87.6,0.34,4.51,141.61,0.0,0.01,2,2,0,cruise,Unknown,0.29826968973747015,observed,562,2
1,543,1.4814969999861205,146.74734899972464,11.9,37.02,0.48,90.95,0.27,4.37,145.13,0.0,0.02,2,2,0,cruise,Unknown,0.29005071599045346,observed,563,2
1,544,1.5536670002802566,131.0280600000624,11.82,36.41,0.41,76.58,0.17,3.84,129.32,0.0,0.01,2,2,0,cruise,Unknown,0.29226664014850173,observed,564,2
1,545,1.6609940003036172,128.37445300010586,10.51,35.28,0.49,76.17,0.25,3.78,126.58,0.0,0.01,3,2,0,cruise,Unknown,0.2838603818615752,observed,565,2
1,546,1.4259839999795076,130.85624899986215,11.7,36.29,0.48,76.39,0.19,4.15,129.3,0.0,0.01,2,2,0,cruise,Unknown,0.2826836382922302,observed,566,2
1,547,1.6533670000171696,132.25005700041947,12.26,35.41,0.53,77.65,0.2,4.29,130.43,0.0,0.01,3,2,0,cruise,Unknown,0.284127220896314,observed,567,2
1,548,1.6064609999375534,130.5232839999917,10.97,37.0,0.48,75.7,0.18,4.33,128.79,0.0,0.05,2,2,0,cruise,Unknown,0.2839548528241846,observed,568,2
1,549,1.3277049997668655,138.78177400010827,10.78,37.38,0.45,83.85,0.2,4.53,137.32,0.0,0.01,2,2,0,cruise,Unknown,0.2929627419782551,observed,569,2
1,550,1.78205500014883,137.60625600025378,12.56,37.16,0.63,80.65,0.2,4.33,135.66,0.0,0.01,2,2,0,cruise,Unknown,0.29565267833465925,observed,570,2
1,551,1.6311859999404987,158.39111800005412,15.99,51.8,0.63,83.79,0.2,4.08,156.62,0.0,0.01,2,2,0,cruise,Unknown,0.30412523203394326,observed,571,2
1,552,1.4414849997592682,131.0827209999843,11.23,36.32,0.44,77.23,0.21,3.96,129.5,0.0,0.01,2,2,0,cruise,Unknown,0.30430257226199947,observed,572,2
1,553,1.5174210002442123,131.99749500017788,11.53,36.84,0.59,77.21,0.21,3.86,130.33,0.0,0.01,2,2,0,cruise,Unknown,0.3136651418721824,observed,573,2
1,554,1.6790919999039033,131.56086800017874,10.85,36.12,0.42,77.8,0.2,4.25,129.72,0.0,0.01,2,2,0,cruise,Unknown,0.30960952002121456,observed,574,2
1,555,1.5488720000575995,140.12877799996204,11.71,37.84,0.67,83.56,0.24,4.3,138.43,0.0,0.01,2,2,0,cruise,Unknown,0.3098150357995227,observed,575,2
1,556,1.6223750003518944,138.75501500024257,11.56,38.58,0.5,82.05,0.25,3.93,136.97,0.0,0.01,2,2,0,cruise,Unknown,0.31342647838769555,observed,576,2
1,557,1.654546000281698,132.732629000202,11.2,37.1,0.42,77.87,0.18,4.07,130.94,0.0,0.01,2,2,0,cruise,Unknown,0.3091868867674357,observed,577,2
1,558,1.624503000130062,144.1661290000411,12.09,36.91,0.49,88.97,0.21,3.58,142.36,0.0,0.01,2,2,0,cruise,Unknown,0.30987304428533546,observed,578,2
1,559,1.4553259998137946,132.42661100002806,12.8,36.67,0.5,76.8,0.16,3.79,130.83,0.0,0.01,2,2,0,cruise,Unknown,0.31728487138690004,observed,579,2
1,560,1.6912189998947724,131.62045499984742,10.96,36.72,0.45,77.58,0.16,3.84,129.79,0.0,0.01,2,2,0,cruise,Unknown,0.31280993105277116,observed,580,2
1,561,1.5088439999999537,129.07285699975546,10.2,35.18,0.45,77.59,0.15,3.73,127.41,0.0,0.01,2,2,0,cruise,Unknown,0.2963603818615752,observed,581,2
1,562,1.6392289999203058,144.54874600005496,11.15,37.01,0.41,90.31,0.24,3.55,142.78,0.0,0.01,2,2,0,cruise,Unknown,0.2970564836913286,observed,582,2
1,563,1.4611629999308207,132.56307700021353,11.3,36.99,0.46,78.0,0.16,3.93,130.94,0.0,0.01,2,2,0,cruise,Unknown,0.2831957703526916,observed,583,2
1,564,1.4522639999086095,144.44441299974642,10.45,38.86,0.38,88.49,0.2,4.34,142.84,0.0,0.02,2,2,0,cruise,Unknown,0.2878430787589499,observed,584,2
1,565,1.5482619996873836,132.09493299973474,13.13,36.3,0.48,76.54,0.17,3.7,130.41,0.0,0.01,2,2,0,cruise,Unknown,0.25984486873508356,observed,585,2
1,566,1.4052970000193454,218.12508199991498,14.91,64.88,0.8,127.62,0.36,7.74,216.5,0.0,0.02,2,2,0,cruise,Unknown,0.26321267568284273,observed,586,2
1,567,1.1001849998137914,208.79227199975503,16.65,54.34,0.68,128.68,0.32,6.66,207.49,0.0,0.01,2,2,0,cruise,Unknown,0.2644905197560329,observed,587,2
1,568,4.54573699971661,206.6983239997171,14.08,58.35,0.67,122.06,0.32,6.36,201.98,0.0,0.01,2,2,0,cruise,Unknown,0.2663931980906921,observed,588,2
1,569,3.961370000070019,207.14187900011893,15.06,54.26,0.61,126.34,0.27,6.31,203.01,0.0,0.02,2,2,0,cruise,Unknown,0.2839101034208433,observed,589,2
1,570,2.3279699998965953,200.16638400011288,13.16,56.0,0.69,120.87,0.26,6.54,197.68,0.0,0.01,2,2,0,cruise,Unknown,0.2841918589233625,observed,590,2
1,571,1.4606489999096084,215.01738599999953,17.74,64.28,0.58,120.94,0.28,9.36,213.32,0.0,0.02,2,2,0,cruise,Unknown,0.2868917395916203,observed,591,2
1,572,1.8163240001740633,199.25549399977172,16.4,56.33,0.76,117.45,0.24,5.88,197.21,0.0,0.01,2,2,0,cruise,Unknown,0.2821632193052241,observed,592,2
1,573,4.706622999947285,200.06256799979383,12.67,56.81,0.56,118.96,0.22,5.85,195.2,0.0,0.01,2,2,0,cruise,Unknown,0.2718211349774596,observed,593,2
1,574,1.5699239997957193,200.4726599998321,13.64,59.09,0.61,119.13,0.22,5.89,198.73,0.0,0.01,2,2,0,cruise,Unknown,0.27419616812516573,observed,594,2
1,575,3.5192529999221733,213.52612900000167,15.62,55.04,0.54,131.73,0.38,6.4,209.85,0.0,0.01,2,2,0,cruise,Unknown,0.23081410766374966,observed,595,2
1,576,3.1259680004041,217.05513699998846,19.21,55.19,0.63,131.41,0.27,6.88,213.75,0.0,0.02,2,2,0,cruise,Unknown,0.23696797931583136,observed,596,2
1,577,3.4814990003724233,209.07017900026403,14.79,63.32,0.66,120.52,0.24,5.75,205.41,0.0,0.01,2,2,0,cruise,Unknown,0.24931881463802705,observed,597,2
1,578,1.4527900002576644,208.05533300017487,13.11,59.63,0.53,126.67,0.36,6.02,206.45,0.0,0.01,2,2,0,cruise,Unknown,0.2501856271546009,observed,598,2
1,579,4.938564999974915,217.9434949998722,16.99,57.76,0.63,130.76,0.29,6.25,212.82,0.0,0.01,2,2,0,cruise,Unknown,0.263860713338637,observed,599,2
1,580,1.53252700010853,198.75303200024064,15.63,61.79,0.6,114.5,0.2,4.2,197.08,0.0,0.01,2,2,0,cruise,Unknown,0.2638723150357995,observed,600,2
1,581,1.6855109997777618,138.3496829998876,11.22,36.69,0.47,81.13,0.26,6.55,136.47,0.0,0.01,2,2,0,cruise,Unknown,0.27780429594272077,observed,601,2
1,582,1.4496899998448498,139.7887369998898,17.31,40.01,0.75,75.75,0.16,4.11,138.2,0.0,0.01,2,2,0,cruise,Unknown,0.27769988066825774,observed,602,2
1,583,1.548440000078699,129.05784300028245,10.89,36.24,0.33,75.37,0.2,4.21,127.37,0.0,0.01,2,2,1,slow_down,Unknown,0.26265910898965794,observed,603,2
1,584,1.5535950001321908,133.24345199998788,10.27,37.3,0.43,79.28,0.26,3.92,131.56,0.0,0.01,2,2,1,slow_down,Unknown,0.27339565102094937,observed,604,2
1,585,1.4991439998084388,130.38301200003843,10.67,35.91,0.39,76.72,0.16,4.8,128.76,0.0,0.01,2,2,1,slow_down,Unknown,0.27737006099177935,observed,605,2
1,586,1.8212059999314079,132.7912369997648,11.35,36.26,0.54,78.72,0.16,3.69,130.84,0.0,0.01,2,2,1,slow_down,Unknown,0.2783711217183771,observed,606,2
1,587,1.5752790000078676,135.88122399960412,12.3,38.79,0.42,78.27,0.16,4.11,134.16,0.0,0.01,2,2,1,slow_down,Unknown,0.26398998939273405,observed,607,2
1,588,1.6087950002656726,126.91610000001674,10.69,35.38,0.36,74.54,0.19,3.91,125.16,0.0,0.01,2,2,1,slow_down,Unknown,0.2667047865287722,observed,608,2
1,589,1.7564370000400231,143.92423899971618,10.64,36.29,0.43,90.43,0.28,3.83,142.04,0.0,0.01,2,2,1,slow_down,Unknown,0.27922136038186157,observed,609,2
1,590,1.4642380001532729,133.2764550002139,12.2,37.14,0.55,77.69,0.16,3.81,131.66,0.0,0.01,2,2,1,slow_down,Unknown,0.27909871386900026,observed,610,2
1,591,1.356048000161536,140.01689799988526,11.02,37.87,0.76,85.06,0.16,3.52,138.54,0.0,0.01,3,2,1,slow_down,Unknown,0.3183290241315301,observed,611,2
1,592,1.1576360002436559,135.45219500019812,10.48,36.87,0.49,81.86,0.17,4.21,134.17,0.0,0.01,3,2,1,slow_down,Unknown,0.3125596658711217,observed,612,2
1,593,1.2211960001877742,143.7104710003041,10.98,40.0,0.39,86.54,0.19,4.19,142.37,0.0,0.01,2,2,1,slow_down,Unknown,0.29122248740387163,observed,613,2
2,0,1.4949500000511762,133.80967200009763,12.23,36.75,0.58,78.56,0.18,3.75,132.17,0.0,0.01,3,3,0,cruise,Unknown,0.1786064704322461,observed,20,2
2,1,1.4080509999985225,136.3470859996596,13.19,38.94,0.76,77.12,0.16,4.15,134.43,0.0,0.01,3,3,0,cruise,Unknown,0.2751011005038451,observed,21,2
2,2,2.0281389997762744,132.64247799997975,11.52,37.27,0.62,76.94,0.19,3.82,130.46,0.0,0.01,3,3,0,cruise,Unknown,0.27858160965261203,observed,22,2
2,3,1.410461999967083,135.2244710001287,11.06,36.16,0.58,81.62,0.18,3.96,133.65,0.0,0.01,3,3,1,slow_down,Unknown,0.33457968708565367,observed,23,2
2,4,1.078514999790059,150.87215799985643,11.34,37.05,0.6,96.34,0.19,3.97,149.63,0.0,0.01,3,3,1,slow_down,Unknown,0.3338305489260143,observed,24,2
2,5,2.262824999888835,144.59355400003915,10.37,36.75,0.74,89.56,0.32,4.3,142.16,0.0,0.03,4,3,2,slow_down,Unknown,0.2972305091487669,observed,25,2
2,6,1.3496409997060255,152.30180099979407,11.09,39.61,0.76,93.65,0.26,5.31,150.8,0.0,0.01,4,3,2,slow_down,Unknown,0.2859818350570141,observed,26,2
2,7,1.6438739999102836,154.57256399986363,16.23,37.06,0.9,93.81,0.21,4.41,152.77,0.0,0.01,3,3,2,slow_down,Unknown,0.27968542826836384,observed,27,2
2,8,2.0341539998298686,145.451636999951,12.26,37.16,0.72,88.91,0.19,3.9,143.25,0.0,0.01,3,3,2,slow_down,Unknown,0.2801909307875895,observed,28,2
2,9,1.0212219999630179,130.3149340001255,10.74,35.56,0.59,78.11,0.2,3.84,129.14,0.0,0.01,3,3,1,slow_down,Unknown,0.2610033810660302,observed,29,2
2,10,1.895124000384385,144.7964150002008,10.51,36.4,0.69,90.61,0.26,4.15,142.74,0.0,0.01,3,3,1,slow_down,Unknown,0.2666103155661628,observed,30,2
2,11,1.607808000244404,136.62717600027463,11.67,36.02,0.56,79.86,0.28,6.3,134.82,0.0,0.01,3,3,0,cruise,Unknown,0.2896628878281623,observed,31,2
2,12,3.49103999997169,142.29291199990257,16.91,38.49,0.61,78.0,0.17,4.32,138.63,0.0,0.01,3,3,0,cruise,Unknown,0.2909075841951737,observed,32,2
2,13,1.3328049999472569,133.9497260000826,10.88,37.22,0.55,79.01,0.24,4.48,132.47,0.0,0.01,3,3,0,cruise,Unknown,0.29285666931848314,observed,33,2
2,14,1.586981999935233,146.65303700030563,12.35,43.59,0.71,81.83,0.32,5.95,144.91,0.0,0.01,3,3,0,cruise,Unknown,0.2908346592415805,observed,34,2
2,15,1.6665949997332064,144.00669799988464,12.61,44.61,0.76,79.92,0.2,3.94,142.16,0.0,0.01,3,3,0,cruise,Unknown,0.1891026915937417,observed,35,2
2,16,1.3632830000460672,132.23969899991062,11.75,36.82,0.62,77.24,0.18,3.95,130.69,0.0,0.01,3,3,0,cruise,Unknown,0.18762927605409704,observed,36,2
2,17,1.4796790001128102,133.27801700006603,11.6,37.0,0.62,78.29,0.23,3.8,131.64,0.0,0.01,3,3,1,slow_down,Unknown,0.2820024529302572,observed,37,2
2,18,1.2986299998374307,128.80693700026313,10.97,35.54,0.41,76.11,0.15,4.08,127.35,0.0,0.01,3,3,1,slow_down,Unknown,0.28273667462211616,observed,38,2
2,19,1.665132000198355,146.8551450002451,11.55,35.76,0.52,92.44,0.24,4.41,145.04,0.0,0.01,3,3,1,slow_down,Unknown,0.2980956642800318,observed,39,2
2,20,1.4454180000029737,138.37037799976315,12.98,38.71,0.51,80.5,0.18,3.78,136.78,0.0,0.01,3,3,1,slow_down,Unknown,0.28137430389817025,observed,40,2
2,21,2.976544999910402,132.87948900006086,12.08,37.87,0.56,75.08,0.18,3.81,129.69,0.0,0.01,3,3,1,slow_down,Unknown,0.2694792495359321,observed,41,2
2,22,1.2924610000482062,133.14258099990184,11.12,36.47,0.64,79.28,0.26,3.81,131.72,0.0,0.01,3,3,1,slow_down,Unknown,0.2764154070538319,observed,42,2
2,23,1.467165000121895,128.46512399983112,11.16,35.69,0.54,75.32,0.16,3.88,126.86,0.0,0.01,3,3,1,slow_down,Unknown,0.3011071333863697,observed,43,2
2,24,1.5395379996334668,131.76523799984352,10.83,36.97,0.55,77.36,0.31,3.96,130.09,0.0,0.01,3,3,1,slow_down,Unknown,0.3043506364359586,observed,44,2
2,25,1.4271750001171313,127.37426700005017,10.99,35.44,0.48,74.76,0.14,3.88,125.81,0.0,0.03,3,3,2,slow_down,Unknown,0.26968476531424024,observed,45,2
2,26,1.3257900000098743,128.00545199979751,10.33,35.35,0.52,76.18,0.19,3.85,126.54,0.0,0.01,3,3,1,slow_down,Unknown,0.2593774860779634,observed,46,2
2,27,1.582883000082802,145.00736500031053,11.58,50.32,0.58,76.62,0.16,3.93,143.28,0.0,0.01,3,3,1,slow_down,Unknown,0.23475039777247414,observed,47,2
2,28,1.4479629999186727,133.00245999971594,11.25,35.35,0.56,79.76,0.2,4.19,131.42,0.0,0.01,3,3,1,slow_down,Unknown,0.22976664014850173,observed,48,2
2,29,1.352079000298545,129.21974800019598,11.3,36.1,0.65,75.89,0.18,3.52,127.74,0.0,0.01,3,3,1,slow_down,Unknown,0.2783678069477592,observed,49,2
2,30,1.3192649998927664,133.51630699980888,10.97,38.39,0.75,77.8,0.17,3.85,132.06,0.0,0.02,3,3,1,slow_down,Unknown,0.2799323786793954,observed,50,2
2,31,1.5270499998223386,129.63553000008687,11.76,36.64,0.49,74.91,0.16,3.9,127.95,0.0,0.01,4,4,1,slow_down,Unknown,0.1875812118801379,observed,51,2
2,32,1.4723029999004211,130.68868600021233,10.07,36.99,0.55,77.24,0.18,3.88,129.01,0.0,0.01,4,4,1,slow_down,Unknown,0.1933522275258552,observed,52,2
2,33,1.362049999897863,157.26247799966586,12.32,53.06,0.87,84.87,0.2,4.31,155.75,0.0,0.01,4,4,1,slow_down,Unknown,0.2825725934765314,observed,53,2
2,34,1.4853650000077323,152.18632999994952,11.82,39.63,0.76,93.88,0.2,4.15,150.54,0.0,0.01,4,4,1,slow_down,Unknown,0.2765811455847255,observed,54,2
2,35,1.658582000345632,138.4042340000633,11.96,43.67,0.49,76.72,0.15,3.49,136.57,0.0,0.01,3,3,0,cruise,Unknown,0.2776915937417131,observed,55,2
2,36,1.0196390003329725,131.9536490000246,12.91,37.61,0.81,75.43,0.16,3.72,130.73,0.0,0.01,3,3,0,cruise,Unknown,0.27371718377088305,observed,56,2
2,37,1.6758159999881173,134.8979300000792,11.04,36.15,0.54,80.79,0.25,4.19,133.08,0.0,0.02,3,3,0,cruise,Unknown,0.2416268894192522,observed,57,2
2,38,1.3796719999845664,176.43558800000392,11.24,37.06,0.57,119.14,0.31,6.42,174.86,0.0,0.01,3,3,0,cruise,Unknown,0.23991812516573854,observed,58,2
2,39,2.087659000153508,199.38958200009438,17.82,55.17,1.21,115.41,0.26,7.11,197.12,0.0,0.02,3,3,0,cruise,Unknown,0.29139319809069214,observed,59,2
2,40,1.4889439999024034,203.31519699993805,14.95,53.66,0.63,123.87,0.37,7.87,201.53,0.0,0.01,3,3,0,cruise,Unknown,0.2979415274463007,observed,60,2
2,41,1.3871559999643068,212.7735539997957,15.3,59.76,0.73,127.99,0.26,7.04,211.21,0.0,0.01,3,3,0,cruise,Unknown,0.2332454919119597,observed,61,2
2,42,2.6077570000779815,206.02696400010245,16.33,56.89,0.62,122.33,0.29,6.6,203.19,0.0,0.01,3,3,0,cruise,Unknown,0.2297517236807213,observed,62,2
2,43,1.4588300000468735,202.91502199961542,13.8,59.5,0.96,120.41,0.27,6.2,201.29,0.0,0.04,3,3,0,cruise,Unknown,0.31324913815963934,observed,63,2
2,44,3.5263560002931627,194.55783700004758,13.92,53.65,0.93,116.11,0.25,5.86,190.86,0.0,0.01,3,3,0,cruise,Unknown,0.3131496950411032,observed,64,2
2,45,1.349463999758882,203.52685099987866,12.53,56.68,0.61,124.91,0.31,6.78,202.01,0.0,0.02,3,3,0,cruise,Unknown,0.33548793423495094,observed,65,2
2,46,3.687492999688402,212.4979799996254,15.86,58.07,0.84,127.16,0.28,6.27,208.63,0.0,0.02,3,3,0,cruise,Unknown,0.3358707902413153,observed,66,2
2,47,1.5288639997379505,198.8977060000252,12.67,52.95,0.76,123.45,0.3,6.95,197.21,0.0,0.01,3,3,0,cruise,Unknown,0.24143960487934235,observed,67,2
2,48,1.5686040001128276,209.3200969998179,18.15,60.61,0.8,122.96,0.33,4.62,207.61,0.0,0.01,3,3,0,cruise,Unknown,0.25130601962344207,observed,68,2
2,49,1.3301280000632687,195.85977800034016,14.97,57.48,0.85,114.46,0.25,6.15,194.35,0.0,0.02,4,3,0,cruise,Unknown,0.23913252452930256,observed,69,2
2,50,3.6401779998413986,202.4371689999498,17.03,56.75,0.82,117.14,0.23,6.48,198.6,0.0,0.02,4,3,0,cruise,Unknown,0.23908280297003448,observed,70,2
2,51,1.8089229997713119,242.91309999989608,13.45,56.81,0.87,161.27,0.31,7.89,240.84,0.0,0.03,4,4,1,slow_down,Unknown,0.31787987271280826,observed,71,2
2,52,3.1090699999367644,242.81378599971504,23.73,71.27,1.29,135.44,0.29,7.27,239.46,0.0,0.02,4,4,1,slow_down,Unknown,0.3198505038451339,observed,72,2
2,53,3.2421909995719034,193.5076729996581,21.3,63.64,1.08,98.56,0.22,5.12,190.08,0.0,0.02,4,4,1,slow_down,Unknown,0.3419069875364625,observed,73,2
2,54,1.4761400002498704,140.3008160000354,10.68,36.26,0.72,86.45,0.2,4.25,138.66,0.0,0.01,4,4,1,slow_down,Unknown,0.3418572659771944,observed,74,2
2,55,1.6042600000218954,139.81796799998847,11.48,37.28,0.64,84.26,0.17,4.09,138.04,0.0,0.01,4,4,1,slow_down,Unknown,0.3377718111906656,observed,75,2
2,56,1.466575999984343,138.98188399980427,11.2,37.56,0.72,81.76,0.27,5.73,137.35,0.0,0.01,4,4,1,slow_down,Unknown,0.33892535136568547,observed,76,2
2,57,1.5458319999197556,150.9949599999345,13.46,40.87,1.02,89.69,0.18,3.88,149.22,0.0,0.01,4,4,1,slow_down,Unknown,0.3338686687881199,observed,77,2
2,58,1.4808109999648877,133.0843260002439,10.64,36.26,0.66,79.61,0.19,4.0,131.46,0.0,0.01,4,4,1,slow_down,Unknown,0.3347885176345797,observed,78,2
2,59,1.6307340001731063,149.74501400001827,10.5,42.65,0.61,89.48,0.23,4.38,147.96,0.0,0.01,4,4,2,slow_down,Unknown,0.3443648899496155,observed,79,2
2,60,1.440595999611105,135.5191059997196,12.19,37.55,0.76,79.0,0.17,4.14,133.91,0.0,0.01,4,4,2,slow_down,Unknown,0.3444311853619729,observed,80,2
2,61,1.5938120000100753,140.440411000327,11.56,37.31,0.76,84.44,0.22,4.3,138.69,0.0,0.01,4,4,2,slow_down,Unknown,0.3401634181914612,observed,81,2
2,62,1.5402349999931175,137.2948850003013,11.39,39.86,0.97,79.12,0.17,3.93,135.58,0.0,0.02,4,4,1,slow_down,Unknown,0.33955515778308143,observed,82,2
2,63,1.600858999609045,140.9107340000446,11.39,36.87,0.67,85.52,0.26,4.29,139.16,0.0,0.01,4,4,1,slow_down,Unknown,0.3457968708565367,observed,83,2
2,64,1.5800159999344032,146.10638500016648,11.99,39.51,0.71,85.45,0.26,6.27,144.32,0.0,0.01,4,4,1,slow_down,Unknown,0.3457305754441793,observed,84,2
2,65,1.4863920000607322,142.8790520003531,15.82,40.71,0.94,79.51,0.19,3.97,141.25,0.0,0.01,4,4,1,slow_down,Unknown,0.33301677273932645,observed,85,2
2,66,1.5264730000126292,130.65703400025086,11.06,36.01,0.72,77.07,0.17,3.84,128.98,0.0,0.01,4,4,1,slow_down,Unknown,0.3310958631662689,observed,86,2
2,67,1.6377160000047297,128.59707500001605,11.32,35.06,0.69,75.37,0.18,4.09,126.81,0.0,0.01,4,4,1,slow_down,Unknown,0.33651219835587376,observed,87,2
2,68,1.4512119996652473,127.89934800002811,10.03,35.28,0.53,76.18,0.19,4.0,126.3,0.0,0.01,4,4,1,slow_down,Unknown,0.3379126889419252,observed,88,2
2,69,1.3080240000817867,129.47091600017302,10.35,35.77,0.63,77.0,0.18,4.0,128.02,0.0,0.01,4,4,1,slow_down,Unknown,0.24147772474144788,observed,89,2
2,70,1.4286880000327074,137.25040400004218,11.38,38.82,0.71,79.75,0.26,4.62,135.65,0.0,0.01,4,4,1,slow_down,Unknown,0.24207769822328296,observed,90,2
2,71,1.7093329997805995,136.9585559996267,11.85,37.19,0.58,81.4,0.21,3.76,135.09,0.0,0.01,3,3,2,slow_down,Unknown,0.3216868867674357,observed,91,2
2,72,1.3308329998835688,138.51654699965366,10.5,35.68,0.65,85.67,0.28,4.15,137.03,0.0,0.01,3,3,2,slow_down,Unknown,0.31985216123044286,observed,92,2
2,73,1.5204549999907613,134.219289000157,11.49,38.96,0.58,77.2,0.17,3.98,132.52,0.0,0.01,3,3,1,slow_down,Unknown,0.31669815698753645,observed,93,2
2,74,1.5067629997247423,130.07956699993883,10.95,36.84,0.49,76.06,0.16,3.83,128.43,0.0,0.01,3,3,1,slow_down,Unknown,0.31442588172898434,observed,94,2
2,75,1.536890999886964,127.49869299977945,10.23,35.38,0.52,75.33,0.2,3.99,125.76,0.0,0.01,3,3,1,slow_down,Unknown,0.3257391938477857,observed,95,2
2,76,1.3091470000290428,127.50780799979111,10.46,35.46,0.59,75.56,0.14,3.75,126.07,0.0,0.01,3,3,1,slow_down,Unknown,0.3248657517899761,observed,96,2
2,77,1.368714999898657,129.07777300006273,10.31,35.68,0.56,76.81,0.18,3.93,127.57,0.0,0.01,3,3,1,slow_down,Unknown,0.30708863696632194,observed,97,2
2,78,1.3618600000881997,130.59371999997893,10.84,36.15,0.45,77.05,0.24,4.27,129.09,0.0,0.01,3,3,1,slow_down,Unknown,0.30758750994431183,observed,98,2
2,79,1.4730709999639657,143.96682599999622,11.75,40.79,0.68,84.41,0.27,4.35,142.34,0.0,0.01,3,3,0,cruise,Unknown,0.3112055820737205,observed,99,2
2,80,1.5341499997703067,148.3483070001057,11.01,37.84,0.49,92.8,0.2,4.18,146.64,0.0,0.01,3,3,0,cruise,Unknown,0.31065533015115354,observed,100,2
2,81,1.67436199990334,131.60298499997225,11.76,36.65,0.62,76.59,0.18,3.87,129.77,0.0,0.01,3,3,1,slow_down,Unknown,0.3211266905330151,observed,101,2
2,82,1.5117539996936102,133.29299499991976,11.36,36.5,0.57,78.77,0.26,4.05,131.62,0.0,0.01,3,3,2,slow_down,Unknown,0.3246884115619199,observed,102,2
2,83,1.4788500002396177,131.66719700029716,11.44,36.86,0.51,76.87,0.2,4.03,130.04,0.0,0.01,2,2,1,slow_down,Unknown,0.3099923760275789,observed,103,2
2,84,1.494991000072332,131.61840499969912,11.22,36.16,0.41,78.04,0.22,3.81,129.97,0.0,0.02,2,2,1,slow_down,Unknown,0.3102360116679926,observed,104,2
2,85,1.5465579999727197,133.15129400007208,11.07,36.94,0.56,78.18,0.32,4.28,131.46,0.0,0.01,3,3,1,slow_down,Unknown,0.28144557146645455,observed,105,2
2,86,1.3727300001846743,135.16755699993155,11.5,36.49,0.56,80.44,0.21,4.35,133.65,0.0,0.01,3,3,1,slow_down,Unknown,0.2801677273932644,observed,106,2
2,87,1.4970270003686892,129.2902770001092,11.33,35.94,0.5,75.57,0.17,4.05,127.64,0.0,0.01,3,3,1,slow_down,Unknown,0.2582057146645452,observed,107,2
2,88,1.451892999739357,148.42466999971293,11.05,50.33,0.52,80.3,0.21,4.27,146.83,0.0,0.02,3,3,1,slow_down,Unknown,0.253583267037921,observed,108,2
2,89,1.426481999715179,131.6506019998087,11.46,37.41,0.54,76.34,0.17,4.03,130.07,0.0,0.02,3,3,1,slow_down,Unknown,0.2082090294351631,observed,109,2
2,90,1.3356350000321981,132.54971800006388,10.85,36.82,0.52,78.66,0.21,3.89,131.06,0.0,0.01,3,3,1,slow_down,Unknown,0.21146413418191462,observed,110,2
2,91,1.6281240000353137,144.87871800020002,11.37,37.27,0.55,89.05,0.22,4.51,143.08,0.0,0.01,2,2,1,slow_down,Unknown,0.279864425881729,observed,111,2
2,92,1.4636269997936324,145.6550889997743,11.09,37.68,0.48,90.02,0.2,4.42,144.0,0.0,0.01,2,2,1,slow_down,Unknown,0.28411727658446034,observed,112,2
2,93,1.6152519997376658,145.03643799980637,11.68,35.73,0.55,90.61,0.23,4.35,143.25,0.0,0.01,2,2,0,cruise,Unknown,0.285537655794219,observed,113,2
2,94,1.5046690000417584,141.96394000009604,12.17,39.1,0.53,83.97,0.24,4.16,140.27,0.0,0.01,2,2,0,cruise,Unknown,0.2860564173959162,observed,114,2
2,95,1.6070599999693513,156.35825399976966,10.99,36.72,0.49,101.53,0.23,4.49,154.56,0.0,0.01,2,2,0,cruise,Unknown,0.26252154600901617,observed,115,2
2,96,1.639314999920316,142.61174799958098,11.75,39.29,0.51,84.84,0.3,4.02,140.82,0.0,0.01,2,2,0,cruise,Unknown,0.267102559002917,observed,116,2
2,97,1.4925589998711075,148.07426400011536,11.8,40.09,0.47,89.27,0.22,4.48,146.43,0.0,0.01,2,2,0,cruise,Unknown,0.27302771148236543,observed,117,2
2,98,1.5279980002560478,142.52480400000422,11.76,37.67,0.46,85.88,0.38,4.57,140.84,0.0,0.01,2,2,0,cruise,Unknown,0.27086648103951205,observed,118,2
2,99,1.583268000103999,141.15855899990493,12.68,36.95,0.52,84.46,0.22,4.47,139.41,0.0,0.01,2,2,0,cruise,Unknown,0.274058605144524,observed,119,2
2,100,1.453955000215501,139.32615000021542,10.68,35.83,0.57,86.66,0.22,3.67,137.72,0.0,0.01,2,2,0,cruise,Unknown,0.276778374436489,observed,120,2
2,101,1.4806340000177443,134.33415200006493,10.73,35.55,0.42,81.78,0.17,3.97,132.71,0.0,0.01,1,1,0,cruise,Unknown,0.28576306019623443,observed,121,2
2,102,1.4049420001356339,155.17867600010504,11.4,37.96,0.42,99.7,0.19,3.88,153.65,0.0,0.01,1,1,0,cruise,Unknown,0.282478122513922,observed,122,2
2,103,1.5960999999151682,135.75282400006472,11.38,35.08,0.38,83.43,0.19,3.46,134.02,0.0,0.01,1,1,0,cruise,Unknown,0.19913981702466188,observed,123,2
2,104,1.430716999948345,138.07480600007693,10.57,36.49,0.44,85.15,0.21,3.56,136.51,0.0,0.01,1,1,0,cruise,Unknown,0.20076736939803766,observed,124,2
2,105,1.4129220003269438,136.50980100010202,10.58,35.77,0.6,83.56,0.21,4.14,134.96,0.0,0.01,4,3,0,cruise,Unknown,0.2854663882259348,observed,125,2
2,106,1.417444999788131,142.44987299980494,11.19,36.63,0.67,88.26,0.25,3.77,140.9,0.0,0.02,4,3,0,cruise,Unknown,0.2826206576504906,observed,126,2
2,107,1.5139790002649534,143.28857100008463,11.54,35.75,0.73,89.08,0.2,4.2,141.6,0.0,0.01,5,4,0,cruise,Unknown,0.29486542031291435,observed,127,2
2,108,1.5172810003605264,139.7396650004339,10.71,35.69,0.61,86.64,0.19,4.11,138.07,0.0,0.01,4,3,0,cruise,Unknown,0.2993668788119862,observed,128,2
2,109,1.6326299996762828,142.42169299996021,11.16,37.0,0.53,87.45,0.23,4.15,140.64,0.0,0.01,2,2,0,cruise,Unknown,0.2542594802439671,observed,129,2
2,110,1.5921049998723902,149.17228199965393,18.41,43.18,1.03,80.67,0.16,3.84,147.41,0.0,0.01,3,2,0,cruise,Unknown,0.25584062582869266,observed,130,2
2,111,1.5149430000747088,136.4054959999521,11.15,38.44,0.42,80.75,0.21,3.69,134.76,0.0,0.01,1,1,0,cruise,Unknown,0.20462410501193318,observed,131,2
2,112,1.4147320002848573,134.51418300019213,10.62,35.8,0.44,81.99,0.24,3.77,132.98,0.0,0.01,1,1,0,cruise,Unknown,0.2001176743569345,observed,132,2
2,113,1.3761129998783872,136.86244200016517,10.67,35.95,0.59,83.84,0.23,3.96,135.35,0.0,0.01,2,1,0,cruise,Unknown,0.17562814903208698,observed,133,2
2,114,1.4435579996643355,135.70988899982694,11.42,35.43,0.44,81.85,0.18,4.59,134.06,0.0,0.01,2,2,0,cruise,Unknown,0.17391607000795545,observed,134,2
2,115,1.524638999853778,142.67860099971585,15.22,39.12,0.59,82.16,0.25,3.52,141.03,0.0,0.01,2,2,0,cruise,Unknown,0.11022440997083002,observed,135,2
2,116,1.4479310002570855,140.76245000023846,10.9,37.41,0.53,86.54,0.23,3.45,139.18,0.0,0.01,2,2,0,cruise,Unknown,0.10856868204720234,observed,136,2
2,117,2.328552000108175,138.4105140000429,10.73,35.66,0.62,85.11,0.2,3.46,135.9,0.0,0.01,2,2,0,cruise,Unknown,0.1215062317687616,observed,137,2
2,118,1.3693589999093092,127.78036400004567,11.22,35.54,0.55,75.33,0.18,3.36,126.27,0.0,0.01,2,2,0,cruise,Unknown,0.11912954123574648,observed,138,2
2,119,1.4164829999572248,132.10252899989428,10.9,36.3,0.58,79.21,0.17,3.3,130.56,0.0,0.01,4,4,0,cruise,Unknown,0.11258784142137364,observed,139,2
2,120,1.5585779997309146,129.9455529997431,10.83,35.92,0.8,76.64,0.24,3.71,128.25,0.0,0.01,4,4,0,cruise,Unknown,0.11049290639087775,observed,140,2
2,121,1.6824090002955927,131.74931300000026,10.93,36.19,0.61,78.48,0.16,3.47,129.94,0.0,0.01,3,3,0,cruise,Unknown,0.12994729514717582,observed,141,2
2,122,2.1125490002305014,137.59399400032635,10.09,36.26,0.56,84.63,0.18,3.53,135.35,0.0,0.01,2,2,0,cruise,Unknown,0.1318615751789976,observed,142,2
2,123,1.605595999990328,140.72378199989544,12.1,35.96,0.59,87.52,0.18,2.48,138.95,0.0,0.01,3,3,0,cruise,Unknown,0.06408280297003448,observed,143,2
2,124,1.0580349999145255,148.20224899995083,11.14,38.54,0.53,93.72,0.24,2.74,147.01,0.0,0.01,3,3,0,cruise,Unknown,0.06395021214531954,observed,144,2
2,125,1.5586499998789805,170.26971899986165,13.0,48.65,1.09,101.85,0.41,3.31,168.52,0.0,0.03,4,4,0,cruise,Unknown,0.027877220896313976,observed,145,2
2,126,2.8393010002218944,218.9336800001911,25.08,63.19,0.79,122.89,0.32,2.99,215.44,0.0,0.02,3,3,0,cruise,Unknown,0.02749602227525855,observed,146,2
2,127,1.5959659999680298,80.5347279997477,18.22,54.61,0.8,2.44,0.21,2.3,78.71,0.0,0.01,3,3,0,slow_down,Unknown,0.015244630071599045,unknown,147,2
2,128,3.1910010002320632,79.19812099999035,14.06,56.28,0.76,2.24,0.26,2.1,75.86,0.0,0.01,3,3,0,slow_down,Unknown,0.014891607000795545,unknown,148,2
2,129,1.4934179998817854,71.76761700020506,12.31,52.39,0.84,2.09,0.18,2.13,70.09,0.0,0.02,4,3,0,slow_down,Unknown,0.00526882789710952,unknown,149,2
2,130,3.117445000043517,81.27907800007961,18.82,53.22,1.07,2.12,0.2,2.42,78.0,0.0,0.01,4,3,0,slow_down,Unknown,0.005459427207637231,unknown,150,2
2,131,1.6549319998375722,76.27780399980111,13.25,54.53,1.01,2.62,0.26,2.62,74.45,0.0,0.02,5,5,0,slow_down,Unknown,0.014439140811455847,unknown,151,2
2,132,1.410805999967124,81.41129099976752,16.11,57.62,1.14,2.28,0.19,2.36,79.83,0.0,0.01,5,5,0,slow_down,Unknown,0.010658644921771413,unknown,152,2
2,133,1.5332769999076845,78.06163899977037,12.53,57.81,0.88,2.22,0.24,2.52,76.36,0.0,0.01,5,5,0,slow_down,Unknown,0.0,unknown,153,2
2,134,2.9671789998246823,75.90396399973542,14.83,52.14,1.04,2.16,0.21,2.26,72.78,0.0,0.01,5,5,0,slow_down,Unknown,0.0,unknown,154,2
2,135,1.4350700002978556,77.59203000023263,12.95,55.25,0.61,3.42,0.24,3.4,76.01,0.0,0.01,2,2,0,slow_down,Unknown,0.0009844868735083532,unknown,155,2
2,136,1.3462839997373521,81.30341500009308,17.5,56.52,0.74,2.31,0.28,2.32,79.81,0.0,0.01,2,2,0,slow_down,Unknown,0.002645186953062848,unknown,156,2
2,137,1.5699270002187404,74.26646500016432,13.01,54.14,0.63,2.17,0.21,2.26,72.55,0.0,0.02,2,2,0,slow_down,Unknown,0.007547732696897375,unknown,157,2
2,138,3.97418500006097,81.46142799978406,15.21,56.19,0.82,2.38,0.24,2.37,77.35,0.0,0.01,2,2,0,slow_down,Unknown,0.007350503845133916,unknown,158,2
2,139,4.921418999856542,193.36795100025483,13.89,53.06,0.77,116.72,0.33,3.35,188.28,0.0,0.01,3,3,0,cruise,Unknown,0.037132060461416073,observed,159,2
2,140,3.0388270001822093,201.97536099976787,14.05,58.53,0.69,121.88,0.28,3.23,198.78,0.0,0.01,3,3,0,cruise,Unknown,0.025376226465128614,observed,160,2
2,141,1.3874810001652804,204.93889599993054,15.64,54.33,1.07,127.91,0.36,3.92,203.37,0.0,0.02,5,4,0,cruise,Unknown,0.05840791567223548,observed,161,2
2,142,3.1391080001412774,209.9428600004103,17.08,56.16,0.98,126.29,0.33,5.57,206.56,0.0,0.02,5,4,0,cruise,Unknown,0.05655661628215328,observed,162,2
2,143,2.5161680000564957,217.79282399984368,22.45,65.28,1.11,122.16,0.3,3.6,215.05,0.0,0.02,5,5,0,cruise,Unknown,0.06280661628215327,observed,163,2
2,144,1.0987720002049173,202.3808620001546,14.08,56.07,1.13,125.18,0.36,4.07,201.08,0.0,0.02,5,5,0,cruise,Unknown,0.06126027578891541,observed,164,2
2,145,4.204945999845222,211.44868900000802,15.39,60.45,1.14,126.0,0.38,3.54,207.06,0.0,0.01,5,5,0,cruise,Unknown,0.03064671174754707,observed,165,2
2,146,1.6489879999426194,209.46888800017405,16.54,58.76,1.21,126.93,0.39,3.63,207.61,0.0,0.02,5,5,0,cruise,Unknown,0.03169583664810395,observed,166,2
2,147,1.18994800004657,185.35274400028356,17.43,58.08,1.21,104.12,0.22,2.78,183.98,0.0,0.02,6,6,0,cruise,Unknown,0.029088769557146645,observed,167,2
2,148,1.1730549999811046,141.05759199992463,11.01,36.49,0.72,88.87,0.21,2.26,139.69,0.0,0.02,6,6,0,cruise,Unknown,0.03176378944577035,observed,168,2
2,149,2.303103000031115,135.72244999977556,10.38,36.07,0.7,83.07,0.21,2.69,133.24,0.0,0.01,5,5,0,cruise,Unknown,0.054706974277380006,observed,169,2
2,150,1.8734740001491446,140.96561299993482,12.46,37.89,0.75,84.46,0.25,3.0,138.91,0.0,0.01,5,5,0,cruise,Unknown,0.05953659506762132,observed,170,2
2,151,1.7280189999837603,141.57286799991198,12.24,38.65,0.83,85.03,0.25,2.5,139.65,0.0,0.02,5,5,0,cruise,Unknown,0.02796837708830549,observed,171,2
2,152,1.5347359999395849,128.22342199979175,11.19,35.9,0.68,76.18,0.26,2.21,126.51,0.0,0.01,5,5,0,cruise,Unknown,0.028344603553434104,observed,172,2
2,153,1.3795510003546951,152.54432000028828,11.28,36.55,0.75,98.15,0.37,3.73,150.95,0.0,0.01,5,5,0,cruise,Unknown,0.04146778042959427,observed,173,2
2,154,2.3555130001113866,138.1527400003506,14.87,36.64,0.69,80.19,0.28,2.73,135.51,0.0,0.01,5,5,0,cruise,Unknown,0.03842647838769557,observed,174,2
2,155,1.6498219997629349,150.83453799979907,13.42,40.31,0.88,91.34,0.24,2.68,148.99,0.0,0.01,5,5,0,cruise,Unknown,0.07582537788385044,observed,175,2
2,156,1.4206850000846316,131.23384799973792,11.12,36.84,0.7,77.9,0.36,2.59,129.64,0.0,0.01,5,5,0,cruise,Unknown,0.069691394855476,observed,176,2
2,157,1.558193000164465,126.93356799991307,10.74,36.11,0.75,75.27,0.2,2.04,125.21,0.0,0.01,6,6,0,cruise,Unknown,0.02592813577300451,observed,177,2
2,158,1.4002040002196736,131.2087720002637,11.07,35.97,0.84,79.13,0.22,2.3,129.64,0.0,0.01,6,6,0,cruise,Unknown,0.027381662688941925,observed,178,2
2,159,1.458328999888181,55.08520100011083,11.87,36.92,0.68,1.81,0.16,1.92,53.47,0.0,0.01,4,4,0,slow_down,Unknown,0.012352492707504641,unknown,179,2
2,160,1.4964990000407852,56.06220299978304,11.46,38.03,0.75,2.03,0.17,1.86,54.41,0.0,0.01,5,4,0,slow_down,Unknown,0.013452996552638558,unknown,180,2
2,161,1.519389000350202,152.97258300006433,11.4,42.09,0.64,94.18,0.22,2.67,151.32,0.0,0.01,2,2,0,cruise,Unknown,0.044754375497215594,observed,181,2
2,162,1.483425999595056,139.30430999971577,11.14,38.3,0.62,85.04,0.19,2.27,137.65,0.0,0.01,3,3,0,cruise,Unknown,0.04387098912755237,observed,182,2
2,163,1.4801389997955994,135.10347500005082,10.82,35.57,0.58,83.53,0.24,2.51,133.38,0.0,0.01,3,3,0,cruise,Unknown,0.021635507822858658,observed,183,2
2,164,1.6635080000924063,141.3569579999603,12.15,36.72,0.62,86.95,0.23,2.76,139.54,0.0,0.01,3,3,0,cruise,Unknown,0.028642932909042695,observed,184,2
2,165,1.5075100000103703,140.70797499971377,12.32,37.69,0.74,84.61,0.25,3.28,139.02,0.0,0.01,4,3,0,cruise,Unknown,0.0607846062052506,observed,185,2
2,166,1.6363119998459297,136.81575299960969,11.53,36.03,0.71,82.54,0.42,3.55,134.92,0.0,0.01,4,4,0,cruise,Unknown,0.0629342349509414,observed,186,2
2,167,1.7739780000738392,137.59903000027407,12.44,37.42,0.59,81.62,0.23,3.25,135.67,0.0,0.01,2,2,0,cruise,Unknown,0.07510773004508088,observed,187,2
2,168,1.5170729998317256,131.51821399969776,11.12,37.09,0.56,77.39,0.2,3.39,129.85,0.0,0.01,2,2,0,cruise,Unknown,0.07237138690002652,observed,188,2
2,169,1.5289210000446474,136.16459900003974,11.23,39.31,0.49,79.07,0.25,4.01,134.48,0.0,0.01,2,2,0,cruise,Unknown,0.29091587112171835,observed,189,2
2,170,1.4590330001738039,141.8282019999424,11.67,37.24,0.61,85.73,0.23,4.58,140.18,0.0,0.01,2,2,0,cruise,Unknown,0.2894225669583665,observed,190,2
2,171,1.671789000283752,138.6910189999071,12.54,36.55,0.68,80.44,0.27,6.16,136.8,0.0,0.01,2,2,0,cruise,Unknown,0.23762430389817024,observed,191,2
2,172,1.4977350001572631,140.85743600026035,16.83,37.28,0.94,79.8,0.2,4.05,139.21,0.0,0.01,2,2,0,cruise,Unknown,0.23880436223813312,observed,192,2
2,173,1.5891960001681582,133.52474000021175,11.53,36.84,0.85,78.35,0.2,3.85,131.76,0.0,0.01,3,3,0,cruise,Unknown,0.2652313709891276,observed,193,2
2,174,1.4707149998685054,139.3127229998754,11.22,41.68,0.62,79.67,0.23,4.12,137.65,0.0,0.01,3,3,0,cruise,Unknown,0.27052008750994433,observed,194,2
2,175,1.7563460000928899,142.08703400026934,12.46,39.3,0.69,82.68,0.25,4.65,140.16,0.0,0.01,3,3,0,cruise,Unknown,0.20329156722354813,observed,195,2
2,176,1.5633399998478126,139.30847099982202,11.79,39.24,0.64,81.56,0.23,3.89,137.5,0.0,0.01,3,3,0,cruise,Unknown,0.21953560063643596,observed,196,2
2,177,1.5609940001013456,135.48056600029668,11.42,37.34,0.65,79.63,0.31,4.28,133.77,0.0,0.01,3,3,0,cruise,Unknown,0.21638491116414743,observed,197,2
2,178,1.4530710000144609,142.16453500011994,12.21,37.89,0.63,85.63,0.21,3.85,140.57,0.0,0.02,3,3,0,cruise,Unknown,0.22378016441262263,observed,198,2
2,179,1.5812609999557026,152.5198320000527,11.23,36.48,0.52,98.0,0.26,4.18,150.78,0.0,0.01,2,2,0,cruise,Unknown,0.29139982763192784,observed,199,2
2,180,1.5821749998394807,136.30216499996095,11.49,38.59,0.62,79.68,0.2,3.87,134.56,0.0,0.01,2,2,0,cruise,Unknown,0.29709791832405197,observed,200,2
2,181,1.5234379998219083,133.71309600006498,10.87,36.26,0.69,80.04,0.19,3.87,132.03,0.0,0.01,4,4,0,cruise,Unknown,0.17119464333068152,observed,201,2
2,182,1.4934539999558183,137.1207349998258,12.54,37.15,0.75,80.59,0.19,4.1,135.45,0.0,0.01,4,4,0,cruise,Unknown,0.14390745160434898,observed,202,2
2,183,1.6836340000736527,136.76059899989923,12.23,36.98,0.68,80.67,0.22,4.01,134.92,0.0,0.01,3,3,0,cruise,Unknown,0.1620110713338637,observed,203,2
2,184,1.6252509999503673,141.04298699976425,11.84,38.52,0.64,83.62,0.28,4.23,139.24,0.0,0.01,3,3,0,cruise,Unknown,0.16438113232564305,observed,204,2
2,185,1.518021999800112,139.37854799996785,11.54,43.72,0.9,77.4,0.17,3.81,137.71,0.0,0.01,3,3,0,cruise,Unknown,0.15991613630336782,observed,205,2
2,186,1.374840000153199,137.6595379997525,10.91,35.08,0.54,83.11,0.33,6.0,136.09,0.0,0.01,3,3,0,cruise,Unknown,0.15890844603553433,observed,206,2
2,187,1.5215899998111126,134.409192000021,15.51,36.66,0.82,75.58,0.18,3.86,132.71,0.0,0.01,5,4,0,cruise,Unknown,0.2432842747281888,observed,207,2
2,188,1.4057069997761573,135.3203499998017,11.07,35.78,0.82,80.45,0.26,5.28,133.76,0.0,0.01,5,4,0,cruise,Unknown,0.253059533280297,observed,208,2
2,189,1.834571000017604,139.74351399974694,11.83,38.74,0.73,82.1,0.18,4.04,137.73,0.0,0.01,4,4,2,slow_down,Unknown,0.18966454521347123,observed,209,2
2,190,1.3381989997469645,130.20013699997435,11.35,35.93,0.66,76.29,0.2,4.11,128.64,0.0,0.01,4,4,2,slow_down,Unknown,0.18316096526120393,observed,210,2
2,191,1.4499760000035167,133.2457470002737,13.15,36.95,0.65,76.68,0.18,3.94,131.65,0.0,0.01,3,3,1,slow_down,Unknown,0.2606089233625033,observed,211,2
2,192,1.3560040001721063,129.3151290001333,9.96,35.55,0.52,77.46,0.17,4.06,127.83,0.0,0.01,3,3,0,cruise,Unknown,0.22155926809864757,observed,212,2
2,193,1.5227560002131213,131.19385900017733,10.36,37.02,0.64,77.02,0.2,4.18,129.52,0.0,0.01,3,3,0,cruise,Unknown,0.2962377353487139,observed,213,2
2,194,1.4430520000132674,149.5156890000544,11.12,36.81,1.03,94.2,0.3,4.34,147.91,0.0,0.01,3,3,0,cruise,Unknown,0.29377486077963405,observed,214,2
2,195,1.6841809997458768,136.36087799977759,12.55,36.05,0.57,79.96,0.23,4.98,134.46,0.0,0.01,2,2,1,slow_down,Unknown,0.31012496685229385,observed,215,2
2,196,1.457726000353432,133.0888710003819,14.03,36.22,0.66,76.06,0.22,4.15,131.46,0.0,0.01,2,2,1,slow_down,Unknown,0.3093691991514187,observed,216,2
2,197,1.4961570000195934,133.30020199964565,10.43,36.37,0.55,79.8,0.25,4.13,131.64,0.0,0.01,3,3,0,cruise,Unknown,0.25178500397772474,observed,217,2
2,198,1.746008999816695,137.76383999993413,13.14,37.71,0.79,79.59,0.2,4.27,135.83,0.0,0.01,3,3,0,cruise,Unknown,0.21192654468310793,observed,218,2
2,199,1.61859399986497,132.15992999994342,11.67,36.22,0.6,77.79,0.19,3.79,130.36,0.0,0.01,3,3,0,cruise,Unknown,0.2629077167859984,observed,219,2
2,200,1.0691080001379305,129.81628999978057,11.79,35.96,0.67,76.37,0.18,3.54,128.61,0.0,0.01,3,3,0,cruise,Unknown,0.20993105277114824,observed,220,2
2,201,1.4212050000423915,130.80760899993038,10.78,36.48,0.72,77.32,0.17,3.65,129.23,0.0,0.01,4,3,0,cruise,Unknown,0.30036462476796605,observed,221,2
2,202,1.3785559999632824,136.8774829998074,10.83,41.09,0.61,78.79,0.19,3.73,135.37,0.0,0.01,4,3,0,cruise,Unknown,0.2986061389551843,observed,222,2
2,203,1.4455360001193185,130.34972400009792,10.66,35.07,0.59,78.22,0.16,3.97,128.76,0.0,0.01,4,4,0,cruise,Unknown,0.2934334394059931,observed,223,2
2,204,1.3670179996552179,131.92305799975657,10.77,36.84,0.74,77.41,0.19,4.36,130.41,0.0,0.01,4,4,0,cruise,Unknown,0.2914959559798462,observed,224,2
2,205,1.5626440003870812,139.6767460000774,11.48,38.98,0.65,81.17,0.29,5.2,137.89,0.0,0.01,3,3,1,slow_down,Unknown,0.2698140413683373,observed,225,2
2,206,1.3629250001940818,130.46757100028117,11.59,37.38,0.57,75.46,0.18,3.65,128.97,0.0,0.03,3,3,1,slow_down,Unknown,0.23347918324051975,observed,226,2
2,207,1.5293290002773574,129.28826699999263,11.39,35.33,0.62,76.18,0.23,3.74,127.6,0.0,0.01,4,4,0,cruise,Unknown,0.3150341421373641,observed,227,2
2,208,1.419798000370065,126.34302200012826,10.42,35.87,0.7,73.83,0.16,3.7,124.78,0.0,0.01,4,4,0,cruise,Unknown,0.3047517236807213,observed,228,2
2,209,1.462266999624262,127.26151899960314,10.38,35.61,0.54,75.1,0.16,3.79,125.67,0.0,0.01,4,4,0,cruise,Unknown,0.3436837045876425,observed,229,2
2,210,1.3738970001213602,144.1046270001607,12.07,49.63,0.93,75.17,0.2,4.46,142.59,0.0,0.01,4,4,0,cruise,Unknown,0.3420478652877221,observed,230,2
2,211,1.6400889999204082,137.97747700027685,15.11,37.41,0.88,78.42,0.24,4.01,136.19,0.0,0.01,3,3,1,slow_down,Unknown,0.3556268231238398,observed,231,2
2,212,1.5630119996785652,133.4371629995985,10.44,37.21,0.6,79.05,0.15,4.2,131.73,0.0,0.01,3,3,2,slow_down,Unknown,0.3537838106603023,observed,232,2
2,213,1.5607820000695938,133.238385000368,11.11,36.73,0.59,78.89,0.19,3.92,131.53,0.0,0.01,3,3,2,slow_down,Unknown,0.3540605940068947,observed,233,2
2,214,1.5051860000312445,130.27203700039536,11.51,36.62,0.68,75.72,0.16,3.83,128.62,0.0,0.01,3,3,3,slow_down,Unknown,0.3521894059931053,observed,234,2
2,215,1.6220799998336588,127.11702699971283,10.7,35.61,0.54,74.61,0.2,3.59,125.35,0.0,0.01,3,3,1,slow_down,Unknown,0.34245392468841157,observed,235,2
2,216,1.5305490001082944,129.57040699984645,10.42,35.21,0.62,77.22,0.22,4.09,127.89,0.0,0.01,3,3,1,slow_down,Unknown,0.34001922566958365,observed,236,2
2,217,1.5816869999980554,147.03882899993914,11.23,36.66,0.61,90.13,0.38,6.06,145.21,0.0,0.01,3,3,0,cruise,Unknown,0.2731569875364625,observed,237,2
2,218,1.6186319999178522,134.81142799992085,11.7,38.15,0.64,78.69,0.15,3.59,133.01,0.0,0.01,3,3,0,cruise,Unknown,0.2549804428533545,observed,238,2
2,219,1.6685620003045187,128.33234300023832,11.4,35.4,0.58,75.47,0.21,3.35,126.52,0.0,0.01,3,3,0,cruise,Unknown,0.3106669318483161,observed,239,2
2,220,1.2758799998664472,133.2539220002218,10.47,37.48,0.65,79.34,0.18,3.62,131.84,0.0,0.01,3,3,0,cruise,Unknown,0.3144325112702201,observed,240,2
2,221,1.4814900000601483,128.9521359999526,12.19,34.47,0.69,76.05,0.21,3.62,127.35,0.0,0.03,3,3,2,slow_down,Unknown,0.283838835852559,observed,241,2
2,222,1.3016530001550564,186.13964299993313,11.71,46.35,0.5,119.41,0.3,6.22,184.64,0.0,0.01,3,3,2,slow_down,Unknown,0.28843973747016705,observed,242,2
2,223,3.113267000117048,202.31524400014678,19.25,52.31,0.79,121.04,0.3,5.18,199.0,0.0,0.01,4,4,0,cruise,Unknown,0.23092680986475736,observed,243,2
2,224,1.4852539998173597,231.25570100000914,14.48,52.74,0.87,153.98,0.3,7.04,229.56,0.0,0.01,3,3,0,cruise,Unknown,0.25875762397242114,observed,244,2
2,225,1.6792440001154318,195.98093300010078,13.53,56.16,0.85,116.95,0.3,6.18,194.13,0.0,0.01,4,3,1,slow_down,Unknown,0.28215824714929727,observed,245,2
2,226,1.2492360001488123,203.50079699983326,16.36,58.53,0.83,119.65,0.25,6.24,202.0,0.0,0.01,4,3,1,slow_down,Unknown,0.27456245027844073,observed,246,2
2,227,1.6451910000796488,207.10108599996602,13.62,57.32,0.81,126.68,0.25,6.45,205.28,0.0,0.01,3,3,0,cruise,Unknown,0.27096095200212145,observed,247,2
2,228,3.0676720002702496,197.27966800019203,15.54,53.63,0.85,117.93,0.22,5.72,194.03,0.0,0.01,3,3,0,cruise,Unknown,0.27039909838239196,observed,248,2
2,229,3.3489699999336153,218.28822199995557,15.38,63.99,0.95,128.0,0.26,6.06,214.76,0.0,0.01,4,4,0,cruise,Unknown,0.26768595863166267,observed,249,2
2,230,1.753515000018524,214.79681899973002,14.15,64.61,0.83,125.79,0.32,6.9,212.8,0.0,0.02,3,3,0,cruise,Unknown,0.25674058605144523,observed,250,2
2,231,1.4409710001928033,213.67061899991313,17.09,57.1,0.79,130.06,0.37,6.44,212.02,0.0,0.02,4,4,0,cruise,Unknown,0.27644192521877486,observed,251,2
2,232,1.4780200003770005,213.8819480001075,19.23,55.85,1.16,128.7,0.28,6.83,212.2,0.0,0.02,4,4,0,cruise,Unknown,0.27033943251127024,observed,252,2
2,233,3.974739000113914,211.31790200024625,16.43,61.59,0.82,121.13,0.26,6.77,207.16,0.0,0.01,4,4,0,cruise,Unknown,0.21491978255104746,observed,253,2
2,234,2.473782999913965,205.96842499980994,14.8,54.63,0.77,124.9,0.34,7.69,203.29,0.0,0.02,4,4,0,cruise,Unknown,0.231798594537258,observed,254,2
2,235,3.944846000194957,242.34702100011418,22.91,73.82,1.01,133.33,0.31,6.35,238.14,0.0,0.02,3,3,0,cruise,Unknown,0.23301843012463538,observed,255,2
2,236,1.5475300001526193,207.04741500003365,17.37,57.33,1.39,124.52,0.25,4.34,205.34,0.0,0.02,3,3,0,cruise,Unknown,0.23802704852824186,observed,256,2
2,237,1.4933030001884617,134.13259300023128,11.56,39.61,0.65,76.44,0.17,3.95,132.49,0.0,0.01,3,3,0,cruise,Unknown,0.3052605409705648,observed,257,2
2,238,1.3379900001382339,130.070639999758,11.0,35.21,0.62,77.71,0.17,3.77,128.58,0.0,0.01,3,3,0,cruise,Unknown,0.2890015910898966,observed,258,2
2,239,1.4688680003018817,131.6968910000469,10.64,36.18,0.62,77.38,0.24,4.9,130.08,0.0,0.01,3,3,0,cruise,Unknown,0.2157998541500928,observed,259,2
2,240,1.4293610001914203,130.37242600012178,13.27,35.5,0.51,75.48,0.15,3.78,128.81,0.0,0.01,3,3,0,cruise,Unknown,0.23538186157517899,observed,260,2
2,241,1.5662289997635526,135.88964099972145,11.09,36.48,0.6,79.29,0.32,6.24,134.15,0.0,0.01,4,3,0,cruise,Unknown,0.30300318217979316,observed,261,2
2,242,1.5394550000564777,141.6427270000895,16.4,39.61,0.89,78.89,0.16,3.88,139.95,0.0,0.01,3,2,0,cruise,Unknown,0.30544616812516573,observed,262,2
2,243,1.5461230000255455,139.13385200021366,11.81,37.23,1.07,83.24,0.19,3.8,137.44,0.0,0.01,3,3,0,cruise,Unknown,0.3045213471227791,observed,263,2
2,244,1.5624100001332408,150.65760500010583,11.41,38.87,0.62,93.57,0.24,4.02,148.84,0.0,0.01,3,3,0,cruise,Unknown,0.3030230708035004,observed,264,2
2,245,1.5910380002424063,149.4372260003729,11.88,41.23,0.68,89.47,0.25,4.07,147.69,0.0,0.01,3,3,0,cruise,Unknown,0.33568682047202336,observed,265,2
2,246,1.5530230002696044,139.52040100002705,10.82,37.81,0.63,84.57,0.19,3.62,137.74,0.0,0.01,3,3,0,cruise,Unknown,0.3359801776717051,observed,266,2
2,247,1.587903999734408,147.87648899982742,15.55,37.51,0.93,87.27,0.25,4.52,146.14,0.0,0.01,3,3,0,cruise,Unknown,0.34005568814638026,observed,267,2
2,248,1.4920700000402576,144.3571790000533,12.12,38.64,0.68,86.53,0.22,4.4,142.71,0.0,0.01,3,3,1,slow_down,Unknown,0.3381165473349244,observed,268,2
2,249,1.5917519999675278,159.6322489999693,13.43,56.53,1.14,82.3,0.2,4.1,157.82,0.0,0.01,4,4,2,slow_down,Unknown,0.34367044550517106,observed,269,2
2,250,1.4219650001905393,135.49520900005518,11.23,38.16,0.69,79.41,0.19,4.11,133.89,0.0,0.01,4,4,2,slow_down,Unknown,0.342364425881729,observed,270,2
2,251,1.4743349997843325,134.11642299979576,11.79,36.33,0.7,79.22,0.2,4.12,132.48,0.0,0.01,4,4,0,cruise,Unknown,0.3365138557411827,observed,271,2
2,252,1.4559989999725076,136.8522929997198,11.67,37.71,0.75,80.5,0.23,4.26,135.23,0.0,0.01,4,4,0,cruise,Unknown,0.3360464730840626,observed,272,2
2,253,1.5098720000423782,144.50238900008117,12.55,39.3,0.7,84.78,0.23,5.13,142.82,0.0,0.01,3,3,0,cruise,Unknown,0.3347586846990188,observed,273,2
2,254,1.492343999871082,141.03580399978455,15.76,39.11,0.93,79.04,0.19,4.24,139.38,0.0,0.01,3,3,0,cruise,Unknown,0.3336482365420313,observed,274,2
2,255,1.5037309999570425,132.40331099996183,11.43,36.93,0.7,77.38,0.19,4.0,130.73,0.0,0.01,5,5,0,cruise,Unknown,0.3057063776186688,observed,275,2
2,256,1.6514320000169391,151.52962299998762,11.31,37.36,0.79,95.77,0.22,4.12,149.68,0.0,0.01,5,5,0,cruise,Unknown,0.30183638292230175,observed,276,2
2,257,1.5816670002095634,143.5344010001245,11.88,36.97,0.64,87.85,0.23,4.08,141.79,0.0,0.01,2,2,0,cruise,Unknown,0.31823786793953857,observed,277,2
2,258,1.4077979999456147,135.67148899983295,11.96,38.65,0.48,78.87,0.19,3.85,134.11,0.0,0.01,2,2,0,cruise,Unknown,0.3220382524529303,observed,278,2
2,259,1.484707999679813,138.79945400003635,12.21,39.41,0.69,80.69,0.19,3.84,137.14,0.0,0.01,4,4,0,cruise,Unknown,0.27068085388491114,observed,279,2
2,260,1.353636999738228,130.53872499995123,11.66,35.82,0.58,76.68,0.2,3.99,129.04,0.0,0.01,4,4,0,cruise,Unknown,0.27266971625563513,observed,280,2
2,261,1.5103289997568936,148.76379999986966,12.06,43.12,0.72,86.65,0.22,4.2,147.08,0.0,0.01,4,4,0,cruise,Unknown,0.2824549191195969,observed,281,2
2,262,1.4319819997581362,132.78358199977447,10.94,37.62,0.61,77.82,0.21,3.86,131.17,0.0,0.01,4,4,0,cruise,Unknown,0.2838056881463803,observed,282,2
2,263,1.5097479999894858,184.09039799962557,11.09,40.68,0.74,124.98,0.21,4.48,182.31,0.0,0.02,5,5,0,cruise,Unknown,0.21268396976929196,observed,283,2
2,264,1.9685840002239274,139.38008900004206,11.35,37.02,0.74,83.85,0.2,3.97,137.24,0.0,0.01,4,4,0,cruise,Unknown,0.21386900026518166,observed,284,2
2,265,3.6822639999627427,135.2107799998521,11.31,36.2,0.63,79.89,0.19,3.03,131.35,0.0,0.01,4,4,0,cruise,Unknown,0.11862569610182976,observed,285,2
2,266,1.7151259999081958,138.8410549998298,10.65,37.0,1.03,84.81,0.2,3.18,136.96,0.0,0.01,4,4,0,cruise,Unknown,0.13397639883320075,observed,286,2
2,267,1.2348069999461586,134.82505299998593,11.47,35.76,0.55,81.81,0.14,3.59,133.44,0.0,0.01,4,4,0,cruise,Unknown,0.27414313179527977,observed,287,2
2,268,2.016149000155565,137.58433800012426,11.47,36.21,0.82,83.08,0.15,3.59,135.43,0.0,0.01,4,4,0,cruise,Unknown,0.26904004242906393,observed,288,2
2,269,1.4907370000400988,134.01448200011146,10.87,34.99,0.69,81.47,0.2,3.93,132.27,0.0,0.01,4,4,0,cruise,Unknown,0.25799854150092816,observed,289,2
2,270,1.3061989998277568,148.49224799991134,10.38,38.9,0.54,91.13,0.31,5.57,146.95,0.0,0.01,4,4,0,cruise,Unknown,0.2755336780694776,observed,290,2
2,271,1.59402899998895,151.17205400019884,15.7,45.04,1.09,83.6,0.17,3.72,149.43,0.0,0.01,6,5,0,cruise,Unknown,0.25370922832140014,observed,291,2
2,272,1.2850129996877513,136.93234299989854,10.6,37.21,0.73,83.13,0.21,3.53,135.5,0.0,0.01,5,4,0,cruise,Unknown,0.2487287854680456,observed,292,2
2,273,1.5478220002478338,135.08242500029155,11.73,35.3,0.87,81.69,0.19,3.48,133.37,0.0,0.01,5,5,0,cruise,Unknown,0.24970167064439142,observed,293,2
2,274,1.4209710002432985,134.86877300010747,11.3,35.92,0.72,81.76,0.14,3.36,133.3,0.0,0.01,5,5,0,cruise,Unknown,0.23921870856536728,observed,294,2
2,275,1.387437999710528,137.45487000005596,11.08,39.13,0.69,81.09,0.15,3.67,135.91,0.0,0.01,4,4,1,slow_down,Unknown,0.2514684433837178,observed,295,2
2,276,1.383651999731228,134.6269509999729,11.24,36.66,0.55,80.84,0.15,3.57,133.1,0.0,0.01,4,4,1,slow_down,Unknown,0.2529402015380536,observed,296,2
2,277,1.502449000327033,135.376947000168,10.56,34.31,0.75,84.02,0.17,3.83,133.74,0.0,0.01,5,5,1,slow_down,Unknown,0.26059234950941396,observed,297,2
2,278,1.3092250001136563,148.08023899968248,10.35,36.31,0.54,95.13,0.32,3.87,146.63,0.0,0.01,4,4,1,slow_down,Unknown,0.265219769291965,observed,298,2
2,279,1.5009429998826818,138.48618099973464,11.16,36.56,0.65,83.94,0.18,4.18,136.8,0.0,0.01,5,4,0,cruise,Unknown,0.25188776186687883,observed,299,2
2,280,1.4172469996083237,149.3709459996353,11.39,36.14,0.63,94.85,0.25,4.41,147.79,0.0,0.01,5,4,0,cruise,Unknown,0.2539777247414479,observed,300,2
2,281,1.5544730003966833,138.15281200004392,11.47,37.41,0.73,82.13,0.22,4.34,136.42,0.0,0.01,4,4,0,cruise,Unknown,0.29051975603288255,observed,301,2
2,282,1.6890710003281129,134.9173910002719,12.01,38.47,0.79,78.04,0.15,3.47,133.06,0.0,0.01,4,4,0,cruise,Unknown,0.2889038053566693,observed,302,2
2,283,1.4736360003553273,132.84417500017298,11.1,38.04,0.9,77.26,0.17,3.66,131.24,0.0,0.03,4,4,0,cruise,Unknown,0.29111309997348184,observed,303,2
2,284,1.3091400001030706,133.76304799976424,10.72,35.52,0.72,81.04,0.19,3.98,132.31,0.0,0.01,4,4,0,cruise,Unknown,0.29117276584460355,observed,304,2
2,285,1.6634280000289436,150.87707399970895,11.18,38.17,0.91,91.23,0.32,7.07,149.01,0.0,0.01,4,4,0,cruise,Unknown,0.283683041633519,observed,305,2
2,286,1.3689200000044366,144.76356200020746,17.13,44.03,1.26,76.65,0.22,3.81,143.22,0.0,0.01,4,4,0,cruise,Unknown,0.27771313975072925,observed,306,2
2,287,1.6791630000625446,133.9410109999335,10.91,36.91,0.67,79.19,0.18,4.08,132.04,0.0,0.01,3,3,0,cruise,Unknown,0.2781042826836383,observed,307,2
2,288,1.3942610003141453,136.4890730001207,11.25,37.84,0.66,80.84,0.21,4.04,134.95,0.0,0.01,3,3,0,cruise,Unknown,0.276673959162026,observed,308,2
2,289,1.4245570000639418,141.19028599998273,11.16,37.56,0.62,85.21,0.21,4.74,139.61,0.0,0.01,3,3,0,cruise,Unknown,0.2930920180323522,observed,309,2
2,290,1.5852940000513627,130.89385800003583,11.62,36.19,0.71,76.41,0.23,3.84,129.14,0.0,0.01,4,4,0,cruise,Unknown,0.30270816759480246,observed,310,2
2,291,1.7066030000023602,130.41098899975623,10.78,35.55,0.59,77.19,0.31,4.02,128.56,0.0,0.01,4,4,0,cruise,Unknown,0.2746469769291965,observed,311,2
2,292,1.4422950002881407,137.6457589999518,11.7,37.0,0.93,82.22,0.19,3.91,136.06,0.0,0.01,4,4,0,cruise,Unknown,0.2719868735083532,observed,312,2
2,293,1.4832150000074762,148.55300599992916,11.28,36.97,0.7,93.76,0.19,3.92,146.92,0.0,0.01,4,4,0,cruise,Unknown,0.29034904534606204,observed,313,2
2,294,1.3808590001644916,131.40841000040382,10.77,36.55,0.68,77.49,0.19,4.07,129.88,0.0,0.03,4,4,0,cruise,Unknown,0.2932842747281888,observed,314,2
2,295,1.3822199998685392,131.30977199989502,11.19,37.07,0.77,76.82,0.15,3.67,129.75,0.0,0.01,4,4,0,cruise,Unknown,0.3162738663484487,observed,315,2
2,296,1.489114000378322,131.45305400030338,11.88,36.75,0.64,76.1,0.14,4.16,129.78,0.0,0.01,4,4,0,cruise,Unknown,0.31386071333863697,observed,316,2
2,297,1.5724590002719196,137.19226000011986,14.45,37.11,0.8,78.77,0.15,4.1,135.49,0.0,0.01,4,4,0,cruise,Unknown,0.30067952797666403,observed,317,2
2,298,1.3713480002479628,135.1434739999604,10.98,36.97,0.79,80.54,0.15,4.08,133.62,0.0,0.01,4,4,0,cruise,Unknown,0.30333300185627154,observed,318,2
2,299,1.516847999937454,136.12893999970765,10.12,35.41,0.58,83.84,0.18,4.23,134.47,0.0,0.01,3,3,1,slow_down,Unknown,0.31524960222752585,observed,319,2
2,300,1.54458999986673,137.33980300003168,11.73,41.54,0.62,77.14,0.51,4.0,135.65,0.0,0.01,3,3,1,slow_down,Unknown,0.31330383187483424,observed,320,2
2,301,1.5844700001252932,148.60642199982976,11.15,51.8,0.66,78.75,0.19,4.2,146.87,0.0,0.01,4,4,1,slow_down,Unknown,0.2616249005568815,observed,321,2
2,302,1.3904279999223945,131.02405000017825,11.13,36.41,0.64,77.2,0.16,3.87,129.49,0.0,0.01,4,4,1,slow_down,Unknown,0.26072991249005567,observed,322,2
2,303,1.3181690001147217,129.5539450002252,10.16,36.5,0.62,76.57,0.16,3.93,128.03,0.0,0.01,3,3,0,cruise,Unknown,0.2546837708830549,observed,323,2
2,304,1.409266999871761,133.56029900023714,10.95,36.72,0.55,79.87,0.18,3.62,132.02,0.0,0.01,3,3,0,cruise,Unknown,0.2659158711217184,observed,324,2
2,305,1.5759920001983119,132.69939600013458,11.46,36.15,0.6,78.0,0.17,4.44,130.96,0.0,0.01,3,3,0,cruise,Unknown,0.2824184566428003,observed,325,2
2,306,1.4812179997534258,147.83151199981148,17.31,46.73,0.88,77.47,0.14,3.57,146.22,0.0,0.01,3,3,0,cruise,Unknown,0.2854498143728454,observed,326,2
2,307,1.5533379996668373,146.1254809996717,10.96,40.27,0.63,87.67,0.21,4.59,144.43,0.0,0.01,3,3,0,cruise,Unknown,0.2884347653142403,observed,327,2
2,308,1.6428939998149872,188.45323100003952,11.67,43.47,0.64,123.31,0.3,7.09,186.62,0.0,0.01,3,3,0,cruise,Unknown,0.2879541235746486,observed,328,2
2,309,2.946181999959663,211.787120000281,19.99,60.0,0.88,120.49,0.26,6.89,208.64,0.0,0.01,3,3,1,slow_down,Unknown,0.2605708035003978,observed,329,2
2,310,1.4449170002990286,195.23704399989583,13.82,55.37,0.87,117.01,0.26,6.12,193.63,0.0,0.01,3,3,1,slow_down,Unknown,0.26393363829223015,observed,330,2
2,311,1.40691299975515,194.91110199987816,15.19,53.09,0.84,116.75,0.27,7.04,193.34,0.0,0.01,3,3,0,cruise,Unknown,0.27635076902678335,observed,331,2
2,312,1.556625999910466,193.80061699985163,13.75,55.57,0.66,115.05,0.26,6.36,191.8,0.0,0.01,3,3,0,cruise,Unknown,0.2840294351630867,observed,332,2
2,313,3.5944809997090488,211.57117399980052,16.85,59.99,0.78,122.62,0.2,7.21,207.77,0.0,0.01,3,3,0,cruise,Unknown,0.3052373375762397,observed,333,2
2,314,1.4576539997506188,200.43488400006026,13.49,54.04,0.78,123.15,0.29,6.86,198.79,0.0,0.03,3,3,0,cruise,Unknown,0.30516109785202866,observed,334,2
2,315,3.849461000299925,195.0732320001407,13.31,53.27,0.87,117.1,0.27,6.07,191.02,0.0,0.01,3,3,0,cruise,Unknown,0.33043953858393,observed,335,2
2,316,1.4040710002518608,195.67948900021293,13.32,54.37,0.79,118.25,0.24,7.01,194.12,0.0,0.01,3,3,0,cruise,Unknown,0.33161462476796605,observed,336,2
2,317,5.228991999956634,200.80999799984056,13.3,55.38,0.66,118.02,0.32,7.51,195.36,0.0,0.01,3,3,0,cruise,Unknown,0.2843227923627685,observed,337,2
2,318,1.4136989998405625,207.48046599965164,17.97,60.67,1.76,117.92,0.25,7.16,205.88,0.0,0.02,3,3,0,cruise,Unknown,0.2784573057544418,observed,338,2
2,319,1.7884760000015376,214.6500400003788,22.62,61.78,0.86,121.42,0.31,5.33,212.66,0.0,0.01,3,3,1,slow_down,Unknown,0.32444974807743304,observed,339,2
2,320,1.443866000045091,200.39869700030977,13.84,58.33,0.63,119.51,0.3,6.03,198.79,0.0,0.02,3,3,1,slow_down,Unknown,0.3243337311058075,observed,340,2
2,321,3.5037810002904735,221.97600100025738,14.73,56.87,0.9,135.66,0.2,9.73,218.26,0.0,0.02,3,3,3,slow_down,Unknown,0.34081477061787324,observed,341,2
2,322,1.7927930002770154,211.33998000004794,19.97,57.74,1.13,122.91,0.26,7.14,209.32,0.0,0.02,3,3,3,slow_down,Unknown,0.34153076107133384,observed,342,2
2,323,1.8530429997554165,165.9626959999514,15.39,60.04,0.88,83.04,0.2,4.26,163.97,0.0,0.01,3,3,1,slow_down,Unknown,0.33065499867409176,observed,343,2
2,324,1.5226330001496535,146.1114759999873,11.43,38.36,0.62,89.45,0.22,4.25,144.44,0.0,0.02,3,3,1,slow_down,Unknown,0.33057544417926277,observed,344,2
2,325,1.199016000100528,133.46797900021556,12.01,36.1,0.62,79.04,0.2,4.01,132.08,0.0,0.01,3,3,1,slow_down,Unknown,0.329786528772209,observed,345,2
2,326,2.1489400000973546,128.61341600000742,9.77,36.02,0.49,75.48,0.3,4.15,126.32,0.0,0.01,3,3,1,slow_down,Unknown,0.3316643463272342,observed,346,2
2,327,1.3911450000705372,130.3502490000028,10.9,36.32,0.63,76.39,0.34,4.12,128.82,0.0,0.01,3,3,0,cruise,Unknown,0.302719769291965,observed,347,2
2,328,1.4412320001611079,133.42240900010438,11.32,38.0,0.48,77.84,0.25,3.84,131.83,0.0,0.01,3,3,0,cruise,Unknown,0.2996668655529037,observed,348,2
2,329,1.5001130000200646,132.21216700003424,11.23,36.4,0.6,77.8,0.24,4.15,130.53,0.0,0.01,3,3,0,cruise,Unknown,0.2742624635375232,observed,349,2
2,330,1.5756439997858251,152.57808599972122,10.44,38.7,0.65,96.46,0.21,4.25,150.84,0.0,0.03,3,3,0,cruise,Unknown,0.2742392601431981,observed,350,2
2,331,1.4353480000863783,146.16793599998346,10.91,35.94,0.52,89.01,0.37,7.62,144.53,0.0,0.01,3,3,1,slow_down,Unknown,0.27818383717846723,observed,351,2
2,332,1.5565779999633378,143.63945200011585,17.48,39.12,0.89,80.18,0.16,3.97,141.92,0.0,0.01,3,3,1,slow_down,Unknown,0.27641043489790507,observed,352,2
2,333,1.591467000253033,138.85217000006378,10.88,42.89,0.53,78.4,0.2,4.1,137.12,0.0,0.01,3,3,1,slow_down,Unknown,0.22312715460090163,observed,353,2
2,334,1.4111010000306123,129.97644500001115,11.01,35.89,0.44,76.83,0.17,3.96,128.41,0.0,0.01,3,3,1,slow_down,Unknown,0.22816063378414214,observed,354,2
2,335,1.4265710001382104,133.88170300004276,10.58,37.19,0.57,79.49,0.18,4.19,132.32,0.0,0.02,3,3,1,slow_down,Unknown,0.30397109520021215,observed,355,2
2,336,1.3704190000680683,131.2128780000421,11.59,35.76,0.52,77.8,0.21,3.72,129.69,0.0,0.01,3,3,1,slow_down,Unknown,0.31227625298329353,observed,356,2
2,337,1.4892919998601428,131.5297789997203,11.52,36.51,0.54,77.46,0.2,3.55,129.91,0.0,0.01,3,3,0,cruise,Unknown,0.27390612569610184,observed,357,2
2,338,1.3849440001649782,130.5033089997778,12.33,35.74,0.51,76.37,0.21,3.71,128.97,0.0,0.01,3,3,0,cruise,Unknown,0.2779435163086714,observed,358,2
2,339,1.537243000257149,141.8203690000155,11.46,35.39,0.45,88.8,0.21,3.72,140.14,0.0,0.01,2,2,0,cruise,Unknown,0.32583532219570405,observed,359,2
2,340,1.5716130001237616,132.8606619999846,11.27,36.89,0.41,78.11,0.24,4.11,131.14,0.0,0.01,2,2,0,cruise,Unknown,0.31266076637496687,observed,360,2
2,341,1.5329890002249158,128.28093400003127,11.08,35.81,0.51,74.95,0.18,3.93,126.57,0.0,0.01,3,3,0,cruise,Unknown,0.3069212410501193,observed,361,2
2,342,1.4138179999463318,136.00538899981984,11.36,36.74,0.67,81.36,0.19,4.01,134.44,0.0,0.01,3,3,0,cruise,Unknown,0.31127684964200475,observed,362,2
2,343,1.6041180001593602,137.25922499997978,11.02,36.0,0.52,83.89,0.2,3.8,135.53,0.0,0.01,2,2,0,cruise,Unknown,0.3109934367541766,observed,363,2
2,344,1.3583179998022388,136.03959300007773,11.67,39.48,0.41,78.72,0.21,3.94,134.53,0.0,0.01,2,2,0,cruise,Unknown,0.2969255502519226,observed,364,2
2,345,1.6754839998611715,130.296584000007,11.44,35.94,0.6,76.24,0.17,3.94,128.46,0.0,0.01,2,2,0,cruise,Unknown,0.3527562317687616,observed,365,2
2,346,1.3894580001760914,138.10180300015418,11.35,36.06,0.52,84.22,0.2,4.09,136.57,0.0,0.01,2,2,0,cruise,Unknown,0.3516242376027579,observed,366,2
2,347,1.5292799998860573,157.49638199986293,12.59,44.83,0.63,92.9,0.23,4.46,155.8,0.0,0.02,2,2,0,cruise,Unknown,0.2969504110315566,observed,367,2
2,348,1.5730109998912667,127.83905600008438,11.87,35.41,0.52,74.26,0.18,3.74,126.08,0.0,0.01,2,2,0,cruise,Unknown,0.3163782816229117,observed,368,2
2,349,1.3525899998967361,125.06027499966876,10.16,35.08,0.54,73.69,0.16,3.87,123.59,0.0,0.01,3,2,0,cruise,Unknown,0.3243619066560594,observed,369,2
2,350,1.538815000003524,126.85711499989338,10.58,34.76,0.55,75.46,0.16,3.55,125.18,0.0,0.01,3,2,0,cruise,Unknown,0.3113099973481835,observed,370,2
2,351,1.4347850001286133,128.45505899986165,11.15,35.19,0.52,76.56,0.21,3.18,126.91,0.0,0.01,2,1,0,cruise,Unknown,0.16493138424821002,observed,371,2
2,352,1.2659169997277786,128.79402499993375,10.58,37.26,0.47,75.69,0.19,3.1,127.39,0.0,0.01,2,1,0,cruise,Unknown,0.16968145054362238,observed,372,2
2,353,1.334844999746565,127.2848199996588,10.38,35.29,0.47,75.97,0.19,3.43,125.82,0.0,0.01,2,2,0,cruise,Unknown,0.1997729382126757,observed,373,2
2,354,1.3934749999862106,127.58816199993817,10.67,36.58,0.61,74.59,0.15,3.34,126.06,0.0,0.01,2,2,0,cruise,Unknown,0.18958333333333333,observed,374,2
2,355,1.4529400000355963,149.19818899988968,10.68,43.07,0.49,89.01,0.21,4.03,147.62,0.0,0.02,1,1,0,cruise,Unknown,0.2612917661097852,observed,375,2
2,356,1.4531390002048283,136.82605300027717,11.77,37.21,0.47,81.52,0.19,3.96,135.22,0.0,0.01,1,1,0,cruise,Unknown,0.2645866481039512,observed,376,2
2,357,1.5267870003299322,128.57699899996078,11.56,36.31,0.46,74.5,0.19,3.78,126.89,0.0,0.01,1,1,0,cruise,Unknown,0.34950444179262796,observed,377,2
2,358,1.4365650004037889,128.9102850000745,10.58,36.1,0.37,75.91,0.19,4.11,127.36,0.0,0.01,1,1,0,cruise,Unknown,0.3477658446035534,observed,378,2
2,359,1.5897939997557842,132.8094969999256,10.53,39.08,0.42,76.79,0.17,3.98,131.1,0.0,0.02,1,1,0,cruise,Unknown,0.2528457305754442,observed,379,2
2,360,1.3531059998967976,130.49474799981908,11.37,36.52,0.55,76.64,0.17,3.66,129.01,0.0,0.01,1,1,0,cruise,Unknown,0.2510474675152479,observed,380,2
2,361,1.4673589998892567,127.52717499961364,10.9,35.92,0.4,74.71,0.18,3.73,125.94,0.0,0.01,1,1,0,cruise,Unknown,0.28973249801113765,observed,381,2
2,362,1.5619649998370733,128.6084309999751,10.52,35.48,0.39,76.32,0.19,3.91,126.92,0.0,0.01,1,1,0,cruise,Unknown,0.2877535799522673,observed,382,2
2,363,1.4147920001050807,146.8710240001201,15.72,51.08,0.61,75.53,0.14,2.01,145.25,0.0,0.01,1,1,0,cruise,Unknown,0.05699582338902148,observed,383,2
2,364,1.2583769998855132,131.5162880000571,11.37,35.46,0.39,80.28,0.18,2.32,130.12,0.0,0.02,1,1,0,cruise,Unknown,0.05608426146910634,observed,384,2
2,365,1.6536860002815956,132.9981920002865,10.25,35.06,0.39,82.84,0.27,2.29,131.22,0.0,0.01,1,1,1,slow_down,Unknown,0.03198587907716786,observed,385,2
2,366,1.544448000004195,133.69597299970337,11.03,35.41,0.34,82.88,0.17,2.11,132.03,0.0,0.01,1,1,1,slow_down,Unknown,0.041406457173163616,observed,386,2
2,367,1.4094099997237208,126.18462499995076,10.62,36.23,0.46,74.08,0.21,2.96,124.65,0.0,0.01,1,1,0,cruise,Unknown,0.09277877220896313,observed,387,2
2,368,1.5371219997177832,126.72414400003618,10.83,35.26,0.37,75.3,0.18,3.03,125.07,0.0,0.01,1,1,0,cruise,Unknown,0.09407816229116946,observed,388,2
2,369,1.5567320001537155,123.13085200003115,10.56,34.35,0.41,73.31,0.2,2.52,121.45,0.0,0.01,1,1,0,cruise,Unknown,0.07934234950941395,observed,389,2
2,370,1.3250860001789988,126.32669899994653,10.0,34.48,0.42,75.12,0.43,4.18,124.77,0.0,0.01,1,1,0,cruise,Unknown,0.07481934500132591,observed,390,2
2,371,1.759934999881807,138.34271799987619,17.36,40.35,0.57,75.37,0.27,2.35,136.39,0.0,0.01,1,1,0,cruise,Unknown,0.038350238663484484,observed,391,2
2,372,1.393806999658409,129.1918829997485,11.33,35.95,0.43,77.44,0.2,2.21,127.67,0.0,0.01,1,1,0,cruise,Unknown,0.0386402810925484,observed,392,2
2,373,1.5091280001797713,126.24783899991598,10.59,37.05,0.42,74.27,0.18,2.0,124.62,0.0,0.01,1,1,0,cruise,Unknown,0.03938776186687881,observed,393,2
2,374,1.3227130002633203,126.85312100029478,10.99,35.75,0.33,76.05,0.15,2.05,125.41,0.0,0.01,1,1,0,cruise,Unknown,0.04534937682312384,observed,394,2
2,375,1.6969159996733651,130.33228399990548,11.43,36.86,0.39,76.79,0.16,2.76,128.51,0.0,0.01,1,1,0,cruise,Unknown,0.10036793953858393,observed,395,2
2,376,1.453503999982786,126.33912399996916,10.08,35.44,0.45,75.97,0.17,2.57,124.77,0.0,0.01,1,1,0,cruise,Unknown,0.09776087244762663,observed,396,2
2,377,1.2249749997863546,125.78246399971249,10.55,36.19,0.35,74.37,0.15,2.73,124.44,0.0,0.02,1,1,0,cruise,Unknown,0.07741315300981172,observed,397,2
2,378,1.447897999696579,133.87036099993566,10.32,34.77,0.38,81.95,0.31,4.41,132.25,0.0,0.01,1,1,0,cruise,Unknown,0.0905545611243702,observed,398,2
2,379,1.4756599998690945,142.61648899991997,15.81,43.63,0.55,77.36,0.17,3.36,140.99,0.0,0.01,1,1,0,cruise,Unknown,0.15744000265181649,observed,399,2
2,380,1.5410930000143708,127.67520900024465,11.28,34.69,0.39,76.02,0.27,3.23,126.01,0.0,0.02,1,1,0,cruise,Unknown,0.1609287987271281,observed,400,2
2,381,1.38246500000605,126.12018000027092,10.67,35.35,0.41,75.32,0.28,2.47,124.61,0.0,0.01,1,1,0,cruise,Unknown,0.05678533545478653,observed,401,2
2,382,1.299850000123115,128.9610819999325,10.32,36.79,0.38,77.11,0.18,2.64,127.53,0.0,0.01,1,1,0,cruise,Unknown,0.059273070803500395,observed,402,2
2,383,1.6374350002479332,126.00105600040479,10.21,35.77,0.36,76.0,0.17,1.64,124.24,0.0,0.01,1,1,0,cruise,Unknown,0.028848448687350835,observed,403,2
2,384,1.4831399998911365,130.37317999987863,11.01,35.63,0.38,79.17,0.23,2.19,128.74,0.0,0.01,1,1,0,cruise,Unknown,0.02833631662688942,observed,404,2
2,385,1.4612109998779488,128.75820999988719,11.73,35.52,0.37,77.29,0.17,1.99,127.18,0.0,0.01,1,1,0,cruise,Unknown,0.04650125961283479,observed,405,2
2,386,1.367704000131198,139.3433080002069,10.87,38.96,0.35,83.93,0.27,3.31,137.81,0.0,0.01,1,1,0,cruise,Unknown,0.047558671439936355,observed,406,2
2,387,1.4563260001523304,162.57534499982285,17.61,56.57,0.42,82.72,0.17,3.4,161.0,0.0,0.01,1,1,0,cruise,Unknown,0.1343178202068417,observed,407,2
2,388,1.3102390003041364,128.32137400027932,10.07,36.74,0.32,76.34,0.21,3.06,126.88,0.0,0.01,1,1,0,cruise,Unknown,0.12403705913550782,observed,408,2
2,389,1.5015349999885075,130.10536999991018,11.01,35.59,0.34,77.79,0.2,3.47,128.48,0.0,0.01,1,1,0,cruise,Unknown,0.28053566693184834,observed,409,2
2,390,1.399419999870588,134.94618899994748,11.49,40.63,0.4,77.14,0.18,3.47,133.42,0.0,0.01,1,1,0,cruise,Unknown,0.2780462741978255,observed,410,2
2,391,1.4817440001024806,128.15836400022818,10.97,35.68,0.07,76.05,0.16,3.52,126.55,0.0,0.01,0,0,0,cruise,Unknown,0.2860729912490056,observed,411,2
2,392,1.5107909998732794,127.22962699990603,9.55,35.38,0.07,77.09,0.18,3.21,125.6,0.0,0.02,0,0,0,cruise,Unknown,0.28888557411827104,observed,412,2
2,393,1.3626350000777165,127.65048300025228,9.59,36.38,0.07,76.08,0.19,3.76,126.16,0.0,0.01,0,0,1,slow_down,Unknown,0.28865685494563775,observed,413,2
2,394,1.3794320002489258,139.20236900003147,10.46,36.22,0.08,87.0,0.19,3.66,137.7,0.0,0.01,0,0,1,slow_down,Unknown,0.28791766109785205,observed,414,2
2,395,1.5420349996020377,130.29770200000712,11.39,36.69,0.09,76.95,0.16,3.26,128.64,0.0,0.01,0,0,1,slow_down,Unknown,0.23774032086979582,observed,415,2
2,396,1.3205109999034903,127.85367799961023,10.06,35.07,0.07,77.35,0.19,3.59,126.42,0.0,0.01,0,0,1,slow_down,Unknown,0.23979713603818617,observed,416,2
2,397,1.69892699977936,130.3743159996884,10.32,35.01,0.3,78.94,0.19,3.68,128.54,0.0,0.01,1,1,0,cruise,Unknown,0.24855973216653407,observed,417,2
2,398,1.4082449997658841,163.93495200009056,11.05,36.02,0.35,107.54,0.39,6.81,162.34,0.0,0.01,1,1,0,cruise,Unknown,0.25211979581012994,observed,418,2
2,399,1.6006490000108897,200.16696400034562,21.9,55.5,0.6,113.72,0.27,6.27,198.41,0.0,0.01,1,1,2,slow_down,Unknown,0.25274131530098115,observed,419,2
2,400,1.4883600001667219,191.76334500025405,13.55,53.31,0.38,116.78,0.37,5.58,190.13,0.0,0.01,1,1,2,slow_down,Unknown,0.2497066428003182,observed,420,2
2,401,3.1745639998916886,217.12403899982746,16.88,66.16,0.1,124.26,0.34,5.94,213.81,0.0,0.01,0,0,1,slow_down,Unknown,0.3109122248740387,observed,421,2
2,402,1.3735999996242754,200.45650599968212,13.13,59.59,0.12,119.13,0.32,6.49,198.94,0.0,0.02,0,0,1,slow_down,Unknown,0.3104647308406258,observed,422,2
2,403,1.4846389999547682,202.82186399981583,18.48,53.11,0.38,121.89,0.34,6.82,201.18,0.0,0.02,1,1,0,cruise,Unknown,0.3074632060461416,observed,423,2
2,404,1.498597999670892,199.72930599988103,12.77,55.98,0.41,122.6,0.25,5.91,198.06,0.0,0.02,1,1,0,cruise,Unknown,0.30718808008485815,observed,424,2
2,405,2.8423320000001695,202.85255999988294,14.1,58.62,0.42,120.13,0.33,6.12,199.85,0.0,0.01,1,1,0,cruise,Unknown,0.25748972421108457,observed,425,2
2,406,1.3584650000666443,206.74069799997596,12.63,54.01,0.36,131.22,0.3,6.52,205.19,0.0,0.02,1,1,0,cruise,Unknown,0.26145418987006097,observed,426,2
2,407,1.501117999850976,209.42955100008476,18.15,59.39,0.42,122.51,0.34,6.79,207.76,0.0,0.01,1,1,0,cruise,Unknown,0.3095515115354017,observed,427,2
2,408,2.832938999745238,209.7071700000015,18.03,58.44,0.1,122.05,0.31,7.59,206.7,0.0,0.01,0,0,0,cruise,Unknown,0.31214034738796076,observed,428,2
2,409,4.595247999986896,199.5419419999962,11.79,61.67,0.12,115.16,0.24,5.64,194.74,0.0,0.01,0,0,0,cruise,Unknown,0.28085388491116414,observed,429,2
2,410,1.306096999996953,196.83575599992764,11.65,62.76,0.12,114.54,0.24,5.95,195.4,0.0,0.01,0,0,0,cruise,Unknown,0.284518363829223,observed,430,2
2,411,1.4228879999791388,199.83537600001,16.32,57.99,0.1,114.0,0.3,9.4,198.26,0.0,0.02,0,0,0,cruise,Unknown,0.28424323786793954,observed,431,2
2,412,2.697832999729144,216.82691699970746,17.37,62.18,0.11,126.09,0.3,6.25,213.97,0.0,0.01,0,0,0,cruise,Unknown,0.29072858658180856,observed,432,2
2,413,1.4027279999027087,179.7631299996283,15.69,57.47,0.11,100.48,0.22,4.12,178.21,0.0,0.01,0,0,0,cruise,Unknown,0.28468410236011665,observed,433,2
2,414,1.538882999739144,140.8346459998029,9.93,37.63,0.11,86.88,0.21,4.24,139.1,0.0,0.01,0,0,0,cruise,Unknown,0.28888557411827104,observed,434,2
2,415,1.7130090000136988,147.24205899983644,11.51,39.95,0.08,89.42,0.2,4.07,145.37,0.0,0.01,0,0,0,cruise,Unknown,0.2499055290373906,observed,435,2
2,416,1.0708370000429568,137.19148400014092,10.54,38.94,0.09,81.92,0.2,4.2,135.98,0.0,0.01,0,0,0,cruise,Unknown,0.24692555025192256,observed,436,2
2,417,2.2142969996821193,143.91750200002207,10.74,37.85,0.08,88.85,0.17,3.76,141.56,0.0,0.01,0,0,0,cruise,Unknown,0.3524164677804296,observed,437,2
2,418,1.5758320000713866,148.36102500021298,11.25,38.29,0.07,93.23,0.17,3.55,146.66,0.0,0.01,0,0,0,cruise,Unknown,0.3514303235216123,observed,438,2
2,419,1.486852999732946,140.75889499963523,11.79,39.51,0.08,83.77,0.15,3.71,139.12,0.0,0.03,0,0,0,cruise,Unknown,0.34066560594006895,observed,439,2
2,420,1.0407009999653383,132.68027799995252,11.53,37.21,0.13,78.47,0.18,3.88,131.51,0.0,0.01,0,0,0,cruise,Unknown,0.34076504905860516,observed,440,2
2,421,2.3370549997707712,130.0090069998987,10.75,37.13,0.28,75.01,0.17,4.08,127.53,0.0,0.01,1,1,1,slow_down,Unknown,0.3414329753381066,observed,441,2
2,422,0.9582590000718483,133.28388699983407,11.38,35.17,0.31,79.22,0.26,5.59,132.1,0.0,0.01,1,1,1,slow_down,Unknown,0.34159374171307344,observed,442,2
2,423,1.2458889996196376,136.83010799968542,16.35,37.75,0.12,77.03,0.16,3.93,135.45,0.0,0.01,0,0,1,slow_down,Unknown,0.3432627287191726,observed,443,2
2,424,2.268397000079858,126.29870699993262,9.93,35.06,0.11,74.91,0.16,3.63,123.89,0.0,0.01,0,0,1,slow_down,Unknown,0.34387430389817025,observed,444,2
2,425,1.5472179998141655,133.8981200001399,10.63,36.13,0.1,81.12,0.16,3.96,132.21,0.0,0.01,0,0,0,cruise,Unknown,0.3451173428798727,observed,445,2
2,426,1.0508609998396423,149.1533570001593,12.06,55.38,0.1,76.34,0.18,3.77,147.94,0.0,0.01,0,0,0,cruise,Unknown,0.3450759082471493,observed,446,2
2,427,1.5906929997981933,134.477195999807,11.59,34.76,0.11,82.38,0.16,3.67,132.77,0.0,0.01,0,0,0,cruise,Unknown,0.3394789180588703,observed,447,2
2,428,1.0457680000399705,138.82985199961695,10.51,39.14,0.07,83.93,0.17,3.74,137.67,0.0,0.01,0,0,0,cruise,Unknown,0.33688179527976664,observed,448,2
2,429,1.4786249998905987,136.6031379998276,11.33,36.71,0.15,82.8,0.18,3.72,135.01,0.0,0.01,0,0,0,cruise,Unknown,0.3136734287987271,observed,449,2
2,430,1.0082070002681576,138.93962500014823,11.2,42.44,0.08,79.96,0.19,3.75,137.73,0.0,0.02,0,0,0,cruise,Unknown,0.31551644126226464,observed,450,2
2,431,2.1336899999369052,134.88337099988712,11.45,36.16,0.09,80.62,0.22,3.96,132.62,0.0,0.01,0,0,0,cruise,Unknown,0.33449350304958897,observed,451,2
2,432,1.3926380001976213,145.48236000018733,11.17,40.33,0.09,87.41,0.19,4.63,143.92,0.0,0.01,0,0,0,cruise,Unknown,0.3360531026252983,observed,452,2
2,433,1.4969519997976022,149.2785349996666,12.09,37.07,0.32,93.5,0.19,4.24,147.56,0.0,0.01,1,1,0,cruise,Unknown,0.3273087377353487,observed,453,2
2,434,1.5297859999918728,129.9358830001438,12.77,35.79,0.28,75.85,0.15,3.3,128.25,0.0,0.01,1,1,0,cruise,Unknown,0.3280263855741183,observed,454,2
2,435,1.6523879999112978,130.81180599965592,11.34,36.23,0.27,76.59,0.2,4.3,129.03,0.0,0.01,1,0,0,cruise,Unknown,0.31288285600636434,observed,455,2
2,436,2.2698519996993127,126.74876099981702,10.43,34.82,0.3,74.77,0.16,3.76,124.33,0.0,0.01,1,0,0,cruise,Unknown,0.3114608194112967,observed,456,2
2,437,1.3420179998320236,135.6382889998713,10.69,34.73,0.33,84.36,0.17,3.82,134.19,0.0,0.01,1,1,0,cruise,Unknown,0.3114127552373376,observed,457,2
2,438,1.2561919998006488,133.80685699985406,10.77,36.54,0.33,80.44,0.19,4.05,132.42,0.0,0.01,1,1,0,cruise,Unknown,0.31086913285600637,observed,458,2
2,439,1.6335259997504181,135.18835300010323,11.74,35.32,0.39,81.78,0.16,3.91,133.4,0.0,0.01,1,1,0,cruise,Unknown,0.32394756032882527,observed,459,2
2,440,1.6443250001429988,136.09347100009472,10.24,35.87,0.42,83.37,0.16,4.16,134.33,0.0,0.01,1,1,0,cruise,Unknown,0.3278324714929727,observed,460,2
2,441,1.5448579997610068,148.5392029999275,11.45,38.52,0.46,92.16,0.19,3.93,146.85,0.0,0.02,2,1,0,cruise,Unknown,0.3054262795014585,observed,461,2
2,442,1.5058620001582312,142.03345899977649,11.98,36.0,0.53,87.87,0.17,3.73,140.39,0.0,0.01,2,1,0,cruise,Unknown,0.30716321930522406,observed,462,2
2,443,1.40103600006114,136.5952589999324,10.94,36.29,0.49,83.07,0.17,3.97,135.06,0.0,0.03,2,2,0,slow_down,Unknown,0.2843824582338902,observed,463,2
2,444,1.294599000175367,132.92929799990816,10.89,35.18,0.42,81.53,0.16,3.23,131.52,0.0,0.01,2,2,0,slow_down,Unknown,0.28117044550517106,observed,464,2
2,445,1.5222360002553614,130.45908499998404,10.75,34.75,0.42,79.32,0.15,3.34,128.82,0.0,0.01,1,1,0,cruise,Unknown,0.2718857730045081,observed,465,2
2,446,1.3046289996054838,133.9291679996677,10.8,35.77,0.42,81.17,0.17,4.04,132.49,0.0,0.01,1,1,0,cruise,Unknown,0.2717664412622646,observed,466,2
2,447,1.4822620000813913,136.55117100006464,10.59,37.82,0.36,82.28,0.15,3.64,134.94,0.0,0.01,1,1,0,cruise,Unknown,0.27540108724476264,observed,467,2
2,448,1.4109809999354184,146.88440100007938,10.54,34.17,0.38,93.1,0.25,6.72,145.31,0.0,0.01,1,1,0,cruise,Unknown,0.28068648899496157,observed,468,2
2,449,1.62304800005586,132.46603099969434,11.8,37.14,0.42,77.73,0.14,3.39,130.72,0.0,0.01,1,1,0,cruise,Unknown,0.283028374436489,observed,469,2
2,450,1.327313999809121,142.90107099986926,11.5,38.23,0.39,87.06,0.18,3.98,141.45,0.0,0.01,1,1,0,cruise,Unknown,0.28177539114293293,observed,470,2
2,451,1.4391980002983473,130.00597300015215,10.36,35.04,0.31,78.44,0.18,3.99,128.42,0.0,0.01,1,1,0,cruise,Unknown,0.2874685096791302,observed,471,2
2,452,1.4744540003448492,136.07987400018828,10.69,40.92,0.42,78.87,0.16,3.34,134.48,0.0,0.01,1,1,0,cruise,Unknown,0.28905959957570937,observed,472,2
2,453,1.4523959998768987,130.83288000007087,10.02,34.72,0.29,80.31,0.16,3.68,129.26,0.0,0.01,1,1,0,cruise,Unknown,0.2852741315300981,observed,473,2
2,454,1.3022820003243396,130.0065660002474,10.9,34.94,0.4,78.52,0.14,3.59,128.58,0.0,0.01,1,1,0,cruise,Unknown,0.28288915407053833,observed,474,2
2,455,1.2045440003021213,133.3575710000332,9.85,36.64,0.43,80.93,0.19,3.89,132.01,0.0,0.01,1,1,1,slow_down,Unknown,0.30474675152479447,observed,475,2
2,456,1.5619320001860615,147.0954200003689,10.53,38.95,0.35,91.51,0.18,3.76,145.39,0.0,0.01,1,1,1,slow_down,Unknown,0.3026203261734288,observed,476,2
2,457,1.2035419999847363,130.85008600000947,11.56,35.62,0.42,77.6,0.17,4.01,129.51,0.0,0.01,1,1,1,slow_down,Unknown,0.3273352559002917,observed,477,2
2,458,1.8733769998107164,132.9891690002114,10.74,36.28,0.41,79.2,0.16,4.07,130.97,0.0,0.01,1,1,1,slow_down,Unknown,0.3275573455316892,observed,478,2
2,459,1.358184999844525,131.3217239999176,10.42,36.6,0.43,78.5,0.18,3.59,129.84,0.0,0.02,1,1,0,cruise,Unknown,0.30549588968443386,observed,479,2
2,460,1.3917430001129105,126.18139100004555,10.9,35.75,0.35,73.38,0.17,4.02,124.66,0.0,0.01,1,1,0,cruise,Unknown,0.30643231238398305,observed,480,2
2,461,1.5647159998479765,128.87241199996424,11.13,35.85,0.12,75.84,0.18,3.99,127.19,0.0,0.01,0,0,0,cruise,Unknown,0.28891374966852296,observed,481,2
2,462,1.495106000220403,137.5215240000216,10.68,44.41,0.13,77.03,0.16,3.37,135.87,0.0,0.01,0,0,0,cruise,Unknown,0.28940433571996815,observed,482,2
2,463,1.3575719999607827,138.5534999999436,10.46,45.7,0.41,76.66,0.15,3.59,137.07,0.0,0.01,1,1,0,cruise,Unknown,0.2965609254839565,observed,483,2
2,464,1.3583279996964848,141.5859859998818,10.67,42.67,0.38,79.78,0.32,6.04,140.0,0.0,0.02,1,1,0,cruise,Unknown,0.2962244762662424,observed,484,2
2,465,1.698620999832201,135.7627450001928,15.23,36.59,0.44,77.38,0.17,4.0,133.92,0.0,0.01,1,1,0,cruise,Unknown,0.32518728453990986,observed,485,2
2,466,1.2694019997070427,132.62457299970265,10.83,37.13,0.33,78.48,0.17,4.2,131.24,0.0,0.01,1,1,0,cruise,Unknown,0.3235779634049324,observed,486,2
2,467,1.4537500001097214,133.8656779998928,11.13,37.39,0.37,79.18,0.15,3.93,132.28,0.0,0.01,1,1,0,cruise,Unknown,0.32102393264386103,observed,487,2
2,468,1.427308000074845,130.35904000025766,11.31,36.05,0.35,77.0,0.2,3.77,128.77,0.0,0.01,1,1,0,cruise,Unknown,0.32205648369132855,observed,488,2
2,469,1.6959800000222458,129.37575700016168,11.14,35.35,0.41,76.69,0.15,3.72,127.56,0.0,0.01,1,1,0,cruise,Unknown,0.31375464067886505,observed,489,2
2,470,1.3647900000250957,160.32228499989287,10.49,39.41,0.32,101.99,0.3,6.14,158.78,0.0,0.01,1,1,0,cruise,Unknown,0.3150507159904535,observed,490,2
2,471,1.5588349997415207,152.69833299998936,13.88,38.68,0.35,93.34,0.19,4.42,150.98,0.0,0.01,1,1,0,cruise,Unknown,0.3137844736144259,observed,491,2
2,472,3.0533859999195556,139.4696259999364,9.92,36.84,0.34,84.66,0.2,4.2,136.26,0.0,0.01,1,1,0,cruise,Unknown,0.31484685759745423,observed,492,2
2,473,1.6284319999613217,139.1713489997528,11.52,35.26,0.43,86.01,0.21,3.83,137.37,0.0,0.01,2,1,0,cruise,Unknown,0.3271214531954389,observed,493,2
2,474,1.3586309996753698,137.16890799969406,10.18,35.57,0.49,85.4,0.21,3.69,135.65,0.0,0.01,2,1,0,cruise,Unknown,0.3268015778308141,observed,494,2
2,475,1.2458279998099897,133.40855899969029,10.38,36.27,0.5,80.57,0.15,4.03,132.02,0.0,0.01,2,2,1,slow_down,Unknown,0.31854448422169185,observed,495,2
2,476,1.5073459999257466,133.79200500003208,10.07,35.09,0.7,82.08,0.24,3.87,132.16,0.0,0.01,2,2,1,slow_down,Unknown,0.31651750198886236,observed,496,2
2,477,1.4210419999471924,136.43814900024154,11.51,36.47,0.41,82.22,0.18,3.99,134.87,0.0,0.01,2,2,1,slow_down,Unknown,0.32199184566428,observed,497,2
2,478,1.468901999942318,128.36457899993547,11.4,34.8,0.43,76.24,0.16,3.63,126.76,0.0,0.01,2,2,1,slow_down,Unknown,0.32030462741978255,observed,498,2
2,479,1.6911419997995836,136.34499999989202,10.4,41.6,0.38,78.14,0.19,3.67,134.51,0.0,0.01,2,2,1,slow_down,Unknown,0.30049555820737206,observed,499,2
2,480,1.2506019997999829,129.50172699993345,11.01,36.11,0.39,76.28,0.25,3.96,128.09,0.0,0.01,2,2,0,cruise,Unknown,0.2958051577830814,observed,500,2
2,481,1.554910999857384,140.44832199988377,11.07,36.21,0.38,86.85,0.2,3.95,138.75,0.0,0.01,1,1,0,cruise,Unknown,0.30298992309732165,observed,501,2
2,482,1.3885950002077152,127.5613620000513,11.2,36.1,0.33,74.33,0.17,3.78,126.02,0.0,0.01,1,1,0,cruise,Unknown,0.2995110713338637,observed,502,2
2,483,1.503876999777276,127.71684499966796,11.13,35.73,0.43,74.54,0.17,3.98,126.08,0.0,0.01,2,2,0,cruise,Unknown,0.33411727658446033,observed,503,2
2,484,1.506401999904483,126.53239700011909,10.11,34.77,0.43,75.51,0.19,3.78,124.88,0.0,0.01,2,2,0,cruise,Unknown,0.33227592150623175,observed,504,2
2,485,1.2449390001165739,126.48226600003909,10.24,34.81,0.47,75.17,0.18,4.12,125.09,0.0,0.01,2,2,1,slow_down,Unknown,0.32119795810129936,observed,505,2
2,486,1.4478420002888015,135.76375599996027,12.47,37.41,0.57,78.97,0.18,4.44,134.17,0.0,0.01,2,2,1,slow_down,Unknown,0.3217034606205251,observed,506,2
2,487,1.63866799994139,235.74515799964502,18.65,69.94,0.62,137.96,0.32,6.31,233.94,0.0,0.02,2,2,2,slow_down,Unknown,0.3237354150092814,observed,507,2
2,488,2.8174549997856957,204.88744199974462,16.09,61.67,0.64,116.46,0.25,6.63,201.88,0.0,0.01,2,2,1,slow_down,Unknown,0.32331941129673825,observed,508,2
2,489,4.19601200019315,195.01023900011205,12.23,52.83,0.56,117.43,0.29,7.15,190.65,0.0,0.01,2,2,1,slow_down,Unknown,0.3244215725271811,observed,509,2
2,490,0.92368700006773,197.02013400001306,17.51,53.48,0.52,117.2,0.23,6.86,195.94,0.0,0.01,2,2,1,slow_down,Unknown,0.324216056748873,observed,510,2
2,491,1.0521829999561305,193.1807440000739,16.49,55.02,0.52,112.82,0.22,6.78,191.99,0.0,0.01,2,2,1,slow_down,Unknown,0.32581046141607,observed,511,2
2,492,2.9982440000821953,210.21711999992476,14.52,56.95,0.52,127.67,0.27,6.93,207.04,0.0,0.02,2,2,1,slow_down,Unknown,0.32556351100503844,observed,512,2
2,493,3.273210999850562,204.62250599985055,14.3,56.25,0.72,122.96,0.3,6.48,201.16,0.0,0.02,2,2,1,slow_down,Unknown,0.30230542296473084,observed,513,2
2,494,3.537869999945542,190.05404500012446,14.29,52.66,0.52,112.4,0.24,6.1,186.35,0.0,0.02,2,2,1,slow_down,Unknown,0.3026269557146645,observed,514,2
2,495,3.525222999996913,188.79724099997475,14.13,52.7,0.54,111.46,0.24,5.89,185.09,0.0,0.01,2,2,1,slow_down,Unknown,0.3219089763988332,observed,515,2
2,496,3.740607000054297,203.73660599989307,13.19,53.73,0.52,124.89,0.35,7.0,199.82,0.0,0.01,2,2,1,slow_down,Unknown,0.32353155661628213,observed,516,2
2,497,3.0804900002294744,213.43492899995908,19.52,59.48,0.56,123.35,0.3,6.81,210.18,0.0,0.02,2,2,1,slow_down,Unknown,0.3209808406258287,observed,517,2
2,498,1.2531049997051014,196.88050300010218,16.02,57.0,0.46,114.83,0.24,6.77,195.48,0.0,0.04,2,2,1,slow_down,Unknown,0.32061953062848053,observed,518,2
2,499,3.592723000110709,201.96103799980847,14.93,55.02,0.5,120.38,0.33,6.9,198.19,0.0,0.01,2,2,0,cruise,Unknown,0.31775225404402013,observed,519,2
2,500,2.9464399999596935,214.6602789998724,18.27,55.85,0.71,129.62,0.31,6.59,211.51,0.0,0.02,2,2,0,cruise,Unknown,0.3176992177141342,observed,520,2
2,501,2.390263000052073,190.54414499987615,15.0,65.36,1.33,101.54,0.24,4.41,187.99,0.0,0.01,2,2,0,cruise,Unknown,0.32261667992574916,observed,521,2
2,502,1.49498400014636,133.5201369997776,11.65,36.97,0.41,78.65,0.2,3.89,131.87,0.0,0.01,2,2,0,cruise,Unknown,0.3206924555820737,observed,522,2
2,503,1.4874449998387718,147.41822199994203,11.67,36.65,0.45,92.47,0.19,4.24,145.78,0.0,0.01,2,2,0,cruise,Unknown,0.3251988862370724,observed,523,2
2,504,1.4207220001480891,130.65857299989148,11.73,36.74,0.41,75.98,0.16,3.98,129.09,0.0,0.01,2,2,0,cruise,Unknown,0.3247961416070008,observed,524,2
2,505,1.3488839999808988,128.18889299978764,10.75,36.35,0.47,75.02,0.18,3.85,126.71,0.0,0.01,2,2,0,cruise,Unknown,0.3161727658446036,observed,525,2
2,506,1.4748610001333873,137.59700899981908,11.72,37.01,0.4,81.87,0.22,4.66,135.99,0.0,0.01,2,2,0,cruise,Unknown,0.31771413418191463,observed,526,2
2,507,1.6450970001642418,145.31086600027265,13.31,41.18,0.65,83.52,0.24,4.5,143.5,0.0,0.01,2,2,0,cruise,Unknown,0.3146330548926014,observed,527,2
2,508,1.5184990002126142,134.58342500007348,11.97,37.83,0.45,78.12,0.2,4.25,132.92,0.0,0.01,2,2,0,cruise,Unknown,0.31313146380270485,observed,528,2
2,509,1.4072039998609398,134.57014100004017,11.51,37.1,0.44,79.35,0.2,4.3,133.01,0.0,0.01,2,2,0,cruise,Unknown,0.30924986740917526,observed,529,2
2,510,1.3846110000486078,136.22467999994115,11.72,37.88,0.43,79.94,0.2,4.39,134.67,0.0,0.01,2,2,0,cruise,Unknown,0.3101017634579687,observed,530,2
2,511,1.6920569996727863,152.122887999667,12.04,55.68,0.4,77.97,0.17,3.9,150.24,0.0,0.01,2,2,0,cruise,Unknown,0.3100072924953593,observed,531,2
2,512,1.6171399997801927,133.01466899974912,11.2,37.41,0.45,78.09,0.2,3.76,131.27,0.0,0.03,2,2,0,cruise,Unknown,0.3097354813046937,observed,532,2
2,513,1.4712570000483538,130.53243400008796,11.06,37.03,0.44,76.23,0.23,3.81,128.92,0.0,0.01,2,2,0,cruise,Unknown,0.3139767303102625,observed,533,2
2,514,1.3359370000216586,135.6118650001008,11.89,37.23,0.4,80.27,0.2,4.04,134.13,0.0,0.01,2,2,0,cruise,Unknown,0.3129375497215593,observed,534,2
2,515,1.5748639998491853,140.5564729998332,12.01,37.39,0.43,84.13,0.22,4.52,138.81,0.0,0.02,2,2,0,cruise,Unknown,0.31221161495624505,observed,535,2
2,516,1.3788410001325246,140.47567600027833,11.48,37.18,0.47,85.16,0.22,4.27,138.94,0.0,0.02,2,2,0,cruise,Unknown,0.31543854415274464,observed,536,2
2,517,1.7823660000431119,138.75364400018952,11.8,37.85,0.45,82.65,0.15,3.79,136.81,0.0,0.01,2,2,0,cruise,Unknown,0.32119795810129936,observed,537,2
2,518,1.5155239998421166,147.87133599975277,10.44,35.09,0.47,96.24,0.18,3.66,146.21,0.0,0.01,2,2,1,slow_down,Unknown,0.3225735879077168,observed,538,2
2,519,1.4868849998492806,129.8017549997894,11.62,35.67,0.48,76.53,0.17,3.58,128.15,0.0,0.01,2,2,1,slow_down,Unknown,0.323927671705118,observed,539,2
2,520,0.9669569999459782,132.29428200020266,11.21,35.97,0.5,79.41,0.16,3.81,131.2,0.0,0.02,2,2,1,slow_down,Unknown,0.32265479978785466,observed,540,2
2,521,1.0290309996889846,130.61652999977014,11.02,36.38,0.45,77.31,0.28,3.92,129.46,0.0,0.01,2,2,1,slow_down,Unknown,0.3252038583929992,observed,541,2
2,522,1.00991499994052,132.56318300000203,12.11,35.88,0.37,78.7,0.19,4.08,131.43,0.0,0.01,2,2,1,slow_down,Unknown,0.32573587907716783,observed,542,2
2,523,1.2544820001494372,131.7883769997934,13.74,35.59,0.49,76.32,0.18,3.97,130.4,0.0,0.01,2,2,1,slow_down,Unknown,0.3195455449482896,observed,543,2
2,524,2.2759660000701842,130.34849199993914,10.73,36.01,0.46,76.87,0.27,3.46,127.91,0.0,0.01,2,2,1,slow_down,Unknown,0.320239989392734,observed,544,2
2,525,1.3186010000936221,127.95080600017172,10.66,36.69,0.43,74.55,0.21,3.86,126.52,0.0,0.01,2,2,0,cruise,Unknown,0.3110597321665341,observed,545,2
2,526,1.328484000168828,138.1911520002177,11.12,35.69,0.39,85.19,0.19,4.03,136.72,0.0,0.02,2,2,0,cruise,Unknown,0.3108210686820472,observed,546,2
2,527,1.5504069997405168,129.1871789999277,11.29,35.67,0.43,76.03,0.25,3.72,127.49,0.0,0.01,2,2,0,cruise,Unknown,0.30540639087775123,observed,547,2
2,528,1.3463209998008097,125.42121399974349,10.35,35.64,0.37,74.09,0.14,3.28,123.96,0.0,0.01,2,2,0,cruise,Unknown,0.30452631927870594,observed,548,2
2,529,1.4446899999711604,129.10933000011937,10.15,36.56,0.39,76.21,0.19,3.93,127.54,0.0,0.01,2,2,0,cruise,Unknown,0.3204438477857332,observed,549,2
2,530,1.4307219998954679,130.90772999976252,11.74,35.67,0.43,77.68,0.17,3.56,129.34,0.0,0.01,2,2,0,cruise,Unknown,0.3179627419782551,observed,550,2
2,531,1.4510770001834317,127.75523200025418,10.87,34.99,0.42,75.6,0.18,4.02,126.18,0.0,0.01,2,2,1,slow_down,Unknown,0.3108575311588438,observed,551,2
2,532,1.3133510001352988,127.9083479998917,10.42,36.07,0.42,75.3,0.17,3.99,126.46,0.0,0.01,2,2,0,cruise,Unknown,0.312291169451074,observed,552,2
2,533,1.2812850000045728,130.17333100015094,10.39,34.64,0.44,79.25,0.17,3.78,128.78,0.0,0.01,2,2,0,cruise,Unknown,0.3124569079819676,observed,553,2
2,534,1.3667839998561249,135.48677900007533,11.17,34.84,0.43,83.74,0.17,3.52,133.99,0.0,0.01,2,2,0,cruise,Unknown,0.3094487536462477,observed,554,2
2,535,1.6961970000011206,127.09121199986839,10.56,34.16,0.53,75.46,0.22,4.22,125.24,0.0,0.01,2,2,0,cruise,Unknown,0.28450013259082474,observed,555,2
2,536,1.3137900000401714,125.54240999998001,10.39,35.25,0.42,74.0,0.18,3.75,124.1,0.0,0.01,2,2,0,cruise,Unknown,0.2862503314770618,observed,556,2
2,537,1.5699390000918356,127.69381199996133,10.15,36.09,0.46,75.3,0.18,3.73,126.0,0.0,0.01,2,2,0,cruise,Unknown,0.3008320074250862,observed,557,2
2,538,1.4686509998682595,129.88099699987288,11.79,36.21,0.47,76.0,0.17,3.54,128.27,0.0,0.01,2,2,0,cruise,Unknown,0.3040672235481305,observed,558,2
2,539,1.5237759998854017,127.57543499992607,11.2,35.18,0.36,75.29,0.17,3.6,125.9,0.0,0.01,2,2,0,cruise,Unknown,0.31537224874038716,observed,559,2
2,540,1.2814049996450194,128.70602299972234,11.13,35.61,0.56,76.02,0.24,3.62,127.29,0.0,0.01,2,2,0,cruise,Unknown,0.31384082471492974,observed,560,2
2,541,1.4450179996856605,134.01788400005898,11.6,37.35,0.45,79.14,0.18,3.6,132.42,0.0,0.01,2,2,0,cruise,Unknown,0.3028009811721029,observed,561,2
2,542,1.4572420000149577,140.63149699995847,11.04,35.63,0.48,87.85,0.17,3.76,139.04,0.0,0.01,2,2,0,cruise,Unknown,0.29826968973747015,observed,562,2
2,543,1.6642959999444429,126.78691100018114,10.91,35.35,0.41,74.49,0.16,3.57,124.99,0.0,0.02,2,2,0,cruise,Unknown,0.29005071599045346,observed,563,2
2,544,1.3387000003604044,125.11522200020408,10.29,34.94,0.31,74.25,0.14,3.63,123.65,0.0,0.01,2,2,0,cruise,Unknown,0.29226664014850173,observed,564,2
2,545,1.306498999838368,128.65757100007613,10.68,35.63,0.5,76.22,0.19,3.9,127.22,0.0,0.01,3,2,0,cruise,Unknown,0.2838603818615752,observed,565,2
2,546,1.4776980001443007,131.59011300012935,11.12,38.32,0.48,75.97,0.15,3.83,129.97,0.0,0.01,2,2,0,cruise,Unknown,0.2826836382922302,observed,566,2
2,547,1.656274999731977,150.75049600000057,11.64,55.05,0.48,77.56,0.2,3.89,148.95,0.0,0.01,3,2,0,cruise,Unknown,0.284127220896314,observed,567,2
2,548,1.310041000124329,129.07715800020014,10.32,35.9,0.45,75.38,0.26,5.2,127.61,0.0,0.01,2,2,0,cruise,Unknown,0.2839548528241846,observed,568,2
2,549,1.4936969996597327,129.79067099968233,12.25,35.61,0.5,75.78,0.16,3.78,128.17,0.0,0.01,2,2,0,cruise,Unknown,0.2929627419782551,observed,569,2
2,550,1.2942980001753313,142.12595300023168,10.9,49.14,0.52,76.2,0.16,3.7,140.71,0.0,0.01,2,2,0,cruise,Unknown,0.29565267833465925,observed,570,2
2,551,1.5344980001827935,127.76981900015016,11.4,35.99,0.53,74.21,0.15,3.75,126.11,0.0,0.01,2,2,0,cruise,Unknown,0.30412523203394326,observed,571,2
2,552,1.3332479998098279,127.16415799968672,9.96,35.04,0.46,75.44,0.25,4.42,125.68,0.0,0.01,2,2,0,cruise,Unknown,0.30430257226199947,observed,572,2
2,553,1.310445999934018,134.0245890000915,14.0,36.47,0.56,77.04,0.19,4.19,132.57,0.0,0.01,2,2,0,cruise,Unknown,0.3136651418721824,observed,573,2
2,554,1.2977609999325068,128.59802000002674,10.42,36.12,0.43,75.69,0.23,4.16,127.16,0.0,0.02,2,2,0,cruise,Unknown,0.30960952002121456,observed,574,2
2,555,1.5967539998200664,136.4144170001964,12.16,37.06,0.47,80.42,0.22,4.2,134.65,0.0,0.01,2,2,0,cruise,Unknown,0.3098150357995227,observed,575,2
2,556,1.4657250003438094,130.98471700004666,11.31,37.17,0.57,76.28,0.16,3.8,129.38,0.0,0.01,2,2,0,cruise,Unknown,0.31342647838769555,observed,576,2
2,557,1.291930999741453,126.33394699969358,10.39,35.46,0.62,74.51,0.2,3.57,124.85,0.0,0.01,2,2,0,cruise,Unknown,0.3091868867674357,observed,577,2
2,558,1.3523170000553364,146.70850800030166,14.92,47.59,0.69,77.32,0.21,4.38,145.23,0.0,0.01,2,2,0,cruise,Unknown,0.30987304428533546,observed,578,2
2,559,1.5070340000420401,130.00846999966598,11.29,36.24,0.51,76.2,0.17,3.84,128.35,0.0,0.01,2,2,0,cruise,Unknown,0.31728487138690004,observed,579,2
2,560,1.4152409999041993,127.8911520003021,10.35,36.25,0.47,75.11,0.16,3.92,126.35,0.0,0.01,2,2,0,cruise,Unknown,0.31280993105277116,observed,580,2
2,561,1.5020480000202951,128.36788100003105,10.59,36.18,0.49,75.3,0.2,3.85,126.7,0.0,0.01,2,2,0,cruise,Unknown,0.2963603818615752,observed,581,2
2,562,1.4115509998191555,128.43704099987008,11.51,35.13,0.58,75.56,0.16,3.77,126.89,0.0,0.08,2,2,0,cruise,Unknown,0.2970564836913286,observed,582,2
2,563,1.487063000240596,127.73449399992387,10.79,34.91,0.46,75.49,0.22,4.16,126.11,0.0,0.01,2,2,0,cruise,Unknown,0.2831957703526916,observed,583,2
2,564,1.4863510000395763,138.32418600031815,11.67,42.0,0.67,77.69,0.18,4.34,136.68,0.0,0.01,2,2,0,cruise,Unknown,0.2878430787589499,observed,584,2
2,565,1.438108000002103,139.09821000015654,11.13,36.82,0.5,81.9,0.32,6.68,137.48,0.0,0.01,2,2,0,cruise,Unknown,0.25984486873508356,observed,585,2
2,566,1.3942979999228555,131.76346399995964,15.29,36.2,0.54,73.91,0.2,4.0,130.23,0.0,0.01,2,2,0,cruise,Unknown,0.26321267568284273,observed,586,2
2,567,1.567253000303026,130.20107400006964,10.44,36.16,0.44,77.41,0.22,3.75,128.51,0.0,0.01,2,2,0,cruise,Unknown,0.2644905197560329,observed,587,2
2,568,1.3362909999159456,129.63827500016123,10.87,35.52,0.67,76.45,0.3,4.26,128.17,0.0,0.01,2,2,0,cruise,Unknown,0.2663931980906921,observed,588,2
2,569,1.5588609999213077,127.15167199985444,10.78,35.2,0.41,75.01,0.19,3.74,125.44,0.0,0.01,2,2,0,cruise,Unknown,0.2839101034208433,observed,589,2
2,570,1.6023920002226077,128.47366899995905,11.05,36.3,0.46,74.87,0.2,3.72,126.72,0.0,0.01,2,2,0,cruise,Unknown,0.2841918589233625,observed,590,2
2,571,1.5095069998096733,130.1183810001021,11.02,35.22,0.5,77.8,0.16,3.69,128.48,0.0,0.01,2,2,0,cruise,Unknown,0.2868917395916203,observed,591,2
2,572,1.3985880000291218,125.21684700004698,10.34,34.54,0.57,74.46,0.18,3.49,123.69,0.0,0.01,2,2,0,cruise,Unknown,0.2821632193052241,observed,592,2
2,573,1.322791999882611,137.75659900011306,10.38,35.92,0.43,82.54,0.26,6.62,136.28,0.0,0.01,2,2,0,cruise,Unknown,0.2718211349774596,observed,593,2
2,574,1.3225400002738752,130.81977100000586,14.48,35.9,0.47,74.4,0.16,3.86,129.37,0.0,0.01,2,2,0,cruise,Unknown,0.27419616812516573,observed,594,2
2,575,1.4884319998600404,127.16910100016321,10.4,36.24,0.41,74.79,0.15,3.47,125.55,0.0,0.01,2,2,0,cruise,Unknown,0.23081410766374966,observed,595,2
2,576,1.4611110000259941,128.46553999997923,10.27,35.34,0.44,76.74,0.2,3.77,126.87,0.0,0.01,2,2,0,cruise,Unknown,0.23696797931583136,observed,596,2
2,577,1.3575399998444482,208.29989200001364,15.98,61.33,0.62,121.96,0.38,6.31,206.75,0.0,0.01,2,2,0,cruise,Unknown,0.24931881463802705,observed,597,2
2,578,3.2509229999959643,206.87423100025626,14.19,59.21,0.52,123.12,0.24,6.0,203.43,0.0,0.01,2,2,0,cruise,Unknown,0.2501856271546009,observed,598,2
2,579,4.446329999609588,203.10470599997643,14.01,57.96,0.54,119.49,0.25,6.08,198.49,0.0,0.02,2,2,0,cruise,Unknown,0.263860713338637,observed,599,2
2,580,1.0682960000849562,206.0375969999768,19.04,56.97,0.47,121.63,0.23,6.35,204.82,0.0,0.01,2,2,0,cruise,Unknown,0.2638723150357995,observed,600,2
2,581,2.060001000245393,210.31011700006275,15.48,60.31,0.67,124.98,0.25,6.25,208.1,0.0,0.01,2,2,0,cruise,Unknown,0.27780429594272077,observed,601,2
2,582,3.802473000177997,199.19135200007076,16.13,53.58,0.54,118.35,0.26,6.24,195.23,0.0,0.01,2,2,0,cruise,Unknown,0.27769988066825774,observed,602,2
2,583,1.5987759998097317,185.08028799988097,12.66,55.06,0.48,108.92,0.24,5.83,183.32,0.0,0.01,2,2,1,slow_down,Unknown,0.26265910898965794,observed,603,2
2,584,1.4872629999445053,189.26787700002023,12.34,55.57,0.53,112.31,0.27,6.44,187.6,0.0,0.02,2,2,1,slow_down,Unknown,0.27339565102094937,observed,604,2
2,585,1.5397269999084529,203.06532299991886,12.76,53.36,0.58,127.94,0.25,6.33,201.37,0.0,0.01,2,2,1,slow_down,Unknown,0.27737006099177935,observed,605,2
2,586,1.5688290000070992,208.53383299981942,14.02,58.8,0.59,125.14,0.36,6.23,206.74,0.0,0.01,2,2,1,slow_down,Unknown,0.2783711217183771,observed,606,2
2,587,4.723771000044508,218.26701400004822,17.14,58.45,1.0,129.33,0.27,7.01,213.37,0.0,0.02,2,2,1,slow_down,Unknown,0.26398998939273405,observed,607,2
2,588,3.6934260001544317,199.19111800027167,13.46,53.36,0.43,121.27,0.26,6.36,195.29,0.0,0.01,2,2,1,slow_down,Unknown,0.2667047865287722,observed,608,2
2,589,1.3305389998095052,203.97924500002773,16.63,54.07,0.56,123.97,0.36,6.74,202.48,0.0,0.01,2,2,1,slow_down,Unknown,0.27922136038186157,observed,609,2
2,590,1.7425500000172178,222.85695400023542,16.41,60.47,1.08,135.83,0.31,6.65,220.91,0.0,0.02,2,2,1,slow_down,Unknown,0.27909871386900026,observed,610,2
2,591,1.510606000010739,196.9084180000209,18.5,54.79,0.73,116.65,0.2,4.24,195.25,0.0,0.01,3,2,1,slow_down,Unknown,0.3183290241315301,observed,611,2
2,592,1.3462540000546142,134.8520209999151,10.84,35.59,0.6,82.2,0.21,3.83,133.37,0.0,0.01,3,2,1,slow_down,Unknown,0.3125596658711217,observed,612,2
2,593,1.0237940000479284,138.9026560000275,10.67,36.23,0.53,86.08,0.17,3.91,137.74,0.0,0.01,2,2,1,slow_down,Unknown,0.29122248740387163,observed,613,2
